نمبر شمار,کتاب کا نام,درجہ / شعبہ,مضمون,قسم,مصنف / شارح,PDF لنک
1,فتح المنعم شرح مقدمہ مسلم,درجہ ثامنہ,حدیث,اردو شرح مقدمہ,مولانا مفتی عبد الرؤف سکھرویؒ,https://archive.org/download/DarsENizamiDoraeHadees8thYear01/FATHUL_MUNIM_SHARH_MUQADDIMA_E_MUSLIM.pdf
2,فیض المنعم اردو شرح مقدمہ صحیح مسلم,درجہ ثامنہ,حدیث,اردو شرح مقدمہ,مولانا مفتی عبد الرؤف سکھرویؒ,https://archive.org/download/DarsENizamiDoraeHadees8thYear01/FAIZ_UL_MUNIM_URDU_SHARHA_MUQADDIMAH_E_MUSLIM.pdf
3,نعمۃ المنعم فی شرح صحیح مسلم (جلد اول),درجہ ثامنہ,حدیث,اردو درسی شرح,مولانا نعمت اللہ اعظمیؒ,https://archive.org/download/DarsENizamiDoraeHadees8thYear01/NIMAT_UL_MUNIM_VOL_01.pdf
4,نعمۃ المنعم فی شرح صحیح مسلم (جلد دوم),درجہ ثامنہ,حدیث,اردو درسی شرح,مولانا نعمت اللہ اعظمیؒ,https://archive.org/download/DarsENizamiDoraeHadees8thYear01/NIMAT_UL_MUNIM_VOL_02.pdf
5,روضۃ المسلم اردو شرح مقدمہ صحیح مسلم,درجہ ثامنہ,حدیث,اردو شرح مقدمہ,مولانا عاشق الٰہی بلند شہریؒ,https://archive.org/download/DarsENizamiDoraEHadees8thYear/RAOZA-TUL-MUSLIM-URDU-SHARH-MUQADDEMA-MUSLIM.pdf
6,درسِ مسلم اردو شرح صحیح مسلم (جلد اول),درجہ ثامنہ,حدیث,اردو دروس و افادات,مولانا مفتی محمد تقی عثمانی مدظلہم,https://archive.org/download/besturdubooks5/Dars-e-Muslim-01.pdf
7,درسِ مسلم اردو شرح صحیح مسلم (جلد دوم),درجہ ثامنہ,حدیث,اردو دروس و افادات,مولانا مفتی محمد تقی عثمانی مدظلہم,https://archive.org/download/besturdubooks5/Dars-e-Muslim-02.pdf
8,تفہیم المسلم اردو شرح صحیح مسلم (جلد اول),درجہ ثامنہ,حدیث,اردو شرح,مولانا غلام رسول رضویؒ,https://archive.org/download/DarsENizamiDoraEHadees8thYear/TafheemUlMuslimUrduSharhAlSahihUlMuslimVol1.pdf
9,تفہیم المسلم اردو شرح صحیح مسلم (جلد دوم),درجہ ثامنہ,حدیث,اردو شرح,مولانا غلام رسول رضویؒ,https://archive.org/download/DarsENizamiDoraEHadees8thYear/TafheemUlMuslimUrduSharhAlSahihUlMuslimVol2.pdf
10,تفہیم المسلم اردو شرح صحیح مسلم (جلد سوم),درجہ ثامنہ,حدیث,اردو شرح,مولانا غلام رسول رضویؒ,https://archive.org/download/DarsENizamiDoraEHadees8thYear/TafheemUlMuslimUrduSharhAlSahihUlMuslimVol3.pdf
11,نفع المسلم فی شرح صحیح مسلم,درجہ ثامنہ,حدیث,اردو شرح,مولانا مفتی عبد الرؤف سکھرویؒ,https://archive.org/download/DarsENizamiDoraEHadees8thYear/NafUlMuslimUrduSharhAlSahihUlMuslim.pdf
12,مغنی المحتاج شرح مقدمہ صحیح مسلم,درجہ ثامنہ,حدیث,اردو شرح مقدمہ,مولانا مفتی کفایت اللہ دہلویؒ,https://archive.org/download/maulanakaa/MUGHNI_AL_MUHTAJ_SHARH_MUQADDIMA_E_MUSLIM.pdf
13,ایضاح المسلم اردو شرح صحیح مسلم (جلد اول),درجہ ثامنہ,حدیث,اردو شرح,مولانا عاشق الٰہی بلند شہریؒ,https://archive.org/download/DarsENizamiDoraEHadees8thYear03/IZAH_UL_MUSLIM_SHARH_SAHIH_MUSLIM_VOL_01.pdf
14,ایضاح المسلم اردو شرح صحیح مسلم (جلد دوم),درجہ ثامنہ,حدیث,اردو شرح,مولانا عاشق الٰہی بلند شہریؒ,https://archive.org/download/DarsENizamiDoraEHadees8thYear03/IZAH_UL_MUSLIM_SHARH_SAHIH_MUSLIM_VOL_02.pdf
15,مصباح الملہم فی شرح صحیح مسلم,درجہ ثامنہ,حدیث,اردو شرح,مولانا مفتی عبد الرؤف سکھرویؒ,https://archive.org/download/dec_22/MISBAH_UL_MULHIM_SHARH_E_MUSLIM.pdf
16,صحیح مسلم شریف مع اردو ترجمہ و تشریح (جلد اول),درجہ ثامنہ,حدیث,اردو ترجمہ و تشریح,امام مسلم بن الحجاج القشیری النیسابوریؒ,https://archive.org/download/DarsENizamiDoraEHadees8thYear/SAHI-MUSLIM-SHAREEF-URDU-VOL-01.pdf
17,صحیح مسلم شریف مع اردو ترجمہ و تشریح (جلد دوم),درجہ ثامنہ,حدیث,اردو ترجمہ و تشریح,امام مسلم بن الحجاج القشیری النیسابوریؒ,https://archive.org/download/DarsENizamiDoraEHadees8thYear/SAHI-MUSLIM-SHAREEF-URDU-VOL-02.pdf
18,صحیح مسلم شریف مع اردو ترجمہ و تشریح (جلد سوم),درجہ ثامنہ,حدیث,اردو ترجمہ و تشریح,امام مسلم بن الحجاج القشیری النیسابوریؒ,https://archive.org/download/DarsENizamiDoraEHadees8thYear/SAHI-MUSLIM-SHAREEF-URDU-VOL-03.pdf
19,مسلم شریف آسان درسی شرح (جلد اول),درجہ ثامنہ,حدیث,آسان اردو شرح,مولانا مفتی عبد الرؤف سکھرویؒ,https://archive.org/download/DarsENizamiDoraeHadees8thYear01/MUSLIM_SHARIF_ASAN_SHARH_01.pdf
20,مسلم شریف آسان درسی شرح (جلد دوم),درجہ ثامنہ,حدیث,آسان اردو شرح,مولانا مفتی عبد الرؤف سکھرویؒ,https://archive.org/download/DarsENizamiDoraeHadees8thYear01/MUSLIM_SHARIF_ASAN_SHARH_02.pdf
21,بذل المجہود فی حل ابی داود (جلد اول),درجہ ثامنہ,حدیث,عربی شرح,علامہ خلیل احمد سہارنپوریؒ,https://archive.org/download/BazlulMajhood/Bazlul_Majhood_Vol_01.pdf
22,بذل المجہود فی حل ابی داود (جلد دوم),درجہ ثامنہ,حدیث,عربی شرح,علامہ خلیل احمد سہارنپوریؒ,https://archive.org/download/BazlulMajhood/Bazlul_Majhood_Vol_02.pdf
23,بذل المجہود فی حل ابی داود (جلد سوم),درجہ ثامنہ,حدیث,عربی شرح,علامہ خلیل احمد سہارنپوریؒ,https://archive.org/download/BazlulMajhood/Bazlul_Majhood_Vol_03.pdf
24,بذل المجہود فی حل ابی داود (جلد چہارم),درجہ ثامنہ,حدیث,عربی شرح,علامہ خلیل احمد سہارنپوریؒ,https://archive.org/download/BazlulMajhood/Bazlul_Majhood_Vol_04.pdf
25,بذل المجہود فی حل ابی داود (جلد پنجم),درجہ ثامنہ,حدیث,عربی شرح,علامہ خلیل احمد سہارنپوریؒ,https://archive.org/download/BazlulMajhood/Bazlul_Majhood_Vol_05.pdf
26,بذل المجہود فی حل ابی داود (جلد ششم),درجہ ثامنہ,حدیث,عربی شرح,علامہ خلیل احمد سہارنپوریؒ,https://archive.org/download/BazlulMajhood/Bazlul_Majhood_Vol_06.pdf
27,بذل المجہود فی حل ابی داود (جلد ہفتم),درجہ ثامنہ,حدیث,عربی شرح,علامہ خلیل احمد سہارنپوریؒ,https://archive.org/download/BazlulMajhood/Bazlul_Majhood_Vol_07.pdf
28,بذل المجہود فی حل ابی داود (جلد ہشتم),درجہ ثامنہ,حدیث,عربی شرح,علامہ خلیل احمد سہارنپوریؒ,https://archive.org/download/BazlulMajhood/Bazlul_Majhood_Vol_08.pdf
29,بذل المجہود فی حل ابی داود (جلد نہم),درجہ ثامنہ,حدیث,عربی شرح,علامہ خلیل احمد سہارنپوریؒ,https://archive.org/download/BazlulMajhood/Bazlul_Majhood_Vol_09.pdf
30,بذل المجہود فی حل ابی داود (جلد دہم),درجہ ثامنہ,حدیث,عربی شرح,علامہ خلیل احمد سہارنپوریؒ,https://archive.org/download/BazlulMajhood/Bazlul_Majhood_Vol_10.pdf
31,بذل المجہود فی حل ابی داود (جلد یازدہم),درجہ ثامنہ,حدیث,عربی شرح,علامہ خلیل احمد سہارنپوریؒ,https://archive.org/download/BazlulMajhood/Bazlul_Majhood_Vol_11.pdf
32,بذل المجہود فی حل ابی داود (جلد دوازدہم),درجہ ثامنہ,حدیث,عربی شرح,علامہ خلیل احمد سہارنپوریؒ,https://archive.org/download/BazlulMajhood/Bazlul_Majhood_Vol_12.pdf
33,بذل المجہود فی حل ابی داود (جلد سیزدہم),درجہ ثامنہ,حدیث,عربی شرح,علامہ خلیل احمد سہارنپوریؒ,https://archive.org/download/BazlulMajhood/Bazlul_Majhood_Vol_13.pdf
34,بذل المجہود فی حل ابی داود (جلد چہاردہم),درجہ ثامنہ,حدیث,عربی شرح,علامہ خلیل احمد سہارنپوریؒ,https://archive.org/download/BazlulMajhood/Bazlul_Majhood_Vol_14.pdf
35,شرح سنن ابی داود للعینی (مقدمہ و تمھید),درجہ ثامنہ,حدیث,عربی شرح,امام بدر الدین محمود بن احمد العینیؒ,https://archive.org/download/sharh_sunn_abu_dawood_aine/shsudaai0.pdf
36,شرح سنن ابی داود للعینی (جلد اول),درجہ ثامنہ,حدیث,عربی شرح,امام بدر الدین محمود بن احمد العینیؒ,https://archive.org/download/sharh_sunn_abu_dawood_aine/shsudaai1.pdf
37,شرح سنن ابی داود للعینی (جلد دوم),درجہ ثامنہ,حدیث,عربی شرح,امام بدر الدین محمود بن احمد العینیؒ,https://archive.org/download/sharh_sunn_abu_dawood_aine/shsudaai2.pdf
38,شرح سنن ابی داود للعینی (جلد سوم),درجہ ثامنہ,حدیث,عربی شرح,امام بدر الدین محمود بن احمد العینیؒ,https://archive.org/download/sharh_sunn_abu_dawood_aine/shsudaai3.pdf
39,شرح سنن ابی داود للعینی (جلد چہارم),درجہ ثامنہ,حدیث,عربی شرح,امام بدر الدین محمود بن احمد العینیؒ,https://archive.org/download/sharh_sunn_abu_dawood_aine/shsudaai4.pdf
40,شرح سنن ابی داود للعینی (جلد پنجم),درجہ ثامنہ,حدیث,عربی شرح,امام بدر الدین محمود بن احمد العینیؒ,https://archive.org/download/sharh_sunn_abu_dawood_aine/shsudaai5.pdf
41,شرح سنن ابی داود للعینی (جلد ششم),درجہ ثامنہ,حدیث,عربی شرح,امام بدر الدین محمود بن احمد العینیؒ,https://archive.org/download/sharh_sunn_abu_dawood_aine/shsudaai6.pdf
42,شرح سنن ابی داود للعینی (جلد ہفتم),درجہ ثامنہ,حدیث,عربی شرح,امام بدر الدین محمود بن احمد العینیؒ,https://archive.org/download/sharh_sunn_abu_dawood_aine/shsudaai7.pdf
43,فتح الودود علی سنن ابی داود (جلد اول),درجہ ثامنہ,حدیث,عربی حاشیہ,علامہ ابو الحسن السندیؒ,https://archive.org/download/2110_19/FATHUL_WADOOD_VOL_01.pdf
44,فتح الودود علی سنن ابی داود (جلد دوم),درجہ ثامنہ,حدیث,عربی حاشیہ,علامہ ابو الحسن السندیؒ,https://archive.org/download/2110_19/FATHUL_WADOOD_VOL_02.pdf
45,فتح الودود علی سنن ابی داود (جلد سوم),درجہ ثامنہ,حدیث,عربی حاشیہ,علامہ ابو الحسن السندیؒ,https://archive.org/download/2110_19/FATHUL_WADOOD_VOL_03.pdf
46,فتح الودود علی سنن ابی داود (جلد چہارم),درجہ ثامنہ,حدیث,عربی حاشیہ,علامہ ابو الحسن السندیؒ,https://archive.org/download/2110_19/FATHUL_WADOOD_VOL_04.pdf
47,انوار المحمود علی سنن ابی داود (جلد اول - عربی),درجہ ثامنہ,حدیث,عربی شرح,مولانا سید اصغر حسین دیوبندیؒ,https://archive.org/download/DarsENizamiDoraEHadees8thYear03/ANWAAR_UL_MAHMOOD_ARABIC_SHARH_ABU_DAWUD_VOL_01.pdf
48,انوار المحمود علی سنن ابی داود (جلد دوم - عربی),درجہ ثامنہ,حدیث,عربی شرح,مولانا سید اصغر حسین دیوبندیؒ,https://archive.org/download/DarsENizamiDoraEHadees8thYear03/ANWAAR_UL_MAHMOOD_ARABIC_SHARH_ABU_DAWUD_VOL_02.pdf
49,فلاح و بہبود اردو شرح سنن ابی داود (جلد اول),درجہ ثامنہ,حدیث,اردو درسی شرح,مولانا محمد حنیف گنگوہیؒ,https://archive.org/download/DarsENizamiDoraEHadees8thYear/FalahOBahboodUrduSharhAbuDawoodVol1.pdf
50,فلاح و بہبود اردو شرح سنن ابی داود (جلد دوم),درجہ ثامنہ,حدیث,اردو درسی شرح,مولانا محمد حنیف گنگوہیؒ,https://archive.org/download/DarsENizamiDoraEHadees8thYear/FalahOBahboodUrduSharhAbuDawoodVol2.pdf
51,السمح المحمود اردو شرح سنن ابی داود (جلد اول),درجہ ثامنہ,حدیث,اردو شرح,مولانا مفتی عبد الرؤف سکھرویؒ,https://archive.org/download/DarsENizamiDoraEHadees8thYear/AL-SAMH-UL-MAHMOOD-URDU-SHARH-ABU-DAWOOD-01.pdf
52,السمح المحمود اردو شرح سنن ابی داود (جلد دوم),درجہ ثامنہ,حدیث,اردو شرح,مولانا مفتی عبد الرؤف سکھرویؒ,https://archive.org/download/DarsENizamiDoraEHadees8thYear/AL-SAMH-UL-MAHMOOD-URDU-SHARH-ABU-DAWOOD-02.pdf
53,السمح المحمود اردو شرح سنن ابی داود (جلد سوم),درجہ ثامنہ,حدیث,اردو شرح,مولانا مفتی عبد الرؤف سکھرویؒ,https://archive.org/download/DarsENizamiDoraEHadees8thYear/AL-SAMH-UL-MAHMOOD-URDU-SHARH-ABU-DAWOOD-03.pdf
54,السمح المحمود اردو شرح سنن ابی داود (جلد ششم),درجہ ثامنہ,حدیث,اردو شرح,مولانا مفتی عبد الرؤف سکھرویؒ,https://archive.org/download/DarsENizamiDoraEHadees8thYear/AL-SAMH-UL-MAHMOOD-URDU-SHARH-ABU-DAWOOD-06.pdf
55,السمح المحمود اردو شرح سنن ابی داود (جلد ہفتم),درجہ ثامنہ,حدیث,اردو شرح,مولانا مفتی عبد الرؤف سکھرویؒ,https://archive.org/download/DarsENizamiDoraEHadees8thYear/AL-SAMH-UL-MAHMOOD-URDU-SHARH-ABU-DAWOOD-07.pdf
56,السمح المحمود اردو شرح سنن ابی داود (جلد نہم),درجہ ثامنہ,حدیث,اردو شرح,مولانا مفتی عبد الرؤف سکھرویؒ,https://archive.org/download/DarsENizamiDoraEHadees8thYear/AL-SAMH-UL-MAHMOOD-URDU-SHARH-ABU-DAWOOD-09.pdf
57,زبدۃ المقصود فی حل قال ابو داود,درجہ ثامنہ,حدیث,درسی تحقیق,مولانا مفتی عبد الرؤف سکھرویؒ,https://archive.org/download/DarsENizamiDoraEHadees8thYear03/ZUBDATUL_MAQSOOD_SHARH_QALA_ABU_DAWUD.pdf
58,الدر المنضود فی شرح سنن ابی داود (جلد اول),درجہ ثامنہ,حدیث,اردو درسی شرح,حضرت مولانا سلیم اللہ خان صاحبؒ,https://archive.org/download/DarsENizamiDoraEHadees8thYear/AL_DURRUL_MANZOOD_VOL_01.pdf
59,الدر المنضود فی شرح سنن ابی داود (جلد دوم),درجہ ثامنہ,حدیث,اردو درسی شرح,حضرت مولانا سلیم اللہ خان صاحبؒ,https://archive.org/download/DarsENizamiDoraEHadees8thYear/AL_DURRUL_MANZOOD_VOL_02.pdf
60,الدر المنضود فی شرح سنن ابی داود (جلد سوم),درجہ ثامنہ,حدیث,اردو درسی شرح,حضرت مولانا سلیم اللہ خان صاحبؒ,https://archive.org/download/DarsENizamiDoraEHadees8thYear/AL_DURRUL_MANZOOD_VOL_03.pdf
61,الدر المنضود فی شرح سنن ابی داود (جلد چہارم),درجہ ثامنہ,حدیث,اردو درسی شرح,حضرت مولانا سلیم اللہ خان صاحبؒ,https://archive.org/download/DarsENizamiDoraEHadees8thYear/AL_DURRUL_MANZOOD_VOL_04.pdf
62,الدر المنضود فی شرح سنن ابی داود (جلد پنجم),درجہ ثامنہ,حدیث,اردو درسی شرح,حضرت مولانا سلیم اللہ خان صاحبؒ,https://archive.org/download/DarsENizamiDoraEHadees8thYear/AL_DURRUL_MANZOOD_VOL_05.pdf
63,الدر المنضود فی شرح سنن ابی داود (جلد ششم),درجہ ثامنہ,حدیث,اردو درسی شرح,حضرت مولانا سلیم اللہ خان صاحبؒ,https://archive.org/download/DarsENizamiDoraEHadees8thYear/AL_DURRUL_MANZOOD_VOL_06.pdf
64,انعام المعبود اردو شرح سنن ابی داود للبنات,درجہ ثامنہ,حدیث,درسی شرح للبنات,مولانا مفتی عبد اللہ قاسمیؒ,https://archive.org/download/DarsENizamiDoraEHadees8thYear/InamUlMaboodUrduSharhAbuDawoodBanat.pdf
65,خیر المعبود اردو شرح سنن ابی داود للبنات,درجہ ثامنہ,حدیث,درسی شرح للبنات,مولانا خیر محمد جالندھریؒ,https://archive.org/download/DarsENizamiDoraEHadees8thYear/KhairUlMaboodUrduSharhAbuDawoodBanat.pdf
66,محاسنِ ترمذی اردو شرح جامع الترمذی (جلد اول),درجہ ثامنہ,حدیث,اردو درسی شرح,مفتی عطاء الرحمن صاحب,https://archive.org/download/DarsENizamiDoraeHadees8thYear01/MAHASIN_E_TIRMIZI_VOL_01.pdf
67,محاسنِ ترمذی اردو شرح جامع الترمذی (جلد دوم),درجہ ثامنہ,حدیث,اردو درسی شرح,مفتی عطاء الرحمن صاحب,https://archive.org/download/DarsENizamiDoraeHadees8thYear01/MAHASIN_E_TIRMIZI_VOL_02.pdf
68,محاسنِ ترمذی اردو شرح جامع الترمذی (جلد سوم),درجہ ثامنہ,حدیث,اردو درسی شرح,مفتی عطاء الرحمن صاحب,https://archive.org/download/DarsENizamiDoraeHadees8thYear01/MAHASIN_E_TIRMIZI_VOL_03.pdf
69,محاسنِ ترمذی اردو شرح جامع الترمذی (جلد چہارم),درجہ ثامنہ,حدیث,اردو درسی شرح,مفتی عطاء الرحمن صاحب,https://archive.org/download/DarsENizamiDoraeHadees8thYear01/MAHASIN_E_TIRMIZI_VOL_04.pdf
70,محاسنِ ترمذی اردو شرح جامع الترمذی (جلد پنجم),درجہ ثامنہ,حدیث,اردو درسی شرح,مفتی عطاء الرحمن صاحب,https://archive.org/download/DarsENizamiDoraeHadees8thYear01/MAHASIN_E_TIRMIZI_VOL_05.pdf
71,الجامع الکبیر للترمذی مع الکوکب الدری (جلد اول),درجہ ثامنہ,حدیث,عربی شرح,مولانا رشید احمد گنگوہیؒ / مولانا یحییٰ کاندھلویؒ,https://archive.org/download/DarsENizamiDoraeHadees8thYear01/AL_JAME_UL_KABIR_AL_TIRMEZI_AL_KAOKAB_UD_DURRI_VOL_01.pdf
72,الجامع الکبیر للترمذی مع الکوکب الدری (جلد دوم),درجہ ثامنہ,حدیث,عربی شرح,مولانا رشید احمد گنگوہیؒ / مولانا یحییٰ کاندھلویؒ,https://archive.org/download/DarsENizamiDoraeHadees8thYear01/AL_JAME_UL_KABIR_AL_TIRMEZI_AL_KAOKAB_UD_DURRI_VOL_02.pdf
73,الجامع الکبیر للترمذی مع الکوکب الدری (جلد سوم),درجہ ثامنہ,حدیث,عربی شرح,مولانا رشید احمد گنگوہیؒ / مولانا یحییٰ کاندھلویؒ,https://archive.org/download/DarsENizamiDoraeHadees8thYear01/AL_JAME_UL_KABIR_AL_TIRMEZI_AL_KAOKAB_UD_DURRI_VOL_03.pdf
74,الجامع الکبیر للترمذی مع الکوکب الدری (جلد چہارم),درجہ ثامنہ,حدیث,عربی شرح,مولانا رشید احمد گنگوہیؒ / مولانا یحییٰ کاندھلویؒ,https://archive.org/download/DarsENizamiDoraeHadees8thYear01/AL_JAME_UL_KABIR_AL_TIRMEZI_AL_KAOKAB_UD_DURRI_VOL_04.pdf
75,الجامع الکبیر للترمذی مع الکوکب الدری (جلد پنجم),درجہ ثامنہ,حدیث,عربی شرح,مولانا رشید احمد گنگوہیؒ / مولانا یحییٰ کاندھلویؒ,https://archive.org/download/DarsENizamiDoraeHadees8thYear01/AL_JAME_UL_KABIR_AL_TIRMEZI_AL_KAOKAB_UD_DURRI_VOL_05.pdf
76,الجامع الکبیر للترمذی مع الکوکب الدری (جلد ششم),درجہ ثامنہ,حدیث,عربی شرح,مولانا رشید احمد گنگوہیؒ / مولانا یحییٰ کاندھلویؒ,https://archive.org/download/DarsENizamiDoraeHadees8thYear01/AL_JAME_UL_KABIR_AL_TIRMEZI_AL_KAOKAB_UD_DURRI_VOL_06.pdf
77,الجامع الکبیر للترمذی مع الکوکب الدری (جلد ہفتم),درجہ ثامنہ,حدیث,عربی شرح,مولانا رشید احمد گنگوہیؒ / مولانا یحییٰ کاندھلویؒ,https://archive.org/download/DarsENizamiDoraeHadees8thYear01/AL_JAME_UL_KABIR_AL_TIRMEZI_AL_KAOKAB_UD_DURRI_VOL_07.pdf
78,الجامع الکبیر للترمذی مع الکوکب الدری (جلد ہشتم),درجہ ثامنہ,حدیث,عربی شرح,مولانا رشید احمد گنگوہیؒ / مولانا یحییٰ کاندھلویؒ,https://archive.org/download/DarsENizamiDoraeHadees8thYear01/AL_JAME_UL_KABIR_AL_TIRMEZI_AL_KAOKAB_UD_DURRI_VOL_08.pdf
79,الکوکب الدری علی جامع الترمذی (مقدمہ و جلد اول - عربی),درجہ ثامنہ,حدیث,عربی شرح,مولانا رشید احمد گنگوہیؒ / مولانا محمد یحییٰ کاندھلویؒ,https://archive.org/download/8_20200602_20200602/%D8%A7%D9%84%DA%A9%D9%88%DA%A9%D8%A8%20%D8%A7%D9%84%D8%AF%D8%B1%DB%8C%20%D8%B4%D8%B1%D8%AD%20%D8%AC%D8%A7%D9%85%D8%B9%20%D8%AA%D8%B1%D9%85%D8%B2%DB%8C%20%281%29.pdf
80,الکوکب الدری علی جامع الترمذی (جلد دوم - عربی),درجہ ثامنہ,حدیث,عربی شرح,مولانا رشید احمد گنگوہیؒ / مولانا محمد یحییٰ کاندھلویؒ,https://archive.org/download/8_20200602_20200602/%D8%A7%D9%84%DA%A9%D9%88%DA%A9%D8%A8%20%D8%A7%D9%84%D8%AF%D8%B1%DB%8C%20%D8%B4%D8%B1%D8%AD%20%D8%AC%D8%A7%D9%85%D8%B9%20%D8%AA%D8%B1%D9%85%D8%B2%DB%8C%20%282%29.pdf
81,الکوکب الدری علی جامع الترمذی (جلد سوم - عربی),درجہ ثامنہ,حدیث,عربی شرح,مولانا رشید احمد گنگوہیؒ / مولانا محمد یحییٰ کاندھلویؒ,https://archive.org/download/8_20200602_20200602/%D8%A7%D9%84%DA%A9%D9%88%DA%A9%D8%A8%20%D8%A7%D9%84%D8%AF%D8%B1%DB%8C%20%D8%B4%D8%B1%D8%AD%20%D8%AC%D8%A7%D9%85%D8%B9%20%D8%AA%D8%B1%D9%85%D8%B2%DB%8C%20%283%29.pdf
82,الکوکب الدری علی جامع الترمذی (جلد چہارم - عربی),درجہ ثامنہ,حدیث,عربی شرح,مولانا رشید احمد گنگوہیؒ / مولانا محمد یحییٰ کاندھلویؒ,https://archive.org/download/8_20200602_20200602/%D8%A7%D9%84%DA%A9%D9%88%DA%A9%D8%A8%20%D8%A7%D9%84%D8%AF%D8%B1%DB%8C%20%D8%B4%D8%B1%D8%AD%20%D8%AC%D8%A7%D9%85%D8%B9%20%D8%AA%D8%B1%D9%85%D8%B2%DB%8C%20%284%29.pdf
83,الکوکب الدری علی جامع الترمذی (جلد پنجم - عربی),درجہ ثامنہ,حدیث,عربی شرح,مولانا رشید احمد گنگوہیؒ / مولانا محمد یحییٰ کاندھلویؒ,https://archive.org/download/8_20200602_20200602/%D8%A7%D9%84%DA%A9%D9%88%DA%A9%D8%A8%20%D8%A7%D9%84%D8%AF%D8%B1%DB%8C%20%D8%B4%D8%B1%D8%AD%20%D8%AC%D8%A7%D9%85%D8%B9%20%D8%AA%D8%B1%D9%85%D8%B2%DB%8C%20%285%29.pdf
84,الکوکب الدری علی جامع الترمذی (جلد ششم - عربی),درجہ ثامنہ,حدیث,عربی شرح,مولانا رشید احمد گنگوہیؒ / مولانا محمد یحییٰ کاندھلویؒ,https://archive.org/download/8_20200602_20200602/%D8%A7%D9%84%DA%A9%D9%88%DA%A9%D8%A8%20%D8%A7%D9%84%D8%AF%D8%B1%DB%8C%20%D8%B4%D8%B1%D8%AD%20%D8%AC%D8%A7%D9%85%D8%B9%20%D8%AA%D8%B1%D9%85%D8%B2%DB%8C%20%286%29.pdf
85,الکوکب الدری علی جامع الترمذی (جلد ہفتم - عربی),درجہ ثامنہ,حدیث,عربی شرح,مولانا رشید احمد گنگوہیؒ / مولانا محمد یحییٰ کاندھلویؒ,https://archive.org/download/8_20200602_20200602/%D8%A7%D9%84%DA%A9%D9%88%DA%A9%D8%A8%20%D8%A7%D9%84%D8%AF%D8%B1%DB%8C%20%D8%B4%D8%B1%D8%AD%20%D8%AC%D8%A7%D9%85%D8%B9%20%D8%AA%D8%B1%D9%85%D8%B2%DB%8C%20%287%29.pdf
86,الکوکب الدری علی جامع الترمذی (جلد ہشتم - عربی),درجہ ثامنہ,حدیث,عربی شرح,مولانا رشید احمد گنگوہیؒ / مولانا محمد یحییٰ کاندھلویؒ,https://archive.org/download/8_20200602_20200602/%D8%A7%D9%84%DA%A9%D9%88%DA%A9%D8%A8%20%D8%A7%D9%84%D8%AF%D8%B1%DB%8C%20%D8%B4%D8%B1%D8%AD%20%D8%AC%D8%A7%D9%85%D8%B9%20%D8%AA%D8%B1%D9%85%D8%B2%DB%8C%20%288%29.pdf
87,الکوکب الدری علی جامع الترمذی (جلد نہم - عربی),درجہ ثامنہ,حدیث,عربی شرح,مولانا رشید احمد گنگوہیؒ / مولانا محمد یحییٰ کاندھلویؒ,https://archive.org/download/8_20200602_20200602/%D8%A7%D9%84%DA%A9%D9%88%DA%A9%D8%A8%20%D8%A7%D9%84%D8%AF%D8%B1%DB%8C%20%D8%B4%D8%B1%D8%AD%20%D8%AC%D8%A7%D9%85%D8%B9%20%D8%AA%D8%B1%D9%85%D8%B2%DB%8C%20%289%29.pdf
88,العرف الشذی علی جامع الترمذی (جلد اول - عربی),درجہ ثامنہ,حدیث,عربی حاشیہ و شرح,علامہ انور شاہ کشمیریؒ,https://archive.org/download/20230624_20230624_1414/%D8%A7%D9%84%D8%B9%D8%B1%D9%81_%D8%A7%D9%84%D8%B4%D8%B0%D9%8A_%D8%A7%D9%84%D8%AC%D8%B2%D8%A1%D9%A1_%D8%B4%D8%B1%D8%AD_%D8%B3%D9%86%D9%86_%D8%A7%D9%84%D8%AA%D8%B1%D9%85%D8%B0%D9%8A.pdf
89,العرف الشذی علی جامع الترمذی (جلد دوم - عربی),درجہ ثامنہ,حدیث,عربی حاشیہ و شرح,علامہ انور شاہ کشمیریؒ,https://archive.org/download/20230624_20230624_1414/%D8%A7%D9%84%D8%B9%D8%B1%D9%81_%D8%A7%D9%84%D8%B4%D8%B0%D9%8A_%D8%A7%D9%84%D8%AC%D8%B2%D8%A1%D9%A2_%D8%B4%D8%B1%D8%AD_%D8%B3%D9%86%D9%86_%D8%A7%D9%84%D8%AA%D8%B1%D9%85%D8%B0%D9%8A.pdf
90,العرف الشذی علی جامع الترمذی (جلد سوم - عربی),درجہ ثامنہ,حدیث,عربی حاشیہ و شرح,علامہ انور شاہ کشمیریؒ,https://archive.org/download/20230624_20230624_1414/%D8%A7%D9%84%D8%B9%D8%B1%D9%81_%D8%A7%D9%84%D8%B4%D8%B0%D9%8A_%D8%A7%D9%84%D8%AC%D8%B2%D8%A1%D9%A3_%D8%B4%D8%B1%D8%AD_%D8%B3%D9%86%D9%86_%D8%A7%D9%84%D8%AA%D8%B1%D9%85%D8%B0%D9%8A.pdf
91,العرف الشذی علی جامع الترمذی (جلد چہارم - عربی),درجہ ثامنہ,حدیث,عربی حاشیہ و شرح,علامہ انور شاہ کشمیریؒ,https://archive.org/download/20230624_20230624_1414/%D8%A7%D9%84%D8%B9%D8%B1%D9%81_%D8%A7%D9%84%D8%B4%D8%B0%D9%8A_%D8%A7%D9%84%D8%AC%D8%B2%D8%A1%D9%A4_%D8%B4%D8%B1%D8%AD_%D8%B3%D9%86%D9%86_%D8%A7%D9%84%D8%AA%D8%B1%D9%85%D8%B0%D9%8A.pdf
92,العرف الشذی علی جامع الترمذی (جلد پنجم - عربی),درجہ ثامنہ,حدیث,عربی حاشیہ و شرح,علامہ انور شاہ کشمیریؒ,https://archive.org/download/20230624_20230624_1414/%D8%A7%D9%84%D8%B9%D8%B1%D9%81_%D8%A7%D9%84%D8%B4%D8%B0%D9%8A_%D8%A7%D9%84%D8%AC%D8%B2%D8%A1%D9%A5_%D8%B4%D8%B1%D8%AD_%D8%B3%D9%86%D9%86_%D8%A7%D9%84%D8%AA%D8%B1%D9%85%D8%B0%D9%8A.pdf
93,معارف السنن شرح جامع الترمذی (جلد اول),درجہ ثامنہ,حدیث,عربی شرح,علامہ سید محمد یوسف بنوریؒ,https://archive.org/download/MaarifUsSunan/Ma%27arif_Us_Sunan_Vol_01.pdf
94,معارف السنن شرح جامع الترمذی (جلد دوم),درجہ ثامنہ,حدیث,عربی شرح,علامہ سید محمد یوسف بنوریؒ,https://archive.org/download/MaarifUsSunan/Ma%27arif_Us_Sunan_Vol_02.pdf
95,معارف السنن شرح جامع الترمذی (جلد سوم),درجہ ثامنہ,حدیث,عربی شرح,علامہ سید محمد یوسف بنوریؒ,https://archive.org/download/MaarifUsSunan/Ma%27arif_Us_Sunan_Vol_03.pdf
96,معارف السنن شرح جامع الترمذی (جلد چہارم),درجہ ثامنہ,حدیث,عربی شرح,علامہ سید محمد یوسف بنوریؒ,https://archive.org/download/MaarifUsSunan/Ma%27arif_Us_Sunan_Vol_04.pdf
97,معارف السنن شرح جامع الترمذی (جلد پنجم),درجہ ثامنہ,حدیث,عربی شرح,علامہ سید محمد یوسف بنوریؒ,https://archive.org/download/MaarifUsSunan/Ma%27arif_Us_Sunan_Vol_05.pdf
98,معارف السنن شرح جامع الترمذی (جلد ششم),درجہ ثامنہ,حدیث,عربی شرح,علامہ سید محمد یوسف بنوریؒ,https://archive.org/download/MaarifUsSunan/Ma%27arif_Us_Sunan_Vol_06.pdf
99,بغیۃ الالمعی فی شرح سنن الترمذی (عربی),درجہ ثامنہ,حدیث,عربی شرح,مولانا مفتی عبد الرؤف سکھرویؒ,https://archive.org/download/DarsENizamiDoraeHadees8thYear01/BUGHYA_TUL_ALMAEE_ARABIC_SHARH_AL_TIRMIZI.pdf
100,منہاج السنن شرح جامع الترمذی (جلد اول - عربی),درجہ ثامنہ,حدیث,عربی شرح,مولانا عبد العلی بحر العلومؒ,https://archive.org/download/DarsENizamiDoraeHadees8thYear01/MINHAJ_AL_SUNAN_ARABIC_SHARH_TIRMIZI_VOL_01.pdf
101,منہاج السنن شرح جامع الترمذی (جلد دوم - عربی),درجہ ثامنہ,حدیث,عربی شرح,مولانا عبد العلی بحر العلومؒ,https://archive.org/download/DarsENizamiDoraeHadees8thYear01/MINHAJ_AL_SUNAN_ARABIC_SHARH_TIRMIZI_VOL_02.pdf
102,شرح علل الترمذی (عربی),درجہ ثامنہ,حدیث,علل الحدیث,حافظ ابن رجب الحنبلیؒ,https://archive.org/download/DarsENizamiDoraeHadees8thYear01/SHARH_ELAL_E_TIRMIZI_ARABIC.pdf
103,کشف النقاب عما یقولہ الترمذی (جلد اول),درجہ ثامنہ,حدیث,اصطلاحات الحدیث,مولانا مفتی عبد الرؤف سکھرویؒ,https://archive.org/download/apr-22/%D9%83%D8%B4%D9%81%20%D8%A7%D9%84%D9%86%D9%82%D8%A7%D8%A8%20%D8%B9%D9%85%D8%A7%20%D9%8A%D9%82%D9%88%D9%84%D9%87%20%D8%A7%D9%84%D8%AA%D8%B1%D9%85%D8%B0%D9%8A%20%D9%A1.pdf
104,کشف النقاب عما یقولہ الترمذی (جلد دوم),درجہ ثامنہ,حدیث,اصطلاحات الحدیث,مولانا مفتی عبد الرؤف سکھرویؒ,https://archive.org/download/apr-22/%D9%83%D8%B4%D9%81%20%D8%A7%D9%84%D9%86%D9%82%D8%A7%D8%A8%20%D8%B9%D9%85%D8%A7%20%D9%8A%D9%82%D9%88%D9%84%D9%87%20%D8%A7%D9%84%D8%AA%D8%B1%D9%85%D8%B0%D9%8A%20%D9%A2.pdf
105,کشف النقاب عما یقولہ الترمذی (جلد سوم),درجہ ثامنہ,حدیث,اصطلاحات الحدیث,مولانا مفتی عبد الرؤف سکھرویؒ,https://archive.org/download/apr-22/%D9%83%D8%B4%D9%81%20%D8%A7%D9%84%D9%86%D9%82%D8%A7%D8%A8%20%D8%B9%D9%85%D8%A7%20%D9%8A%D9%82%D9%88%D9%84%D9%87%20%D8%A7%D9%84%D8%AA%D8%B1%D9%85%D8%B0%D9%8A%20%D9%A3.pdf
106,کشف النقاب عما یقولہ الترمذی (جلد چہارم),درجہ ثامنہ,حدیث,اصطلاحات الحدیث,مولانا مفتی عبد الرؤف سکھرویؒ,https://archive.org/download/apr-22/%D9%83%D8%B4%D9%81%20%D8%A7%D9%84%D9%86%D9%82%D8%A7%D8%A8%20%D8%B9%D9%85%D8%A7%20%D9%8A%D9%82%D9%88%D9%84%D9%87%20%D8%A7%D9%84%D8%AA%D8%B1%D9%85%D8%B0%D9%8A%20%D9%A4.pdf
107,کشف النقاب عما یقولہ الترمذی (جلد پنجم),درجہ ثامنہ,حدیث,اصطلاحات الحدیث,مولانا مفتی عبد الرؤف سکھرویؒ,https://archive.org/download/apr-22/%D9%83%D8%B4%D9%81%20%D8%A7%D9%84%D9%86%D9%82%D8%A7%D8%A8%20%D8%B9%D9%85%D8%A7%20%D9%8A%D9%82%D9%88%D9%84%D9%87%20%D8%A7%D9%84%D8%AA%D8%B1%D9%85%D8%B0%D9%8A%20%D9%A5.pdf
108,خزائن السنن اردو شرح جامع الترمذی (جلد اول),درجہ ثامنہ,حدیث,اردو درسی تقریر,مولانا سرفراز خان صفدرؒ,https://archive.org/download/DarsENizamiDoraEHadees8thYear/KHAZAIN-US-SUNAN-01.pdf
109,خزائن السنن اردو شرح جامع الترمذی (جلد دوم),درجہ ثامنہ,حدیث,اردو درسی تقریر,مولانا سرفراز خان صفدرؒ,https://archive.org/download/DarsENizamiDoraEHadees8thYear/KHAZAIN-US-SUNAN-02.pdf
110,اتحاف الذکی فی شرح جامع الترمذی (جلد اول),درجہ ثامنہ,حدیث,اردو شرح,مولانا مفتی عبد الرؤف سکھرویؒ,https://archive.org/download/iazaki/ITHAF_AL_ZAKI_VOL_01.pdf
111,محاسنِ ترمذی اردو شرح جامع الترمذی (جلد دوم),درجہ ثامنہ,حدیث,اردو شرح,مولانا مفتی جمیل احمد سکروڈھویؒ,https://archive.org/download/DarsENizamiDoraeHadees8thYear01/MAHASIN_E_TIRMIZI_VOL_02.pdf
112,تشریحاتِ ترمذی اردو شرح جامع الترمذی (جلد اول),درجہ ثامنہ,حدیث,اردو شرح,مولانا مفتی عبد الرؤف سکھرویؒ,https://archive.org/download/DarsENizamiDoraEHadees8thYear03/TASHRIHAAT_E_TIRMAZI_VOL_01.pdf
113,تشریحاتِ ترمذی اردو شرح جامع الترمذی (جلد دوم),درجہ ثامنہ,حدیث,اردو شرح,مولانا مفتی عبد الرؤف سکھرویؒ,https://archive.org/download/DarsENizamiDoraEHadees8thYear03/TASHRIHAAT_E_TIRMAZI_VOL_02.pdf
114,تشریحاتِ ترمذی اردو شرح جامع الترمذی (جلد سوم),درجہ ثامنہ,حدیث,اردو شرح,مولانا مفتی عبد الرؤف سکھرویؒ,https://archive.org/download/DarsENizamiDoraEHadees8thYear03/TASHRIHAAT_E_TIRMAZI_VOL_03.pdf
115,تشریحاتِ ترمذی اردو شرح جامع الترمذی (جلد چہارم),درجہ ثامنہ,حدیث,اردو شرح,مولانا مفتی عبد الرؤف سکھرویؒ,https://archive.org/download/DarsENizamiDoraEHadees8thYear03/TASHRIHAAT_E_TIRMAZI_VOL_04.pdf
116,تشریحاتِ ترمذی اردو شرح جامع الترمذی (جلد پنجم),درجہ ثامنہ,حدیث,اردو شرح,مولانا مفتی عبد الرؤف سکھرویؒ,https://archive.org/download/DarsENizamiDoraEHadees8thYear03/TASHRIHAAT_E_TIRMAZI_VOL_05.pdf
117,تشریحاتِ ترمذی اردو شرح جامع الترمذی (جلد ششم),درجہ ثامنہ,حدیث,اردو شرح,مولانا مفتی عبد الرؤف سکھرویؒ,https://archive.org/download/DarsENizamiDoraEHadees8thYear03/TASHRIHAAT_E_TIRMAZI_VOL_06.pdf
118,تشریحاتِ ترمذی اردو شرح جامع الترمذی (جلد ہفتم),درجہ ثامنہ,حدیث,اردو شرح,مولانا مفتی عبد الرؤف سکھرویؒ,https://archive.org/download/DarsENizamiDoraEHadees8thYear03/TASHRIHAAT_E_TIRMAZI_VOL_07.pdf
119,تشریحاتِ ترمذی اردو شرح جامع الترمذی (جلد ہشتم),درجہ ثامنہ,حدیث,اردو شرح,مولانا مفتی عبد الرؤف سکھرویؒ,https://archive.org/download/DarsENizamiDoraEHadees8thYear03/TASHRIHAAT_E_TIRMAZI_VOL_08.pdf
120,درسِ ترمذی اردو شرح جامع الترمذی (جلد اول),درجہ ثامنہ,حدیث,اردو دروس و افادات,مولانا مفتی محمد تقی عثمانی مدظلہم,https://archive.org/download/DARSETIRMEZI/DARS%20E%20TIRMEZI%20VOL%201.pdf
121,درسِ ترمذی اردو شرح جامع الترمذی (جلد دوم),درجہ ثامنہ,حدیث,اردو دروس و افادات,مولانا مفتی محمد تقی عثمانی مدظلہم,https://archive.org/download/DARSETIRMEZI/DarsETirmeziVol2.pdf
122,درسِ ترمذی اردو شرح جامع الترمذی (جلد سوم),درجہ ثامنہ,حدیث,اردو دروس و افادات,مولانا مفتی محمد تقی عثمانی مدظلہم,https://archive.org/download/DARSETIRMEZI/DarsETirmeziVol3.pdf
123,تقریرِ ترمذی اردو شرح جامع الترمذی معاملات (جلد اول),درجہ ثامنہ,حدیث,اردو تقریر,مولانا محمود حسن دیوبندیؒ (شیخ الہند),https://archive.org/download/DarsENizamiDoraEHadees8thYear/TaqreerTirmiziUrduSharhAlTirmiziMoamalatVol1.pdf
124,تقریرِ ترمذی اردو شرح جامع الترمذی معاملات (جلد دوم),درجہ ثامنہ,حدیث,اردو تقریر,مولانا محمود حسن دیوبندیؒ (شیخ الہند),https://archive.org/download/DarsENizamiDoraEHadees8thYear/TaqreerTirmiziUrduSharhAlTirmiziMoamalatVol2.pdf
125,تحفۃ الالمعی اردو شرح جامع الترمذی (جلد اول),درجہ ثامنہ,حدیث,اردو درسی شرح,مولانا مفتی سعید احمد پالن پوریؒ,https://archive.org/download/DarsENizamiDoraEHadees8thYear/TohfatUlAlmaeeUrduSharhAlTirmiziVol1.pdf
126,تحفۃ الالمعی اردو شرح جامع الترمذی (جلد دوم),درجہ ثامنہ,حدیث,اردو درسی شرح,مولانا مفتی سعید احمد پالن پوریؒ,https://archive.org/download/DarsENizamiDoraEHadees8thYear/TohfatUlAlmaeeUrduSharhAlTirmiziVol2.pdf
127,تحفۃ الالمعی اردو شرح جامع الترمذی (جلد سوم),درجہ ثامنہ,حدیث,اردو درسی شرح,مولانا مفتی سعید احمد پالن پوریؒ,https://archive.org/download/DarsENizamiDoraEHadees8thYear/TohfatUlAlmaeeUrduSharhAlTirmiziVol3.pdf
128,تحفۃ الالمعی اردو شرح جامع الترمذی (جلد چہارم),درجہ ثامنہ,حدیث,اردو درسی شرح,مولانا مفتی سعید احمد پالن پوریؒ,https://archive.org/download/DarsENizamiDoraEHadees8thYear/TohfatUlAlmaeeUrduSharhAlTirmiziVol4.pdf
129,تحفۃ الالمعی اردو شرح جامع الترمذی (جلد پنجم),درجہ ثامنہ,حدیث,اردو درسی شرح,مولانا مفتی سعید احمد پالن پوریؒ,https://archive.org/download/DarsENizamiDoraEHadees8thYear/TohfatUlAlmaeeUrduSharhAlTirmiziVol5.pdf
130,تحفۃ الالمعی اردو شرح جامع الترمذی (جلد ششم),درجہ ثامنہ,حدیث,اردو درسی شرح,مولانا مفتی سعید احمد پالن پوریؒ,https://archive.org/download/DarsENizamiDoraEHadees8thYear/TohfatUlAlmaeeUrduSharhAlTirmiziVol6.pdf
131,تحفۃ الالمعی اردو شرح جامع الترمذی (جلد ہفتم),درجہ ثامنہ,حدیث,اردو درسی شرح,مولانا مفتی سعید احمد پالن پوریؒ,https://archive.org/download/DarsENizamiDoraEHadees8thYear/TohfatUlAlmaeeUrduSharhAlTirmiziVol7.pdf
132,تحفۃ الالمعی اردو شرح جامع الترمذی (جلد ہشتم),درجہ ثامنہ,حدیث,اردو درسی شرح,مولانا مفتی سعید احمد پالن پوریؒ,https://archive.org/download/DarsENizamiDoraEHadees8thYear/TohfatUlAlmaeeUrduSharhAlTirmiziVol8.pdf
133,الکوکب الدری اردو شرح جامع الترمذی (جلد اول),درجہ ثامنہ,حدیث,اردو ترجمہ و شرح,مولانا رشید احمد گنگوہیؒ / ترجمہ: مولانا عبد القادرؒ,https://archive.org/download/DarsENizamiDoraEHadees8thYear/Al_Kaokab_Ud_Durri_Urdu_Sharh_Al_Tirmizi_Vol_01.pdf
134,الکوکب الدری اردو شرح جامع الترمذی (جلد دوم),درجہ ثامنہ,حدیث,اردو ترجمہ و شرح,مولانا رشید احمد گنگوہیؒ / ترجمہ: مولانا عبد القادرؒ,https://archive.org/download/DarsENizamiDoraEHadees8thYear/Al_Kaokab_Ud_Durri_Urdu_Sharh_Al_Tirmizi_Vol_02.pdf
135,جوامع الرسول اردو شرح جامع الترمذی,درجہ ثامنہ,حدیث,اردو شرح,مولانا مفتی عبد الرؤف سکھرویؒ,https://archive.org/download/DarsENizamiDoraeHadees8thYear01/JAWAMI_AL_RASOOL_URDU_SHARH_TIRMIZI.pdf
136,تحفۃ العبقری فی شرح سنن الترمذی (جلد اول),درجہ ثامنہ,حدیث,اردو شرح,مولانا مفتی عبد الرؤف سکھرویؒ,https://archive.org/download/DarsENizamiDoraEHadees8thYear/TOHFA-TUL-ABQARI-VOL-1.pdf
137,تقریرِ ترمذی اردو شرح جامع الترمذی,درجہ ثامنہ,حدیث,اردو تقریر,مولانا انور شاہ کشمیریؒ / مولانا فخر الدین احمدؒ,https://archive.org/download/DarsENizamiDoraEHadees8thYear/TaqreerTirmiziUrduSharhAlTirmizi.pdf
138,مجمع البحرین اردو شرح جامع الترمذی,درجہ ثامنہ,حدیث,اردو شرح,مولانا مفتی عبد الرؤف سکھرویؒ,https://archive.org/download/DarsENizamiDoraEHadees8thYear/MajmaUlBahrainUrduSharhAlTirmizi.pdf
139,دروسِ ترمذی اردو شرح جامع الترمذی (جلد ثانی / ابواب المعاملات والسنن),درجہ ثامنہ,حدیث,اردو دروس,مولانا عبد الحلیم قاسمیؒ,https://archive.org/download/DarsENizamiDoraEHadees8thYear/DuroosETirmiziUrduSharhAlTirmiziJild2.pdf
140,الدرس الشذی اردو شرح جامع الترمذی,درجہ ثامنہ,حدیث,اردو شرح,مولانا مفتی عبد الرؤف سکھرویؒ,https://archive.org/download/DarsENizamiDoraEHadees8thYear/AlDarsUshShaziUrduSharhAlTirmizi.pdf
141,انعاماتِ ربانی شرح جامع الترمذی (جلد ثانی),درجہ ثامنہ,حدیث,اردو درسی شرح,مولانا محمد حذیفہ نعیم صاحب مدظلہم,https://archive.org/download/20250906_20250906_0826/%D8%A7%D9%86%D8%B9%D8%A7%D9%85%D8%A7%D8%AA%20%D8%B1%D8%A8%D8%A7%D9%86%DB%8C%20%D8%B4%D8%B1%D8%AD%20%D8%AA%D8%B1%D9%85%D8%B0%DB%8C%20%D8%AB%D8%A7%D9%86%DB%8C%20%5B%20%D8%A7%D9%85%D8%A7%D9%85%20%D8%A7%D8%A8%D9%88%20%D8%B9%DB%8C%D8%B3%DB%8C%D9%B0%20%D9%85%D8%AD%D9%85%D8%AF%20%D8%A8%D9%86%20%D8%B9%DB%8C%D8%B3%DB%8C%D9%B0%20%D8%AA%D8%B1%D9%85%D8%B0%DB%8C%20%5D%20%DB%94%20%D9%85%D8%AD%D9%85%D8%AF%20%D8%AD%D8%B0%DB%8C%D9%81%DB%81%20%D9%86%D8%B9%DB%8C%D9%85%20%DB%94%20%D8%AD%D9%82%20.pdf
142,معارفِ ترمذی اردو شرح جامع الترمذی (جلد اول),درجہ ثامنہ,حدیث,اردو درسی شرح,مولانا مفتی عبد الرؤف سکھرویؒ,https://archive.org/download/DarsENizamiDoraEHadees8thYear03/MAARIF_E_TIRMIZI_VOL_01.pdf
143,معارفِ ترمذی اردو شرح جامع الترمذی (جلد دوم),درجہ ثامنہ,حدیث,اردو درسی شرح,مولانا مفتی عبد الرؤف سکھرویؒ,https://archive.org/download/DarsENizamiDoraEHadees8thYear03/MAARIF_E_TIRMIZI_VOL_02.pdf
144,معارفِ ترمذی اردو شرح جامع الترمذی (جلد سوم),درجہ ثامنہ,حدیث,اردو درسی شرح,مولانا مفتی عبد الرؤف سکھرویؒ,https://archive.org/download/DarsENizamiDoraEHadees8thYear03/MAARIF_E_TIRMIZI_VOL_03.pdf
145,معارفِ ترمذی اردو شرح جامع الترمذی (جلد چہارم),درجہ ثامنہ,حدیث,اردو درسی شرح,مولانا مفتی عبد الرؤف سکھرویؒ,https://archive.org/download/DarsENizamiDoraEHadees8thYear03/MAARIF_E_TIRMIZI_VOL_04.pdf
146,معارفِ ترمذی اردو شرح جامع الترمذی (جلد پنجم),درجہ ثامنہ,حدیث,اردو درسی شرح,مولانا مفتی عبد الرؤف سکھرویؒ,https://archive.org/download/DarsENizamiDoraEHadees8thYear03/MAARIF_E_TIRMIZI_VOL_05.pdf
147,دقائق السنن فی شرح سنن الترمذی,درجہ ثامنہ,حدیث,اردو درسی شرح,مولانا سرفراز خان صفدرؒ,https://archive.org/download/DaqaiqUsSunan/Daqaiq-us-Sunan.pdf
148,حقائق السنن اردو شرح جامع الترمذی,درجہ ثامنہ,حدیث,اردو شرح,مولانا مفتی عبد الرؤف سکھرویؒ,https://archive.org/download/DarsENizamiDoraEHadees8thYear/HaqaiqUsSunanUrduSharhAlTirmizi.pdf
149,نفح الشذی فی شرح جامع الترمذی,درجہ ثامنہ,حدیث,عربی شرح,علامہ ابن سید الناس الیعمریؒ,https://archive.org/download/DarsENizamiDoraeHadees8thYear01/NAFH_AL_SHAZI_MATALIB_JAME_TIRMIZI.pdf
150,الورد الطری اردو شرح جامع الترمذی,درجہ ثامنہ,حدیث,اردو شرح,مولانا عاشق الٰہی بلند شہریؒ,https://archive.org/download/DarsENizamiDoraEHadees8thYear/AlWardUtTariUrduSharhAlTirmizi.pdf
151,انعاماتِ ربانی اردو شرح جامع الترمذی (جلد دوم),درجہ ثامنہ,حدیث,اردو شرح,مولانا مفتی محمد عبد اللہؒ,https://archive.org/download/DarsENizamiDoraEHadees8thYear/InamatERabbaniUrduSharhAlTirmiziJild2.pdf
152,انعاماتِ رحمانی اردو شرح جامع الترمذی للبنات (جلد دوم),درجہ ثامنہ,حدیث,درسی شرح للبنات,مولانا مفتی عبد الرحمٰن قاسمیؒ,https://archive.org/download/DarsENizamiDoraEHadees8thYear/InamatERahmaniUrduSharhAlTirmiziJild2Banat.pdf
153,شرح شمائل الترمذی اردو (جلد اول),درجہ ثامنہ,حدیث,اردو شرح شمائل,حضرت مولانا محمد زکریا کاندھلویؒ,https://archive.org/download/DarsENizamiDoraEHadees8thYear/SharhShamailETirmiziUrduVol1.pdf
154,شرح شمائل الترمذی اردو (جلد دوم),درجہ ثامنہ,حدیث,اردو شرح شمائل,حضرت مولانا محمد زکریا کاندھلویؒ,https://archive.org/download/DarsENizamiDoraEHadees8thYear/SharhShamailETirmiziUrduVol2.pdf
155,شرح شمائل الترمذی اردو (جلد سوم),درجہ ثامنہ,حدیث,اردو شرح شمائل,حضرت مولانا محمد زکریا کاندھلویؒ,https://archive.org/download/DarsENizamiDoraEHadees8thYear/SharhShamailETirmiziUrduVol3.pdf
156,جمع الفضائل اردو شرح شمائل الترمذی,درجہ ثامنہ,حدیث,اردو شرح شمائل,مولانا مفتی عبد الرؤف سکھرویؒ,https://archive.org/download/DarsENizamiDoraeHadees8thYear01/JAMUL_FAZAIL_URDU_SHARH_SHAMAIL.pdf
157,شمائل الترمذی اردو سواتی (جلد اول),درجہ ثامنہ,حدیث,اردو شرح شمائل,مولانا مفتی عبد اللہ سواتیؒ,https://archive.org/download/DarsENizamiDoraEHadees8thYear03/SHAMAIL_E_TIRMIZI_URDU_SAWATI_VOL_01.pdf
158,شمائل الترمذی اردو سواتی (جلد دوم),درجہ ثامنہ,حدیث,اردو شرح شمائل,مولانا مفتی عبد اللہ سواتیؒ,https://archive.org/download/DarsENizamiDoraEHadees8thYear03/SHAMAIL_E_TIRMIZI_URDU_SAWATI_VOL_02.pdf
159,حاشیۃ السندی والسیوطی علی سنن النسائی (جلد سوم و چہارم),درجہ ثامنہ,حدیث,عربی حاشیہ,امام جلال الدین السیوطیؒ / علامہ ابو الحسن السندیؒ,https://archive.org/download/ArabicSharhSunanENasaee/Arabic_Sharh_Sunan_E_Nasaee_Vol_3_4.pdf
160,شروح سنن ابن ماجہ (مجموعہ شروحات و حواشی),درجہ ثامنہ,حدیث,مجموعہ شروحات,علامہ عبد الغنی مجددی دہلویؒ / علامہ سندیؒ,https://archive.org/download/ShuroohEIbnEMaja/Shurooh_E_Ibn-E-Maja.pdf
161,الکواکب الوہاجۃ فی شرح سنن ابن ماجہ (جلد اول),درجہ ثامنہ,حدیث,عربی شرح,علامہ محمد بن علی الاثیوبیؒ,https://archive.org/download/AlKawakibUllWahhaja/Al_Kawakib_Ull_Wahhaja_Vol_1.pdf
162,الکواکب الوہاجۃ فی شرح سنن ابن ماجہ (جلد دوم),درجہ ثامنہ,حدیث,عربی شرح,علامہ محمد بن علی الاثیوبیؒ,https://archive.org/download/AlKawakibUllWahhaja/Al_Kawakib_Ull_Wahhaja_Vol_2.pdf
163,انجاح الحاجۃ شرح سنن ابن ماجہ,درجہ ثامنہ,حدیث,عربی حاشیہ,علامہ عبد الغنی مجددی دہلویؒ,https://archive.org/download/InjahUlHaja/Injah_ul_Haja.pdf
164,مصباح الزجاجۃ فی شرح سنن ابن ماجہ (اردو),درجہ ثامنہ,حدیث,اردو شرح,علامہ جلال الدین السیوطیؒ / ترجمہ: مولانا عبد الرحیمؒ,https://archive.org/download/DarsENizamiDoraEHadees8thYear/MISBAH-UZ-ZAJAJA-URDU-SHARH-IBN-E-MAJA.pdf
165,ضیاء السنن فی شرح سنن ابن ماجہ,درجہ ثامنہ,حدیث,اردو شرح,مولانا ضیاء الحق قاسمیؒ,https://archive.org/download/DarsENizamiDoraEHadees8thYear03/ZIA_US_SUNAN_SHARH_IBN_E_MAJA.pdf
166,تکمیل الحاجۃ فی شرح سنن ابن ماجہ (جلد اول),درجہ ثامنہ,حدیث,اردو شرح,مولانا مفتی عبد الرؤف سکھرویؒ,https://archive.org/download/DarsENizamiDoraeHadees8thYear01/TAKMEEL_UL_HAJAH_VOL_01.pdf
167,تکمیل الحاجۃ فی شرح سنن ابن ماجہ (جلد ہشتم),درجہ ثامنہ,حدیث,اردو شرح,مولانا مفتی عبد الرؤف سکھرویؒ,https://archive.org/download/DarsENizamiDoraeHadees8thYear01/TAKMEEL_UL_HAJAH_VOL_08.pdf
168,مدلل شرح سنن ابن ماجہ (اردو),درجہ ثامنہ,حدیث,اردو شرح,مولانا مفتی جمیل احمد سکروڈھویؒ,https://archive.org/download/DarsENizamiDoraEHadees8thYear03/MUDALLAL_SHARH_IBN_E_MAJA_URDU.pdf
169,مختصر الطحاوی فی الفقہ الحنفی,درجہ ثامنہ,فقہ,اصل کتاب,امام ابو جعفر احمد بن محمد الطحاویؒ,https://archive.org/download/MukhtasarAlTahavi/Mukhtasar%20Al%20Tahavi.pdf
170,شرح مختصر الطحاوی للإمام الجصاص (جلد اول),درجہ ثامنہ,فقہ,عربی درسی شرح,امام ابو بكر احمد بن علی الرازی الجصاصؒ,https://archive.org/download/20200604_202006/%D8%B4%D8%B1%D8%AD%20%D9%85%D8%AE%D8%AA%D8%B5%D8%B1%20%D8%A7%D9%84%D8%B7%D8%AD%D8%A7%D9%88%DB%8C%20%281%29.pdf
171,شرح مختصر الطحاوی للإمام الجصاص (جلد دوم),درجہ ثامنہ,فقہ,عربی درسی شرح,امام ابو بكر احمد بن علی الرازی الجصاصؒ,https://archive.org/download/20200604_202006/%D8%B4%D8%B1%D8%AD%20%D9%85%D8%AE%D8%AA%D8%B5%D8%B1%20%D8%A7%D9%84%D8%B7%D8%AD%D8%A7%D9%88%DB%8C%20%282%29.pdf
172,شرح مختصر الطحاوی للإمام الجصاص (جلد سوم),درجہ ثامنہ,فقہ,عربی درسی شرح,امام ابو بكر احمد بن علی الرازی الجصاصؒ,https://archive.org/download/20200604_202006/%D8%B4%D8%B1%D8%AD%20%D9%85%D8%AE%D8%AA%D8%B5%D8%B1%20%D8%A7%D9%84%D8%B7%D8%AD%D8%A7%D9%88%DB%8C%20%283%29.pdf
173,شرح مختصر الطحاوی للإمام الجصاص (جلد چہارم),درجہ ثامنہ,فقہ,عربی درسی شرح,امام ابو بكر احمد بن علی الرازی الجصاصؒ,https://archive.org/download/20200604_202006/%D8%B4%D8%B1%D8%AD%20%D9%85%D8%AE%D8%AA%D8%B5%D8%B1%20%D8%A7%D9%84%D8%B7%D8%AD%D8%A7%D9%88%DB%8C%20%284%29.pdf
174,شرح مختصر الطحاوی للإمام الجصاص (جلد پنجم),درجہ ثامنہ,فقہ,عربی درسی شرح,امام ابو بكر احمد بن علی الرازی الجصاصؒ,https://archive.org/download/20200604_202006/%D8%B4%D8%B1%D8%AD%20%D9%85%D8%AE%D8%AA%D8%B5%D8%B1%20%D8%A7%D9%84%D8%B7%D8%AD%D8%A7%D9%88%DB%8C%20%285%29.pdf
175,شرح مختصر الطحاوی للإمام الجصاص (جلد ششم),درجہ ثامنہ,فقہ,عربی درسی شرح,امام ابو بكر احمد بن علی الرازی الجصاصؒ,https://archive.org/download/20200604_202006/%D8%B4%D8%B1%D8%AD%20%D9%85%D8%AE%D8%AA%D8%B5%D8%B1%20%D8%A7%D9%84%D8%B7%D8%AD%D8%A7%D9%88%DB%8C%20%286%29.pdf
176,شرح مختصر الطحاوی للإمام الجصاص (جلد ہفتم),درجہ ثامنہ,فقہ,عربی درسی شرح,امام ابو بكر احمد بن علی الرازی الجصاصؒ,https://archive.org/download/20200604_202006/%D8%B4%D8%B1%D8%AD%20%D9%85%D8%AE%D8%AA%D8%B5%D8%B1%20%D8%A7%D9%84%D8%B7%D8%AD%D8%A7%D9%88%DB%8C%20%287%29.pdf
177,شرح مختصر الطحاوی للإمام الجصاص (جلد ہشتم),درجہ ثامنہ,فقہ,عربی درسی شرح,امام ابو بكر احمد بن علی الرازی الجصاصؒ,https://archive.org/download/20200604_202006/%D8%B4%D8%B1%D8%AD%20%D9%85%D8%AE%D8%AA%D8%B5%D8%B1%20%D8%A7%D9%84%D8%B7%D8%AD%D8%A7%D9%88%DB%8C%20%288%29.pdf
178,امانی الاحبار فی شرح معانی الآثار (جلد اول - عربی),درجہ ثامنہ,حدیث,عربی شرح,علامہ مولانا محمد یوسف کاندھلویؒ,https://archive.org/download/DarsENizamiDoraEHadees8thYear/AmaniUlAhbarArabicSharhMaaniUlAasarVol1.pdf
179,امانی الاحبار فی شرح معانی الآثار (جلد دوم - عربی),درجہ ثامنہ,حدیث,عربی شرح,علامہ مولانا محمد یوسف کاندھلویؒ,https://archive.org/download/DarsENizamiDoraEHadees8thYear/AmaniUlAhbarArabicSharhMaaniUlAasarVol2.pdf
180,امانی الاحبار فی شرح معانی الآثار (جلد سوم - عربی),درجہ ثامنہ,حدیث,عربی شرح,علامہ مولانا محمد یوسف کاندھلویؒ,https://archive.org/download/DarsENizamiDoraEHadees8thYear/AmaniUlAhbarArabicSharhMaaniUlAasarVol3.pdf
181,امانی الاحبار فی شرح معانی الآثار (جلد چہارم - عربی),درجہ ثامنہ,حدیث,عربی شرح,علامہ مولانا محمد یوسف کاندھلویؒ,https://archive.org/download/DarsENizamiDoraEHadees8thYear/AmaniUlAhbarArabicSharhMaaniUlAasarVol4.pdf
182,تقریب شرح معانی الآثار (جلد دوم),درجہ ثامنہ,حدیث,اردو شرح,مولانا مفتی عبد الرؤف سکھرویؒ,https://archive.org/download/DarsENizamiDoraeHadees8thYear01/TAQRIB_E_SHARH_MAANI_UL_AASAR_VOL_02.pdf
183,نخبۃ الافکار فی تنقیح مبانی الاخبار فی شرح معانی الآثار (جلد اول),درجہ ثامنہ,حدیث,عربی شرح,امام بدر الدین محمود بن احمد العینیؒ,https://archive.org/download/NakhbulAfkaarFiTanqeehMabaniAlAkhbaar/Nakhbul%20Afkaar%20Fi%20Tanqeeh%20Mabani%20Al%20Akhbaar.pdf
184,نخبۃ الافکار فی تنقیح مبانی الاخبار فی شرح معانی الآثار (جلد 2),درجہ ثامنہ,حدیث,عربی شرح,امام بدر الدین محمود بن احمد العینیؒ,https://archive.org/download/NakhbulAfkaarFiTanqeehMabaniAlAkhbaar/%D9%86%D8%AE%D8%A8%20%D8%A7%D9%84%D8%A7%D9%81%DA%A9%D8%A7%D8%B1%20%D8%AC%D9%84%D8%AF%202.pdf
185,نخبۃ الافکار فی تنقیح مبانی الاخبار فی شرح معانی الآثار (جلد 3),درجہ ثامنہ,حدیث,عربی شرح,امام بدر الدین محمود بن احمد العینیؒ,https://archive.org/download/NakhbulAfkaarFiTanqeehMabaniAlAkhbaar/%D9%86%D8%AE%D8%A8%20%D8%A7%D9%84%D8%A7%D9%81%DA%A9%D8%A7%D8%B1%20%D8%AC%D9%84%D8%AF%203.pdf
186,نخبۃ الافکار فی تنقیح مبانی الاخبار فی شرح معانی الآثار (جلد 4),درجہ ثامنہ,حدیث,عربی شرح,امام بدر الدین محمود بن احمد العینیؒ,https://archive.org/download/NakhbulAfkaarFiTanqeehMabaniAlAkhbaar/%D9%86%D8%AE%D8%A8%20%D8%A7%D9%84%D8%A7%D9%81%DA%A9%D8%A7%D8%B1%20%D8%AC%D9%84%D8%AF%204.pdf
187,نخبۃ الافکار فی تنقیح مبانی الاخبار فی شرح معانی الآثار (جلد 5),درجہ ثامنہ,حدیث,عربی شرح,امام بدر الدین محمود بن احمد العینیؒ,https://archive.org/download/NakhbulAfkaarFiTanqeehMabaniAlAkhbaar/%D9%86%D8%AE%D8%A8%20%D8%A7%D9%84%D8%A7%D9%81%DA%A9%D8%A7%D8%B1%20%D8%AC%D9%84%D8%AF%205.pdf
188,نخبۃ الافکار فی تنقیح مبانی الاخبار فی شرح معانی الآثار (جلد 6),درجہ ثامنہ,حدیث,عربی شرح,امام بدر الدین محمود بن احمد العینیؒ,https://archive.org/download/NakhbulAfkaarFiTanqeehMabaniAlAkhbaar/%D9%86%D8%AE%D8%A8%20%D8%A7%D9%84%D8%A7%D9%81%DA%A9%D8%A7%D8%B1%20%D8%AC%D9%84%D8%AF%206.pdf
189,نخبۃ الافکار فی تنقیح مبانی الاخبار فی شرح معانی الآثار (جلد 7),درجہ ثامنہ,حدیث,عربی شرح,امام بدر الدین محمود بن احمد العینیؒ,https://archive.org/download/NakhbulAfkaarFiTanqeehMabaniAlAkhbaar/%D9%86%D8%AE%D8%A8%20%D8%A7%D9%84%D8%A7%D9%81%DA%A9%D8%A7%D8%B1%20%D8%AC%D9%84%D8%AF%207.pdf
190,نخبۃ الافکار فی تنقیح مبانی الاخبار فی شرح معانی الآثار (جلد 8),درجہ ثامنہ,حدیث,عربی شرح,امام بدر الدین محمود بن احمد العینیؒ,https://archive.org/download/NakhbulAfkaarFiTanqeehMabaniAlAkhbaar/%D9%86%D8%AE%D8%A8%20%D8%A7%D9%84%D8%A7%D9%81%DA%A9%D8%A7%D8%B1%20%D8%AC%D9%84%D8%AF%208.pdf
191,نخبۃ الافکار فی تنقیح مبانی الاخبار فی شرح معانی الآثار (جلد 9),درجہ ثامنہ,حدیث,عربی شرح,امام بدر الدین محمود بن احمد العینیؒ,https://archive.org/download/NakhbulAfkaarFiTanqeehMabaniAlAkhbaar/%D9%86%D8%AE%D8%A8%20%D8%A7%D9%84%D8%A7%D9%81%DA%A9%D8%A7%D8%B1%20%D8%AC%D9%84%D8%AF%209.pdf
192,نخبۃ الافکار فی تنقیح مبانی الاخبار فی شرح معانی الآثار (جلد 10),درجہ ثامنہ,حدیث,عربی شرح,امام بدر الدین محمود بن احمد العینیؒ,https://archive.org/download/NakhbulAfkaarFiTanqeehMabaniAlAkhbaar/%D9%86%D8%AE%D8%A8%20%D8%A7%D9%84%D8%A7%D9%81%DA%A9%D8%A7%D8%B1%20%D8%AC%D9%84%D8%AF%2010.pdf
193,نخبۃ الافکار فی تنقیح مبانی الاخبار فی شرح معانی الآثار (جلد 11),درجہ ثامنہ,حدیث,عربی شرح,امام بدر الدین محمود بن احمد العینیؒ,https://archive.org/download/NakhbulAfkaarFiTanqeehMabaniAlAkhbaar/%D9%86%D8%AE%D8%A8%20%D8%A7%D9%84%D8%A7%D9%81%DA%A9%D8%A7%D8%B1%20%D8%AC%D9%84%D8%AF%2011.pdf
194,نخبۃ الافکار فی تنقیح مبانی الاخبار فی شرح معانی الآثار (جلد 12),درجہ ثامنہ,حدیث,عربی شرح,امام بدر الدین محمود بن احمد العینیؒ,https://archive.org/download/NakhbulAfkaarFiTanqeehMabaniAlAkhbaar/%D9%86%D8%AE%D8%A8%20%D8%A7%D9%84%D8%A7%D9%81%DA%A9%D8%A7%D8%B1%20%D8%AC%D9%84%D8%AF%2012.pdf
195,نخبۃ الافکار فی تنقیح مبانی الاخبار فی شرح معانی الآثار (جلد 13),درجہ ثامنہ,حدیث,عربی شرح,امام بدر الدین محمود بن احمد العینیؒ,https://archive.org/download/NakhbulAfkaarFiTanqeehMabaniAlAkhbaar/%D9%86%D8%AE%D8%A8%20%D8%A7%D9%84%D8%A7%D9%81%DA%A9%D8%A7%D8%B1%20%D8%AC%D9%84%D8%AF%2013.pdf
196,نخبۃ الافکار فی تنقیح مبانی الاخبار فی شرح معانی الآثار (جلد 14),درجہ ثامنہ,حدیث,عربی شرح,امام بدر الدین محمود بن احمد العینیؒ,https://archive.org/download/NakhbulAfkaarFiTanqeehMabaniAlAkhbaar/%D9%86%D8%AE%D8%A8%20%D8%A7%D9%84%D8%A7%D9%81%DA%A9%D8%A7%D8%B1%20%D8%AC%D9%84%D8%AF%2014.pdf
197,نخبۃ الافکار فی تنقیح مبانی الاخبار فی شرح معانی الآثار (جلد 15),درجہ ثامنہ,حدیث,عربی شرح,امام بدر الدین محمود بن احمد العینیؒ,https://archive.org/download/NakhbulAfkaarFiTanqeehMabaniAlAkhbaar/%D9%86%D8%AE%D8%A8%20%D8%A7%D9%84%D8%A7%D9%81%DA%A9%D8%A7%D8%B1%20%D8%AC%D9%84%D8%AF%2015.pdf
198,نخبۃ الافکار فی تنقیح مبانی الاخبار فی شرح معانی الآثار (جلد 16),درجہ ثامنہ,حدیث,عربی شرح,امام بدر الدین محمود بن احمد العینیؒ,https://archive.org/download/NakhbulAfkaarFiTanqeehMabaniAlAkhbaar/%D9%86%D8%AE%D8%A8%20%D8%A7%D9%84%D8%A7%D9%81%DA%A9%D8%A7%D8%B1%20%D8%AC%D9%84%D8%AF%2016.pdf
199,نخبۃ الافکار فی تنقیح مبانی الاخبار فی شرح معانی الآثار (جلد 17),درجہ ثامنہ,حدیث,عربی شرح,امام بدر الدین محمود بن احمد العینیؒ,https://archive.org/download/NakhbulAfkaarFiTanqeehMabaniAlAkhbaar/%D9%86%D8%AE%D8%A8%20%D8%A7%D9%84%D8%A7%D9%81%DA%A9%D8%A7%D8%B1%20%D8%AC%D9%84%D8%AF%2017.pdf
200,نخبۃ الافکار فی تنقیح مبانی الاخبار فی شرح معانی الآثار (جلد 18),درجہ ثامنہ,حدیث,عربی شرح,امام بدر الدین محمود بن احمد العینیؒ,https://archive.org/download/NakhbulAfkaarFiTanqeehMabaniAlAkhbaar/%D9%86%D8%AE%D8%A8%20%D8%A7%D9%84%D8%A7%D9%81%DA%A9%D8%A7%D8%B1%20%D8%AC%D9%84%D8%AF%2018.pdf
201,نخبۃ الافکار فی تنقیح مبانی الاخبار فی شرح معانی الآثار (جلد 19),درجہ ثامنہ,حدیث,عربی شرح,امام بدر الدین محمود بن احمد العینیؒ,https://archive.org/download/NakhbulAfkaarFiTanqeehMabaniAlAkhbaar/%D9%86%D8%AE%D8%A8%20%D8%A7%D9%84%D8%A7%D9%81%DA%A9%D8%A7%D8%B1%20%D8%AC%D9%84%D8%AF%2019.pdf
202,نخبۃ الافکار فی تنقیح مبانی الاخبار فی شرح معانی الآثار (جلد 20),درجہ ثامنہ,حدیث,عربی شرح,امام بدر الدین محمود بن احمد العینیؒ,https://archive.org/download/NakhbulAfkaarFiTanqeehMabaniAlAkhbaar/%D9%86%D8%AE%D8%A8%20%D8%A7%D9%84%D8%A7%D9%81%DA%A9%D8%A7%D8%B1%20%D8%AC%D9%84%D8%AF%2020.pdf
203,تہذیب الطحاوی فی احادیث الاحکام,درجہ ثامنہ,حدیث,درسی تلخیص,مولانا مفتی عبد الرؤف سکھرویؒ,https://archive.org/download/feb-21/TAHZEEB_AL_TAHAWI.pdf
204,تسہیل الطحاوی فی حل شرح معانی الآثار,درجہ ثامنہ,حدیث,اردو شرح,مولانا عبد الحلیم قاسمیؒ,https://archive.org/download/DarsENizamiDoraeHadees8thYear01/TASHEEL_UT_TAHAWI.pdf
205,تقریرِ طحاوی شریف,درجہ ثامنہ,حدیث,اردو تقریر,مولانا مفتی مہدی حسن شاہجہاں پوریؒ,https://archive.org/download/DarsENizamiDoraeHadees8thYear01/TAQREER_E_TAHAWI_SHAREEF.pdf
206,نوٹِ طحاوی درسی یادداشتیں,درجہ ثامنہ,حدیث,درسی نوٹ,مولانا مفتی عبد الرؤف سکھرویؒ,https://archive.org/download/DarsENizamiDoraeHadees8thYear01/NOTE_E_TAHAWI.pdf
207,ایضاح الطحاوی شرح معانی الآثار (مکمل ۳ جلدیں),درجہ ثامنہ,حدیث,اردو شرح,مولانا شبیر احمد قاسمیؒ / مولانا عاشق الٰہی بلند شہریؒ,https://archive.org/download/20251118_20251118_0835/%D8%A7%DB%8C%D8%B6%D8%A7%D8%AD%20%D8%A7%D9%84%D8%B7%D8%AD%D8%A7%D9%88%DB%8C%20%D8%B4%D8%B1%D8%AD%20%D9%85%D8%B9%D8%A7%D9%86%DB%8C%20%D8%A7%D9%84%D8%A7%D8%AB%D8%A7%D8%B1%20%28%D9%84%D9%84%D8%A7%D9%85%D8%A7%D9%85%20%D8%A7%D8%A8%DB%8C%20%D8%AC%D8%B9%D9%81%D8%B1%20%D8%A7%D9%84%D8%B7%D8%AD%D8%A7%D9%88%DB%8C%29%D8%A7%D9%84%D9%85%D8%B9%D8%B1%D9%88%D9%81%20%D8%B7%D8%AD%D8%A7%D9%88%DB%8C%20%D8%B4%D8%B1%DB%8C%D9%81%20%DB%94%20%D8%B4%D8%A8%DB%8C%D8%B1%20%D8%A7%D8%AD%D9%85%D8%AF%20%D9%82%D8%A7%D8%B3%D9%85%DB%8C%20%DB%94%20%D9%85%DA%A9%D9%85%D9%84%20%D8%AC%D9%84%D8%AF%20%D8%A7%D9%88%D9%84%20%D8%AF%D9%88%D9%85%20%20%D8%B3%D9%88%D9%85%20%DB%94%20%D8%AD%D9%82.pdf
208,ایضاح الطحاوی فی حل شرح معانی الآثار (جلد دوم),درجہ ثامنہ,حدیث,اردو شرح,مولانا عاشق الٰہی بلند شہریؒ,https://archive.org/download/DarsENizamiDoraeHadees8thYear01/EIZAH_UT_TAHAWI_VOL_02.pdf
209,نظرِ طحاوی فی احادیث الاحکام,درجہ ثامنہ,حدیث,اردو شرح,مولانا عبد الرحیم قاسمیؒ,https://archive.org/download/DarsENizamiDoraEHadees8thYear03/NAZR_E_TAHAWI.pdf
210,احسان الٰہی اردو شرح موطا، طحاوی، نسائی و ابن ماجہ,درجہ ثامنہ,حدیث,مجموعہ شروحات,مولانا احسان اللہ قاسمیؒ,https://archive.org/download/DarsENizamiDoraEHadees8thYear/IhsanEElahiUrduSharhMoattaaintahavinasaeeIbnEMaja.pdf
211,شرح معانی الآثار مع اردو ترجمہ و تشریح (جلد اول - مقدمہ و کتاب الطہارۃ),درجہ ثامنہ,حدیث,اردو ترجمہ و تشریح,امام ابو جعفر احمد بن محمد الطحاویؒ,https://archive.org/download/tahawi-ur/tahawi-0.pdf
212,شرح معانی الآثار مع اردو ترجمہ و تشریح (جلد دوم - کتاب الصلاۃ),درجہ ثامنہ,حدیث,اردو ترجمہ و تشریح,امام ابو جعفر احمد بن محمد الطحاویؒ,https://archive.org/download/tahawi-ur/tahawi-1.pdf
213,شرح معانی الآثار مع اردو ترجمہ و تشریح (جلد سوم - بقیہ ابواب الصلاۃ و الجنائز),درجہ ثامنہ,حدیث,اردو ترجمہ و تشریح,امام ابو جعفر احمد بن محمد الطحاویؒ,https://archive.org/download/tahawi-ur/tahawi-2.pdf
214,شرح معانی الآثار مع اردو ترجمہ و تشریح (جلد چہارم - الزکاۃ و الصوم و الحج),درجہ ثامنہ,حدیث,اردو ترجمہ و تشریح,امام ابو جعفر احمد بن محمد الطحاویؒ,https://archive.org/download/tahawi-ur/tahawi-3.pdf
215,شرح معانی الآثار مع اردو ترجمہ و تشریح (جلد پنجم - البیوع و مابعدھا),درجہ ثامنہ,حدیث,اردو ترجمہ و تشریح,امام ابو جعفر احمد بن محمد الطحاویؒ,https://archive.org/download/tahawi-ur/tahawi-4.pdf
216,احسن الحاوی فی شرح طحاوی شریف,درجہ ثامنہ,حدیث,اردو شرح,مولانا مفتی عبد الرؤف سکھرویؒ,https://archive.org/download/DarsENizamiDoraEHadees8thYear03/AHSAN_UL_HAWI_SHARH_TAHAWI_SHAREEF.pdf
217,بغیۃ السالک الی اشرف المسالک شرح موطا امام مالک (جلد اول),درجہ ثامنہ,حدیث,عربی شرح,علامہ مولانا محمد زکریا کاندھلویؒ,https://archive.org/download/oct10-22/BUGHYATUS_SALIK_VOL_01.pdf
218,بغیۃ السالک الی اشرف المسالک شرح موطا امام مالک (جلد دوم),درجہ ثامنہ,حدیث,عربی شرح,علامہ مولانا محمد زکریا کاندھلویؒ,https://archive.org/download/oct10-22/BUGHYATUS_SALIK_VOL_02.pdf
219,تنقیح المسالک فی شرح موطا امام مالک,درجہ ثامنہ,حدیث,اردو شرح,مولانا مفتی عبد الرؤف سکھرویؒ,https://archive.org/download/DarsENizamiDoraEHadees8thYear03/TANQIH_UL_MASALIK_SHARH_MUWATTA_IMAM_MALIK.pdf
220,لمعات التنقیح فی شرح مشکوٰۃ المصابیح (جلد اول),درجہ ثامنہ,حدیث,عربی شرح,شیخ عبد الحق محدث دہلویؒ,https://archive.org/download/DarsENizamiDoraEHadees8thYear/LAMAAT-UN-TANQEEH-VOL-01.pdf
221,لمعات التنقیح فی شرح مشکوٰۃ المصابیح (جلد دوم),درجہ ثامنہ,حدیث,عربی شرح,شیخ عبد الحق محدث دہلویؒ,https://archive.org/download/DarsENizamiDoraEHadees8thYear/LAMAAT-UN-TANQEEH-VOL-02.pdf
222,لمعات التنقیح فی شرح مشکوٰۃ المصابیح (جلد سوم),درجہ ثامنہ,حدیث,عربی شرح,شیخ عبد الحق محدث دہلویؒ,https://archive.org/download/DarsENizamiDoraEHadees8thYear/LAMAAT-UN-TANQEEH-VOL-03.pdf
223,لمعات التنقیح فی شرح مشکوٰۃ المصابیح (جلد چہارم),درجہ ثامنہ,حدیث,عربی شرح,شیخ عبد الحق محدث دہلویؒ,https://archive.org/download/DarsENizamiDoraEHadees8thYear/LAMAAT-UN-TANQEEH-VOL-04.pdf
224,لمعات التنقیح فی شرح مشکوٰۃ المصابیح (جلد پنجم),درجہ ثامنہ,حدیث,عربی شرح,شیخ عبد الحق محدث دہلویؒ,https://archive.org/download/DarsENizamiDoraEHadees8thYear/LAMAAT-UN-TANQEEH-VOL-05.pdf
225,لمعات التنقیح فی شرح مشکوٰۃ المصابیح (جلد ششم),درجہ ثامنہ,حدیث,عربی شرح,شیخ عبد الحق محدث دہلویؒ,https://archive.org/download/DarsENizamiDoraEHadees8thYear/LAMAAT-UN-TANQEEH-VOL-06.pdf
226,لمعات التنقیح فی شرح مشکوٰۃ المصابیح (جلد ہفتم),درجہ ثامنہ,حدیث,عربی شرح,شیخ عبد الحق محدث دہلویؒ,https://archive.org/download/DarsENizamiDoraEHadees8thYear/LAMAAT-UN-TANQEEH-VOL-07.pdf
227,لمعات التنقیح فی شرح مشکوٰۃ المصابیح (جلد ہشتم),درجہ ثامنہ,حدیث,عربی شرح,شیخ عبد الحق محدث دہلویؒ,https://archive.org/download/DarsENizamiDoraEHadees8thYear/LAMAAT-UN-TANQEEH-VOL-08.pdf
228,لمعات التنقیح فی شرح مشکوٰۃ المصابیح (جلد نہم),درجہ ثامنہ,حدیث,عربی شرح,شیخ عبد الحق محدث دہلویؒ,https://archive.org/download/DarsENizamiDoraEHadees8thYear/LAMAAT-UN-TANQEEH-VOL-09.pdf
229,لمعات التنقیح فی شرح مشکوٰۃ المصابیح (جلد دہم),درجہ ثامنہ,حدیث,عربی شرح,شیخ عبد الحق محدث دہلویؒ,https://archive.org/download/DarsENizamiDoraEHadees8thYear/LAMAAT-UN-TANQEEH-VOL-10.pdf
230,المسائل والدلائل فی احادیث الاحکام,درجہ ثامنہ,حدیث,احادیث الاحکام,مولانا مفتی عبد الرؤف سکھرویؒ,https://archive.org/download/DarsENizamiDoraEHadees8thYear/Al_Masail_Wad_Dalail.pdf
231,محدثینِ عظام اور ان کی کتابوں کا تعارف,درجہ ثامنہ,حدیث,تاریخِ حدیث و رجال,مولانا سلیم اللہ خانؒ,https://archive.org/download/Mahaditheen-e-AzzaamAurUnkiKitabonKaTaarufByShaykhSaleemullahKhan/Mahaditheen-e-AzzaamAurUnkiKitabonKaTaarufByShaykhSaleemullahKhan.pdf
232,حل شدہ پرچہ جات دورۂ حدیث شریف (2021),درجہ ثامنہ,امتحانات,حل شدہ پرچہ جات,وفاق المدارس العربیہ پاکستان,https://archive.org/download/DarsENizamiDoraeHadees8thYear01/PARCHAJAAT_DAORA_HADITH_2021.pdf
233,تدریب الراوی فی شرح تقریب النواوی,درجہ ثامنہ,حدیث,اصولِ حدیث,امام جلال الدین السیوطیؒ,https://archive.org/download/DoraEHadees/TADREEB_UL_RAWI.pdf
234,جمال القرآن جدید,درجہ اولیٰ,تجوید,علم التجوید,حکیم الامت حضرت مولانا اشرف علی تھانویؒ,https://dn710108.ca.archive.org/0/items/20251002_20251002_1345/جمال القرآن جدید ۔ شاہ محمد اشرف علی تھانوی ۔ حق .pdf
235,الطریقۃ العصریۃ فی تعلیم اللغۃ العربیۃ,درجہ اولیٰ,عربی ادب,درسی کتاب,فضیلۃ الشیخ عبد الرزاق بن عبد المجید الگیلانیؒ,https://dn790006.ca.archive.org/0/items/tareeqa-tul-asria/الطريقۃ العصريۃ - Tareeqa tul Asria.pdf
236,امل النحو,درجہ اولیٰ,نحو,آسان اردو شرح,حضرت مولانا مفتی شفیق الرحمنؒ,https://dn760102.eu.archive.org/0/items/iml-ul-nahaw/Iml-ul-Nahaw.pdf
237,ارشاد الصرف,درجہ اولیٰ,صرف,درسی کتاب,حضرت مولانا ارشاد احمد مدظلہ,https://dn760005.eu.archive.org/0/items/DarsENizami_DarjaAula_1stYear/IrshadUsSarf.pdf
238,تعلیم المتعلم طریق التعلم,درجہ اولیٰ,اخلاقیات,اصل کتاب,علامہ برہان الدین الزرنوجیؒ,https://archive.org/download/taleem-ul-mutallim-tareeq-ul-tallum-sheikh-burhan-ul-deen-al-zarnoji/تعلیم المتعلم.pdf
239,نحو میر اردو مع تشریح,درجہ اولیٰ,نحو,اردو ترجمہ و تشریح,میر سید شریف علی بن محمد الجرجانیؒ,https://archive.org/download/mnhbooks/NAHWMEER_URDU.pdf
240,مختصر القدوری مع المعتصر الضروری (مکتبۃ البشریٰ),درجہ ثانیہ,فقہ,اصل کتاب مع حاشیہ,امام ابو الحسن احمد بن محمد القدوریؒ / الشیخ سلیمان الہندیؒ,https://dn720800.ca.archive.org/0/items/20260215_20260215_0640/مختصر القدوری، امام ابی الحسن احمد البغدادی القدوری، المعتصر الضروری، سلیمان ہندی، ؟عربی، مکتبہ البشریٰ ۔ حق .pdf
241,مختصر القدوری شرح بغدادی (قدیم ایڈیشن),درجہ ثانیہ,فقہ,اصل کتاب مع شرح,امام ابو الحسن احمد بن محمد القدوریؒ,https://archive.org/download/20231203_20231203_1822/مختصر القدوری شرح بغدادی قدیم ایڈیشن.pdf
242,القراءۃ الراشدۃ (جلد اول),درجہ ثانیہ,عربی ادب,درسی کتاب,حضرت مولانا سید ابو الحسن علی حسنی ندویؒ,https://www.talibeilm.net/uploads/4/7/1/3/4713847/al-qiraat_ul_rashedah_vol-1.pdf
243,القراءۃ الراشدۃ مع ایضاح القراءۃ (جدید ایڈیشن),درجہ ثانیہ,عربی ادب,اردو شرح و حاشیہ,مولانا سید ابو الحسن علی ندویؒ / مولانا نسیم احمد اعظمیؒ,https://archive.org/download/20230304_20230304_0242/القراءة الراشدة مع ایضاح القراءة جدید ایڈیشن.pdf
244,المرقاۃ فی المنطق,درجہ ثانیہ,منطق,اصل کتاب,علامہ فضل امام خیر آبادیؒ,https://www.talibeilm.net/uploads/4/7/1/3/4713847/al_mirqat.pdf
245,عینۃ العلم فی تفسیر القرآن بالقرآن,درجہ ثانیہ,تفسیر,درسی تفسیر,علماء جامعہ حقانیہ,https://archive.org/download/20250924_20250924_1348/عینة العلم فی تفسیر القرآن بالقرآن جامعہ حق.pdf
246,قانون الادب,درجہ ثانیہ,عربی ادب,قواعد و انشاء,مولانا عتیق الرحمن اعظمیؒ,https://archive.org/download/20260215_20260215_1437/کانون الادب عتیق الرحمن اعظمی.pdf
247,اصول الشاشی (نسخہ اول),درجہ ثانیہ,اصول فقہ,اصل کتاب,امام نظام الدین اسحاق بن ابراہیم الشاشیؒ,https://archive.org/download/20230212_20230212_0336/اصول الشاشی.pdf
248,اصول الشاشی مع تحقیق و تعلیق,درجہ ثانیہ,اصول فقہ,اصل کتاب مع تحقیق,امام نظام الدین الشاشیؒ / تحقیق ڈاکٹر محمد اکرم ندوی,https://archive.org/download/Usul_Ash-Shashi_Wa_Shuroohatuha/اصول الشاشی بتحقیق محمد اکرم ندوی.pdf
249,آسان اصول فقہ (الاسعدی),درجہ ثانیہ,اصول فقہ,آسان اردو شرح,حضرت مولانا اسعد اللہ اعظمیؒ,https://archive.org/download/20251007_20251007_1036/آسان اصول فقہ الاسعدی.pdf
250,تسہیل المنطق,درجہ ثانیہ,منطق,آسان اردو شرح,حضرت مولانا عبد اللہ صاحب مدظلہ,https://archive.org/download/images_201602/images.pdf
251,الکافیۃ (نسخہ دار العلوم دیوبند),درجہ ثالثہ,نحو,اصل کتاب مع حاشیہ,علامہ ابن حاجب جمال الدین عثمان بن عمر النحویؒ,https://archive.org/download/20260623_20260623_1100/کافیہ دار العلوم دیوبند.pdf
252,معلم الانشاء (جلد دوم - نسخہ ثانی),درجہ ثالثہ,انشاء,مشقی مواد,حضرت مولانا عبد الماجد ندویؒ,https://archive.org/download/muallam-ul-insha-jild-02-1/Muallam-ul-Insha - Jild 02 (1).pdf
253,نور الانوار جلد اول (مکتبۃ البشریٰ رنگین ایڈیشن),درجہ رابعہ,اصول فقہ,اصل کتاب,علامہ احمد بن ابی سعید الشیخ ملا جیونؒ,http://www.mediafire.com/file/rj0cu9ykkcrt5cw/NoorUlAnwaarVol1AlBushraColor.pdf/file
254,سنن النسائی شریف (جلد اول - قدیمی کتب خانہ),درجہ ثامنہ,حدیث,اصل کتاب,امام احمد بن شعیب النسائیؒ,https://archive.org/download/DarsENizamiDoraEHadees8thYear/SUNAN-E-NASAI-VOL-1-QADEMI.pdf
255,سنن النسائی شریف مترجم اردو (جلد اول),درجہ ثامنہ,حدیث,اردو ترجمہ و شرح,امام احمد بن شعیب النسائیؒ / اردو ترجمہ و تشریح,https://archive.org/download/SunanENisai_Complete/Sunan%20e%20Nisai%20Jild%201.pdf
256,سنن النسائی شریف مترجم اردو (جلد دوم),درجہ ثامنہ,حدیث,اردو ترجمہ و شرح,امام احمد بن شعیب النسائیؒ / اردو ترجمہ و تشریح,https://archive.org/download/SunanENisai_Complete/Sunan%20e%20Nisai%20Jild%202.pdf
257,سنن النسائی شریف مترجم اردو (جلد سوم),درجہ ثامنہ,حدیث,اردو ترجمہ و شرح,امام احمد بن شعیب النسائیؒ / اردو ترجمہ و تشریح,https://archive.org/download/SunanENisai_Complete/Sunan%20e%20Nisai%20Jild%203.pdf
258,تحفۃ القاری اردو شرح صحیح البخاری (جلد دوم - تفصیلی ایڈیشن),درجہ ثامنہ,حدیث,اردو درسی شرح,حضرت مولانا مفتی سعید احمد پالن پوریؒ,https://archive.org/download/DarsENizamiDoraEHadees8thYear/TohfatUlQariUrduSharhAlSahihUlBukhariVol2.pdf
259,الشمائل المحمدیۃ للترمذی (مکتبۃ البشریٰ),درجہ ثامنہ,حدیث,اصل کتاب,امام ابو عیسیٰ محمد بن عیسیٰ الترمذیؒ,https://archive.org/download/SHAMAILETIRMEZI/SHAMAIL%20E%20TIRMEZI%20AL%20BUSHRA.pdf
260,نور الإیضاح (اصل متن),درجہ اولیٰ,فقہ,اصل کتاب,الشیخ حسن بن عمار الشرنبلالیؒ,https://archive.org/download/DarsENizami_DarjaAula_1stYear/NOOR-UL-AIZAH-O-NAJAT-UL-ARWAH.pdf
261,نور الإیضاح (مکتبہ رحمانیہ),درجہ اولیٰ,فقہ,اصل کتاب,الشیخ حسن بن عمار الشرنبلالیؒ,https://archive.org/download/DarsENizami_DarjaAula_1stYear/NOOR%20UL%20EZAH%20RAHMANIA.pdf
262,نور الإیضاح (مکتبۃ البشریٰ رنگین ایڈیشن),درجہ اولیٰ,فقہ,اصل کتاب,الشیخ حسن بن عمار الشرنبلالیؒ,https://archive.org/download/DarsENizami_DarjaAula_1stYear_02/NoorUlEzahAlBushraColor.pdf
263,حاشیۃ الطحطاوی علی مراقی الفلاح,درجہ اولیٰ,فقہ,شروح وحواشی,العلامۃ احمد بن محمد الطحطاویؒ,https://archive.org/download/besturdubooks2/Hashia-Al-Tahtawi.pdf
264,شفاء الأرواح (اردو شرح نور الإیضاح),درجہ اولیٰ,فقہ,شروح وحواشی,مولانا شفیق الرحمنؒ,https://archive.org/download/DarsENizami_DarjaAula_1stYear/Shifa-Ul-Arwaah-Urdu-Sharah-Noor-Ezah.pdf
265,مراقی الفلاح شرح نور الإیضاح,درجہ اولیٰ,فقہ,شروح وحواشی,الشیخ حسن بن عمار الشرنبلالیؒ,https://archive.org/download/besturdubooks2/Maraqil-Falah.pdf
266,ثمرات النجاح (جلد اول - اردو شرح نور الإیضاح),درجہ اولیٰ,فقہ,شروح وحواشی,مولانا ثناء اللہ خانؒ,https://archive.org/download/SamaratUnNajah/Samarat_Un_Najah_Vol_1.pdf
267,امداد الفتاح (عربی شرح نور الإیضاح),درجہ اولیٰ,فقہ,شروح وحواشی,الشیخ حسن بن عمار الشرنبلالیؒ,https://archive.org/download/DarsENizami_DarjaAula_1stYear/IMDAD%20UL%20FATTAH%20ARABIC%20SHAR%20NOOR%20UL%20IZAH.pdf
268,انوار الإیضاح (اردو شرح نور الإیضاح),درجہ اولیٰ,فقہ,شروح وحواشی,مولانا انوار الحقؒ,https://archive.org/download/DarsENizami_DarjaAula_1stYear/AnwaarUlEizahUrduSharhNoorUlEizah.pdf
269,نحو میر (اصل متن),درجہ اولیٰ,نحو,اصل کتاب,میر سید شریف جرجانیؒ,https://archive.org/download/DarsENizami_DarjaAula_1stYear/NAHWMEER-URDU.pdf
270,نحو میر (مکتبۃ البشریٰ رنگین ایڈیشن),درجہ اولیٰ,نحو,اصل کتاب,میر سید شریف جرجانیؒ,https://archive.org/download/DarsENizami_DarjaAula_1stYear_02/NahwMeerAlBushraColor.pdf
271,نحو میر (معیاری اردو ایڈیشن),درجہ اولیٰ,نحو,اصل کتاب,میر سید شریف جرجانیؒ,https://archive.org/download/NAHWMEERURDU/NAHW%20MEER%20URDU.pdf
272,اشرف النحو (اردو شرح نحو میر),درجہ اولیٰ,نحو,شروح وحواشی,مولانا اشرف علی تھانویؒ,https://archive.org/download/DarsENizami_DarjaAula_1stYear/ASHRAF_UN_NAHW_SHARH_NAHWMIR.pdf
273,ریح العبیر (شرح نحو میر),درجہ اولیٰ,نحو,شروح وحواشی,علامہ عبد المجیدؒ,https://archive.org/download/DarsENizami_DarjaAula_1stYear_02/REEHUL_ABEER_SHARH_E_NAHWAMIR.pdf
274,تذکیر (اردو شرح نحو میر),درجہ اولیٰ,نحو,شروح وحواشی,مولانا ذاکر حسینؒ,https://archive.org/download/DarsENizami_DarjaAula_1stYear/TAZKEER-URDU-SHARH-NAHWMEER.pdf
275,بدر منیر (اردو شرح نحو میر),درجہ اولیٰ,نحو,شروح وحواشی,مولانا منیر احمدؒ,https://archive.org/download/DarsENizami_DarjaAula_1stYear/BADR%20E%20MUNEER%20URDU%20SHAR%20NAHWMEER.pdf
276,ہدیہ صغیر (اردو شرح نحو میر),درجہ اولیٰ,نحو,شروح وحواشی,مولانا محمد صغیرؒ,https://archive.org/download/DarsENizami_DarjaAula_1stYear/HadyaESaghirUrduSharhNahwameer.pdf
277,التنویر (اردو شرح نحو میر),درجہ اولیٰ,نحو,شروح وحواشی,مولانا انوار احمدؒ,https://archive.org/download/DarsENizami_DarjaAula_1stYear/AlTanveerUrduSharhNahwmeer.pdf
278,راہنمائے ترکیب (نحوی تراکیب کی رہنمائی),درجہ اولیٰ,نحو,شروح وحواشی,مولانا مفتی عبد الرحیمؒ,https://www.mediafire.com/file/y7lpw10dlycsh9c/RAHNUMA_E_TARKEEB.pdf/file
279,تنویر (اردو شرح نحو میر),درجہ اولیٰ,نحو,شروح وحواشی,مولانا تنویر احمدؒ,https://archive.org/download/DarsENizami_DarjaAula_1stYear/TanveerUrduSharhNahwmeer.pdf
280,بدر السعید (شرح نحو میر),درجہ اولیٰ,نحو,شروح وحواشی,مولانا سعید احمدؒ,https://archive.org/download/DarsENizami_DarjaAula_1stYear_02/BADRUS_SAEED_SHARH_NAHWMIR.pdf
281,تصویر (نقشوں کے ساتھ شرح نحو میر),درجہ اولیٰ,نحو,شروح وحواشی,علامہ تصویر احمدؒ,https://archive.org/download/DarsENizami_DarjaAula_1stYear/TASWEER.pdf
282,سؤل الفقیر (اردو شرح نحو میر),درجہ اولیٰ,نحو,شروح وحواشی,مولانا فقیر محمدؒ,https://archive.org/download/DarsENizami_DarjaAula_1stYear/SaulFaqeerUrduSharhNahwmeer.pdf
283,درس نحو میر (افادات مولانا احمد ممتاز),درجہ اولیٰ,نحو,شروح وحواشی,مولانا احمد ممتازؒ,https://archive.org/download/DARSENAHWMEER/DARS%20E%20NAHW%20MEER%20BY%20MAULANA%20AHMED%20MUMTAZ.pdf
284,الضوء المستنیر (شرح اردو نحو میر),درجہ اولیٰ,نحو,شروح وحواشی,علامہ المستنیرؒ,https://archive.org/download/DarsENizami_DarjaAula_1stYear_02/DHAWUL_MUSTANIR_SHARH_URDU_NAHWMIR.pdf
285,الکوکب المنیر (شرح اردو نحو میر),درجہ اولیٰ,نحو,شروح وحواشی,علامہ کوکب الحسینؒ,https://archive.org/download/DarsENizami_DarjaAula_1stYear_02/AL_KAOKAB_UL_MUNIR_SHARH_URDU_NAHWMIR.pdf
286,إقناع الضمیر (تعریب وترکیب نحو میر),درجہ اولیٰ,نحو,شروح وحواشی,مولانا عبد السلامؒ,https://archive.org/download/DarsENizami_DarjaAula_1stYear/IQNA%20UZ%20ZAMIR%20TAREEB%20NAHWMIR.pdf
287,النحو الواضح (مکتبۃ البشریٰ),درجہ اولیٰ,نحو,اصل کتاب,علی الجارم ومصطفیٰ امین,https://archive.org/download/DarsENizami_DarjaAula_1stYear/AL%20NAHW%20UL%20WAZEH%20AL%20BUSHRA.pdf
288,ارشاد الصرف (اصل عربی متن),درجہ اولیٰ,صرف,اصل کتاب,مولانا مشتاق احمد چرتھاولیؒ,https://archive.org/download/DarsENizami_DarjaAula_1stYear/IrshadUsSarfArabic.pdf
289,ارشاد التمرين (شرح ارشاد الصرف),درجہ اولیٰ,صرف,شروح وحواشی,مولانا ارشاد احمدؒ,https://archive.org/download/DarsENizami_DarjaAula_1stYear_02/IRSHAD_AL_TAMREEN_SHARH_IRSHAD_AL_SARF.pdf
290,منہاج الصرف (شرح ارشاد الصرف),درجہ اولیٰ,صرف,شروح وحواشی,سعد الباقی حقانیؒ,https://archive.org/download/MINHAJUSSARF/MINHAJ%20US%20SARF%20BY%20SADUL%20BAQI%20HAQQANI.pdf
291,تنویر الصرف (اردو شرح ارشاد الصرف),درجہ اولیٰ,صرف,شروح وحواشی,مولانا تنویر الحقؒ,https://archive.org/download/DarsENizami_DarjaAula_1stYear/TanweerUsSarfUrduSharhIrshadUsSarf.pdf
292,إظہار الصدف (شرح ارشاد الصرف),درجہ اولیٰ,صرف,شروح وحواشی,مولانا صدف حسینؒ,https://archive.org/download/DarsENizami_DarjaAula_1stYear/IzharUsSadafSharhIrshadUsSarf.pdf
293,خیر الزاد (اردو شرح ارشاد الصرف),درجہ اولیٰ,صرف,شروح وحواشی,مولانا خیر محمدؒ,https://archive.org/download/DarsENizami_DarjaAula_1stYear/KhairUzZadUrduSharhIrshadUsSarf.pdf
294,درس ارشاد الصرف (افادات مفتی احمد ممتاز),درجہ اولیٰ,صرف,شروح وحواشی,مفتی احمد ممتازؒ,https://archive.org/download/DARSEIRSHADUSSAR/DARS%20E%20IRSHAD%20US%20SARF%20BY%20MUFTI%20AHMAD%20MUMTAZ.pdf
295,معارف الصرف (اردو شرح ارشاد الصرف),درجہ اولیٰ,صرف,شروح وحواشی,مولانا معارف الحقؒ,https://archive.org/download/DarsENizami_DarjaAula_1stYear/MaarifUsSarfUrduSharhIrshadUsSarf.pdf
296,إملاء الصرف (اردو شرح ارشاد الصرف),درجہ اولیٰ,صرف,شروح وحواشی,مولانا املاء الحسینؒ,https://archive.org/download/DarsENizami_DarjaAula_1stYear/ImlaUsSarfUrduSharhIrshadUsSarf.pdf
297,انوار الصرف (اردو شرح ارشاد الصرف),درجہ اولیٰ,صرف,شروح وحواشی,مولانا انوار الرحمنؒ,https://archive.org/download/DarsENizami_DarjaAula_1stYear/AnwaarUsSarfUrduSharhIrshadUsSarf.pdf
298,میزان ومنشعب (اردو),درجہ اولیٰ,صرف,اصل کتاب,ملا حمزہ بدخشیؒ,https://archive.org/download/DarsENizami_DarjaAula_1stYear/MIZAN-O-MUNSHAEIB-URDU.pdf
299,میزان ومنشعب (مکتبۃ البشریٰ رنگین ایڈیشن),درجہ اولیٰ,صرف,اصل کتاب,ملا حمزہ بدخشیؒ,https://archive.org/download/DarsENizami_DarjaAula_1stYear_02/MezanOManshaabAlBushraColor.pdf
300,میزان الأفعال,درجہ اولیٰ,صرف,اصل کتاب,ملا حمزہ بدخشیؒ,https://archive.org/download/DarsENizami_DarjaAula_1stYear/MIZAN_UL_AFAAL.pdf
301,قوانین علم الصرف,درجہ اولیٰ,صرف,شروح وحواشی,مولانا عنایت اللہؒ,https://archive.org/download/BestUrduBooks517/QAWANEEN-E-ELM-US-SARF.pdf
302,شرح مائۃ عامل (مکتبہ رشیدیہ),درجہ اولیٰ,نحو,اصل کتاب,الشیخ عبد القاہر الجرجانیؒ,https://archive.org/download/DarsENizami_DarjaAula_1stYear/SHARH%20MIATA%20AMIL%20RASHEDIA.pdf
303,شرح مائۃ عامل (مکتبۃ البشریٰ رنگین ایڈیشن),درجہ اولیٰ,نحو,اصل کتاب,الشیخ عبد القاہر الجرجانیؒ,https://archive.org/download/DarsENizami_DarjaAula_1stYear_02/SharhMiataAmilAlBushraColor.pdf
304,شرح مائۃ عامل (معیاری نسخہ),درجہ اولیٰ,نحو,اصل کتاب,عبد القاہر الجرجانیؒ,https://archive.org/download/DarsENizami_DarjaAula_1stYear_02/SHARH_E_MIATA_AAMIL.pdf
305,البشیر الکامل (اردو شرح شرح مائۃ عامل),درجہ اولیٰ,نحو,شروح وحواشی,مولانا بشیر احمدؒ,http://www.mediafire.com/file/4lca029o05aax2q/AL%252520BASHEER%252520UL%252520KAMIL%252520Sharh%252520urdu%252520Sharh%252520e%252520Miata%252520Aamil.pdf/file
306,مصباح العوامل (اردو شرح مائۃ عامل),درجہ اولیٰ,نحو,شروح وحواشی,مولانا مصباح الحسنؒ,http://www.mediafire.com/file/2qtzurt24fzu3zc/MISBAH%252520UL%252520AWAMIL%252520URDU%252520SHAR%252520MIATA%252520AAMIL.pdf/file
307,قانونچہ عثمانی (شرح مائۃ عامل),درجہ اولیٰ,نحو,شروح وحواشی,مفتی عثمانؒ,https://archive.org/download/q-e-usmani/QANOONCHA_E_USMANI.pdf
308,کشف العوامل (شرح شرح مائۃ عامل),درجہ اولیٰ,نحو,شروح وحواشی,مولانا کاشف علیؒ,https://archive.org/download/DarsENizami_DarjaAula_1stYear_02/KASHF_UL_AWAMIL_SHARH_SHARH_E_MIATA_AMIL.pdf
309,مفتاح العوامل (اردو شرح شرح مائۃ عامل),درجہ اولیٰ,نحو,شروح وحواشی,مولانا مفتاح الدینؒ,https://archive.org/download/DarsENizami_DarjaAula_1stYear/MiftahUlAwamilUrduSharhSharhEMiataAamil.pdf
310,رفعت العوامل (اردو شرح شرح مائۃ عامل),درجہ اولیٰ,نحو,شروح وحواشی,مولانا رفعت احمدؒ,https://archive.org/download/DarsENizami_DarjaAula_1stYear/RifatUlAwamilUrduSharhSharhEMiataAamil.pdf
311,عوامل النحو (مکتبۃ البشریٰ),درجہ اولیٰ,نحو,اصل کتاب,الشیخ عبد القاہر الجرجانیؒ,https://archive.org/download/DarsENizami_DarjaAula_1stYear/AWAMIL%20UN%20NAHW%20AL%20BUSHRA.pdf
312,سدرۃ النحوۃ (شرح عوامل النحو),درجہ اولیٰ,نحو,شروح وحواشی,مولانا سدرۃ الحقؒ,https://archive.org/download/DarsENizami_DarjaAula_1stYear_02/SIDRATUN_NAHWA_SHARH_AWAMIL_UN_NAHWA.pdf
313,علم النحو (مکتبۃ البشریٰ رنگین ایڈیشن),درجہ اولیٰ,نحو,اصل کتاب,مولانا مشتاق احمد چرتھاولیؒ,https://archive.org/download/DarsENizami_DarjaAula_1stYear_02/IlmUnNahwAlBushraColor.pdf
314,علم النحو (قدیمی ایڈیشن),درجہ اولیٰ,نحو,اصل کتاب,مولانا مشتاق احمد چرتھاولیؒ,http://www.mediafire.com/file/cnr0n1w292al6k3/ILM%252520UN%252520NAHW%252520QADEMI.pdf/file
315,تسہیل النحو,درجہ اولیٰ,نحو,اصل کتاب,علامہ جمیل احمد سکندرآبادیؒ,http://www.mediafire.com/file/3qclh8hlcehnc95/TASHEEL%252520UL%252520NAHW.pdf/file
316,ریاض النحو (اردو شرح تسہیل النحو),درجہ اولیٰ,نحو,شروح وحواشی,مولانا ریاض احمدؒ,https://archive.org/download/DarsENizami_DarjaAula_1stYear/RiazUnNahwUrduSharhTasheelUnNahw.pdf
317,ترتیب النحو (اردو شرح تسہیل النحو),درجہ اولیٰ,نحو,شروح وحواشی,مولانا ترتیب علیؒ,https://archive.org/download/DarsENizami_DarjaAula_1stYear_02/TARTIB_UN_NAHW_URDU_TASHIL_UN_NAHW.pdf
318,تسہیل المبتدی (مکتبۃ البشریٰ رنگین ایڈیشن),درجہ اولیٰ,نحو,اصل کتاب,مولانا محمد مشتاقؒ,https://archive.org/download/DarsENizami_DarjaAula_1stYear_02/TasheelUlMubtadiAlBushraColor.pdf
319,تیسیر المبتدی (مکتبۃ البشریٰ رنگین ایڈیشن),درجہ اولیٰ,نحو,اصل کتاب,علامہ تیسیر الحقؒ,https://archive.org/download/DarsENizami_DarjaAula_1stYear_02/TaiseerUlMubtadiAlBushraColor.pdf
320,علم الصرف اولین (مکتبۃ البشریٰ),درجہ اولیٰ,صرف,اصل کتاب,مولانا مشتاق احمد چرتھاولیؒ,https://archive.org/download/DarsENizami_DarjaAula_1stYear_02/IlmUsSarfAowalainAlBushraColor.pdf
321,علم الصرف آخرین (مکتبۃ البشریٰ),درجہ اولیٰ,صرف,اصل کتاب,مولانا مشتاق احمد چرتھاولیؒ,https://archive.org/download/DarsENizami_DarjaAula_1stYear_02/IlmUsSarfAakherainAlBushraColor.pdf
322,شرح علم الصرف اولین,درجہ اولیٰ,صرف,شروح وحواشی,مولانا عبد الرشیدؒ,https://archive.org/download/june_22/SHARH_ILMUS_SARF_AWWALAIN.pdf
323,صرف میر (مکتبۃ البشریٰ رنگین ایڈیشن),درجہ اولیٰ,صرف,اصل کتاب,میر سید شریف جرجانیؒ,https://archive.org/download/DarsENizami_DarjaAula_1stYear_02/SarfEMeerAlBushraColor.pdf
324,صرف میر (مکتبہ حقانیہ ایڈیشن),درجہ اولیٰ,صرف,اصل کتاب,میر سید شریف جرجانیؒ,https://archive.org/download/DarsENizami_DarjaAula_1stYear/SARF%20E%20MEER%20HAQQANIA.pdf
325,معجم تصریف الأفعال العربیۃ,درجہ اولیٰ,صرف,اصل کتاب,الشیخ انطون الدحداح,https://archive.org/download/DarsENizami_DarjaAula_1stYear_02/MUJAM_TASREEF_UL_AFAAL_AL_ARABIA.pdf
326,معجم ابواب الصرف,درجہ اولیٰ,صرف,اصل کتاب,مولانا محمد مصطفیٰؒ,https://archive.org/download/DarsENizami_DarjaAula_1stYear/MUJAM%20E%20ABWAB%20US%20SARF.pdf
327,ابواب الصرف جدید (عربی),درجہ اولیٰ,صرف,اصل کتاب,مولانا خلیل الرحمنؒ,https://archive.org/download/DarsENizami_DarjaAula_1stYear/ABWAB-UL-SARF-JADEED-ARABIC.pdf
328,تیسیر الأبواب (مکتبۃ البشریٰ رنگین ایڈیشن),درجہ اولیٰ,صرف,اصل کتاب,علامہ تیسیر الرحمنؒ,https://archive.org/download/DarsENizami_DarjaAula_1stYear_02/TaiseerUlAbwabAlBushraColor.pdf
329,جمال القرآن (مکتبۃ البشریٰ رنگین ایڈیشن),درجہ اولیٰ,تجوید,اصل کتاب,حکیم الامت مولانا اشرف علی تھانویؒ,https://archive.org/download/DarsENizami_DarjaAula_1stYear_02/JamalUlQuranAlBushraColor.pdf
330,جمال القرآن (قدیمی ایڈیشن),درجہ اولیٰ,تجوید,اصل کتاب,حکیم الامت مولانا اشرف علی تھانویؒ,https://archive.org/download/DarsENizami_DarjaAula_1stYear/JAMAL%20UL%20QURAN%20QADEMI.pdf
331,متن المقدمۃ الجزریۃ,درجہ اولیٰ,تجوید,اصل کتاب,الإمام ابن الجزریؒ,https://archive.org/download/DarsENizami_DarjaAula_1stYear/MATN%20AL%20MUQADDAMAH%20TUL%20JAZARIYAH.pdf
332,قصص النبیین (جلد اول),درجہ اولیٰ,عربی ادب,اصل کتاب,مولانا سید ابو الحسن علی ندویؒ,https://archive.org/download/DarsENizami_DarjaAula_1stYear/QASAS%20UL%20NABIYYEN%20VOL%201.pdf
333,الطریقۃ العصریۃ (جلد اول),درجہ اولیٰ,انشاء,اصل کتاب,مولانا عبد الرزاقؒ,https://archive.org/download/DarsENizami_DarjaAula_1stYear/AL%20TAREQA%20TUL%20ASRIYAH%20VOL%201.pdf
334,التحفۃ المرضیۃ (اردو ترجمہ الطریقۃ العصریۃ),درجہ اولیٰ,انشاء,ترجمہ,مولانا عبد المرتضیٰؒ,https://archive.org/download/DarsENizami_DarjaAula_1stYear/AlTohfatUlMarziahUrduTarjamaAlTariqatulAsria.pdf
335,عربی کا معلم (جلد اول - مکتبۃ البشریٰ),درجہ اولیٰ,عربی ادب,اصل کتاب,مولانا عبد الستار خانؒ,https://archive.org/download/DarsENizami_DarjaAula_1stYear_02/ArabiKaMuallimVol1AlBushraColor.pdf
336,کلید عربی کا معلم (جلد اول),درجہ اولیٰ,عربی ادب,شروح وحواشی,مولانا عبد الستار خانؒ,https://archive.org/download/KaleedArabiKaMuallim/Kaleed_Arabi_Ka_Muallim_1.pdf
337,تعلیم المتعلم طریق التعلم (مکتبہ رحمانیہ),درجہ اولیٰ,اخلاقیات,اصل کتاب,الإمام الزرنوجیؒ,https://archive.org/download/DarsENizami_DarjaAula_1stYear/TALEEM%20UL%20MUTAALLIM%20TAREQ%20UL%20TAALLUM%20RAHMANIA.pdf
338,تعلیم المتعلم (مکتبۃ البشریٰ رنگین ایڈیشن),درجہ اولیٰ,اخلاقیات,اصل کتاب,الإمام الزرنوجیؒ,https://archive.org/download/DarsENizami_DarjaAula_1stYear_02/TaleemUlMutaallimAlBushraColor.pdf
339,تفہیم المتعلم (اردو شرح تعلیم المتعلم),درجہ اولیٰ,اخلاقیات,شروح وحواشی,مولانا مفتی تفہیم الحقؒ,https://archive.org/download/DarsENizamiMutafarriq/TAFHIM_UL_MUTALLIM.pdf
340,الطریقۃ الجدیدۃ (جلد دوم),درجہ اولیٰ,انشاء,اصل کتاب,مولانا عبد الجبارؒ,https://archive.org/download/DarsENizami_DarjaAula_1stYear/TAREQAH%20JADEDAH%20VOL%202.pdf
341,پند نامہ عطار (مکتبۃ البشریٰ رنگین ایڈیشن),درجہ اولیٰ,فارسی,اصل کتاب,الشیخ فرید الدین عطار نیشاپوریؒ,https://archive.org/download/DarsENizami_DarjaAula_1stYear_02/PandNamahAlBushraColor.pdf
342,فارسی زبان کا آسان قاعدہ,درجہ اولیٰ,فارسی,اصل کتاب,مولانا مشتاق احمدؒ,https://archive.org/download/DarsENizami_DarjaAula_1stYear/FARSI%20ZABAN%20KA%20ASAN%20QAIDAH.pdf
343,پنج گنج (اصل فارسی متن),درجہ اولیٰ,صرف,اصل کتاب,الملا اشرف علیؒ,https://archive.org/download/DarsENizami_DarjaAula_1stYear/PANJ%20GANJ.pdf
344,پنج گنج (اردو ترجمہ مع تسہیل),درجہ اولیٰ,صرف,اصل کتاب,الملا اشرف علیؒ,https://archive.org/download/DarsENizami_DarjaAula_1stYear/PANJ-GANJ-URDU.pdf
345,گنجینہ صرف (اردو شرح پنج گنج),درجہ اولیٰ,صرف,شروح وحواشی,مولانا گنجینۃ الحقؒ,https://archive.org/download/aug_23/GANJINA_E_SARF_URDU_SHARH_PANJGANJ.pdf
346,درس پنج گنج,درجہ اولیٰ,صرف,شروح وحواشی,مولانا احمد علیؒ,https://archive.org/download/DarsENizami_DarjaAula_1stYear/DARS_E_PANJ_GANG.pdf
347,تعلیم الصرف,درجہ اولیٰ,صرف,اصل کتاب,مولانا عبد اللطیفؒ,https://archive.org/download/DarsENizami_DarjaAula_1stYear/TaleemUsSarf.pdf
348,تدریب النحو,درجہ اولیٰ,نحو,اصل کتاب,مولانا تدریب الحسینؒ,https://archive.org/download/DarsENizami_DarjaAula_1stYear/TADREEB-UN-NAHW.pdf
349,تدریب الصرف,درجہ اولیٰ,صرف,اصل کتاب,مولانا تدریب الصرفؒ,https://archive.org/download/DarsENizami_DarjaAula_1stYear/TadreebUsSarf.pdf
350,رحیما (اردو شرح کریما سعدی),درجہ اولیٰ,فارسی,شروح وحواشی,الشیخ سعدی شیرازیؒ / مولانا رحیم بخشؒ,https://archive.org/download/feb2024/RAHEEMA_SHARH_KAREEMA.pdf
351,گوہر بے بہا (شرح کریما سعدی),درجہ اولیٰ,فارسی,شروح وحواشی,مولانا گوہر علیؒ,https://archive.org/download/GoharBeBaha/Gohar_Be_Baha.pdf
352,کیمیاء (اردو شرح کریما),درجہ اولیٰ,فارسی,شروح وحواشی,مولانا کیمیاء الحسینؒ,https://archive.org/download/DarsENizami_DarjaAula_1stYear/KIMIY_URDU_SHARH_KARIMA.pdf
353,کریما سعدی (مکتبۃ البشریٰ رنگین ایڈیشن),درجہ اولیٰ,فارسی,اصل کتاب,الشیخ سعدی شیرازیؒ,https://archive.org/download/DarsENizami_DarjaAula_1stYear_02/KaremaSadeeAlBushraColor.pdf
354,تدريب النحو,درجہ اولیٰ,نحو,اصل کتاب,مولانا تدريب الحسين,https://archive.org/download/DarsENizami_DarjaAula_1stYear/TADREEB-UN-NAHW.pdf
355,تدريب الصرف,درجہ اولیٰ,صرف,اصل کتاب,مولانا تدريب الصرف,https://archive.org/download/DarsENizami_DarjaAula_1stYear/TadreebUsSarf.pdf
356,رحيما (شرح كريما),درجہ اولیٰ,فارسی,شرح,الشيخ سعدي الشيرازي / مولانا رحيم بخش,https://archive.org/download/feb2024/RAHEEMA_SHARH_KAREEMA.pdf
357,گوهر بے بہا (شرح كريما),درجہ اولیٰ,فارسی,شرح,مولانا گوهر علي,https://archive.org/download/GoharBeBaha/Gohar_Be_Baha.pdf
358,كيمياء (اردو شرح كريما),درجہ اولیٰ,فارسی,شرح,مولانا كيمياء الحسين,https://archive.org/download/DarsENizami_DarjaAula_1stYear/KIMIY_URDU_SHARH_KARIMA.pdf
359,كريما سعدي (مکتبۃ البشریٰ رنگین),درجہ اولیٰ,فارسی,اصل کتاب,الشيخ سعدي الشيرازي,https://archive.org/download/DarsENizami_DarjaAula_1stYear_02/KaremaSadeeAlBushraColor.pdf
360,دروس القرآن (پارہ عم),درجہ ثانیہ,تفسیر,اصل کتاب,مولانا عبد الرحمن,https://archive.org/download/Httpsarchive.orgdetailsDarsENizamiDarjaSaniah2ndYear2/DUROOS_UL_QURAN_PARA_AMMA.pdf
361,درسی تفسیر (اردو),درجہ ثانیہ,تفسیر,شرح,علماء دیوبند,https://archive.org/download/DarsENizamiDarjaSaniah2ndYear1/DarsiTafseerUrduTafseerParaAmm.pdf
362,کشف الغم (تفسیر پارہ عم),درجہ ثانیہ,تفسیر,شرح,مولانا کشف الرحمن,https://archive.org/download/Httpsarchive.orgdetailsDarsENizamiDarjaSaniah2ndYear2/KASHFUL_GHAM_URDU_TAFSIR_PARA_AMM.pdf
363,تفصیل الکتاب (تفسیر پارہ عم),درجہ ثانیہ,تفسیر,شرح,مولانا تفصیل الحق,https://ia600709.us.archive.org/23/items/DarsENizamiDarjaSaniah2ndYear1/TafseelUlKitabUrduTaseerParaAmm.pdf
364,تدریس القرآن (پارہ 29),درجہ ثانیہ,تفسیر,اصل کتاب,مولانا تدریس الرحمن,https://archive.org/download/2809_19/TADREES_E_QURAN_PARA_29.pdf
365,روضۃ الطالبین (شرح زاد الطالبین),درجہ ثانیہ,حدیث,شرح,مولانا عاشق الہی بلند شہری,https://archive.org/download/DarsENizamiDarjaSaniah2ndYear1/RozaTutTalibeen.pdf
366,ارشاد الطالبین (شرح زاد الطالبین),درجہ ثانیہ,حدیث,شرح,مولانا ارشاد احمد,https://archive.org/download/DarsENizamiDarjaSaniah2ndYear1/IrshadUlTalibeen.pdf
367,مختار الطالبین (اردو شرح زاد الطالبین),درجہ ثانیہ,حدیث,شرح,مولانا مختار احمد,https://archive.org/download/DarsENizamiDarjaSaniah2ndYear1/MukhtarUtTalebeenUrduSharhZadutTalebeen.pdf
368,معین الطالبین (اردو شرح زاد الطالبین),درجہ ثانیہ,حدیث,شرح,مولانا معین الدین,https://archive.org/download/DarsENizamiDarjaSaniah2ndYear1/MoeenUtTalebeenUrduSharhZadutTalebeen.pdf
369,حدائق الصالحین (اردو شرح زاد الطالبین),درجہ ثانیہ,حدیث,شرح,مولانا صالح محمد,https://archive.org/download/DarsENizamiDarjaSaniah2ndYear1/HadaiqUsSaleheenUrduSharhZadutTalebeen.pdf
370,إمداد الطالبین (شرح زاد الطالبین),درجہ ثانیہ,حدیث,شرح,مولانا امداد اللہ,https://archive.org/download/Httpsarchive.orgdetailsDarsENizamiDarjaSaniah2ndYear2/IMDAD_AL_TALIBEEN_SHARH_ZAD_AL_TALIBEEN.pdf
371,التسهيل الضروري (مکتبۃ البشریٰ رنگین),درجہ ثانیہ,فقہ,شرح,الشيخ عاشق الہی البرني,https://archive.org/download/Httpsarchive.orgdetailsDarsENizamiDarjaSaniah2ndYear2/AlTasheelUlZaroriAlBushraColor.pdf
372,الجوهرة النيرة (شرح مختصر القدوري),درجہ ثانیہ,فقہ,شرح,الشيخ أبابكر بن علي الحدادي,https://archive.org/download/Httpsarchive.orgdetailsDarsENizamiDarjaSaniah2ndYear2/AlJaoharaTunNaiyyarahMeerMuhammad.pdf
373,التشريح الوافي (شرح قدوري),درجہ ثانیہ,فقہ,شرح,مولانا تشريح الحق,https://archive.org/download/Httpsarchive.orgdetailsDarsENizamiDarjaSaniah2ndYear2/AL_TASHRIH_UL_WAFI_SHARH_QUDOORI.pdf
374,أفضل التطبيق العصري (شرح قدوري),درجہ ثانیہ,فقہ,شرح,مولانا أفضل حسين,https://archive.org/download/afzal-al-tatbeeq-al-asri/AFZAL_AL_TATBEEQ_AL_ASRI.pdf
375,اشراق نوری (اردو شرح قدوری),درجہ ثانیہ,فقہ,شرح,مولانا محمد انوار الله,https://archive.org/download/darrs2/ISHRAQ_NOORI.pdf
376,اشرف النوری (جلد اول),درجہ ثانیہ,فقہ,شرح,مولانا اشرف علی ثانوی,https://archive.org/download/DarsENizamiDarjaSaniah2ndYear1/ASHRAF-UL-NOORI-VOL-01.pdf
377,الشرح السمیری (اردو شرح قدوری جلد 1),درجہ ثانیہ,فقہ,شرح,مولانا سمیر الدین قاسمی,https://archive.org/download/DarsENizamiDarjaSaniah2ndYear1/AlSharhUsSameeriUrduSharhAlQuduriVol1.pdf
378,التکمیل الضروری (اردو شرح القدوری),درجہ ثانیہ,فقہ,شرح,مولانا عبد الرحمن,https://archive.org/download/DarsENizamiDarjaSaniah2ndYear1/AlTakmeelUzZarooriUrduSharhAlQuduri.pdf
379,الحل الضروری (شرح قدوری),درجہ ثانیہ,فقہ,شرح,مولانا محمد بشیر,https://archive.org/download/DarsENizamiDarjaSaniah2ndYear1/AL-HAL-UL-ZARORI.pdf
380,القول الصواب فی مسائل الکتاب,درجہ ثانیہ,فقہ,شرح,مولانا صواب علی,https://ia600709.us.archive.org/23/items/DarsENizamiDarjaSaniah2ndYear1/AlQaolUsSawabFiMasailIlKitab.pdf
381,القول المختار (شرح قدوری),درجہ ثانیہ,فقہ,شرح,مولانا مختار احمد,https://archive.org/download/20102019/AL_QAWL_UL_MUKHTAR.pdf
382,أنوار القدوری (جلد اول),درجہ ثانیہ,فقہ,شرح,مولانا انوار الحق,https://archive.org/download/11320/ANWAAR_UL_QUDURI_VOL_01.pdf
383,القدوری مع أحادیثه وأصوله,درجہ ثانیہ,فقہ,شرح,مولانا سمیر الدین قاسمی,https://archive.org/download/maulana-samiruddin-qasmi/AL_QUDURI_MAA_AHADITHIH_WA_USOOLIH_01.pdf
384,علم الصیغہ (قدیمی),درجہ ثانیہ,صرف,اصل کتاب,مفتی عنایت احمد کاکوروی,https://archive.org/download/DarsENizamiDarjaSaniah2ndYear1/IlmUsSeghaQademi.pdf
385,علم الصیغہ (مکتبۃ البشریٰ رنگین),درجہ ثانیہ,صرف,اصل کتاب,مفتی عنایت احمد کاکوروی,https://archive.org/download/Httpsarchive.orgdetailsDarsENizamiDarjaSaniah2ndYear2/IlmUsSeghaAlBushraColor.pdf
386,علم الصیغہ (اردو),درجہ ثانیہ,صرف,اصل کتاب,مفتی عنایت احمد کاکوروی,https://archive.org/download/DarsENizamiDarjaSaniah2ndYear1/IlmUsSighaUrdu.pdf
387,أشرف الصیغہ (شرح علم الصیغہ),درجہ ثانیہ,صرف,شرح,مولانا اشرف علی,https://archive.org/download/DarsENizamiDarjaSaniah2ndYear1/AshrafUlSegahMeerMuhammad.pdf
388,إرشاد الصیغہ (اردو شرح علم الصیغہ),درجہ ثانیہ,صرف,شرح,مولانا ارشاد حسین,https://archive.org/download/DarsENizamiDarjaSaniah2ndYear1/IrshadUsSighaUrduSharhIlmUsSigha.pdf
389,درس علم الصیغہ,درجہ ثانیہ,صرف,شرح,مولانا ممتاز احمد,https://archive.org/download/DarsEIlmusSigha/DARS_E_ILM_US_SIGHA.pdf
390,توضیحات (اردو شرح علم الصیغہ),درجہ ثانیہ,صرف,شرح,مولانا توضیح الرحمن,https://archive.org/download/DarsENizamiDarjaSaniah2ndYear1/TozeehatUrduSharhIlmUsSigha.pdf
391,فصول اکبری (مکتبۃ البشریٰ رنگین),درجہ ثانیہ,صرف,اصل کتاب,الشیخ علی اکبر الحسینیؒ,https://archive.org/download/Httpsarchive.orgdetailsDarsENizamiDarjaSaniah2ndYear2/FusoolEAkbariAlBushraColor.pdf
392,خاصیات ابواب (فصول اکبری),درجہ ثانیہ,صرف,شرح,علامہ علی اکبر,https://archive.org/download/BestUrduBooks1017/KHASIYYAT-E-ABWAB-FUSOOL-E-AKBARI.pdf
393,درسی تقریر خاصیات ابواب,درجہ ثانیہ,صرف,شرح,مولانا عبد السمیع,https://archive.org/download/Httpsarchive.orgdetailsDarsENizamiDarjaSaniah2ndYear2/DARSI_TAQREER_KHASIYAAT_ABWAB.pdf
394,آسان خاصیات الأبواب,درجہ ثانیہ,صرف,شرح,مولانا آسان علی,https://archive.org/download/DarsENizamiDarjaSaniah2ndYear1/AasanKhasiatUlAbwab.pdf
395,هداية النحو (مکتبۃ البشریٰ رنگین),درجہ ثانیہ,نحو,اصل کتاب,الشيخ سراج الدين الأوشي,https://archive.org/download/Httpsarchive.orgdetailsDarsENizamiDarjaSaniah2ndYear2/HidayaTunNahwAlBushraColor.pdf
396,الإلهامية (شرح عربي هداية النحو),درجہ ثانیہ,نحو,شرح,الشيخ إلهام الدين,https://archive.org/download/Httpsarchive.orgdetailsDarsENizamiDarjaSaniah2ndYear2/ILHAMIYAH_ARABIC_SHARH_HIDAYATUN_NAHWA.pdf
397,معارف النحو (شرح هداية النحو),درجہ ثانیہ,نحو,شرح,مولانا عبد الحي أستوري,https://archive.org/download/maulana-abdul-hai-astori/MAARIF_UN_NAHW_SHARH_HIDAYATU_NAHW.pdf
398,درس هداية النحو,درجہ ثانیہ,نحو,شرح,مولانا ممتاز احمد,https://archive.org/download/Besturdubooks317/DARS-E-HIDAYA-TUN-NAHW.pdf
399,مصباح النحو (اردو شرح هداية النحو),درجہ ثانیہ,نحو,شرح,مولانا مصباح الحسن,https://archive.org/download/DarsENizamiDarjaSaniah2ndYear1/MisbahUnNahwUrduSharhHidayatUnNahw.pdf
400,خیر النحو (اردو شرح هداية النحو),درجہ ثانیہ,نحو,شرح,مولانا خیر محمد,https://archive.org/download/DarsENizamiDarjaSaniah2ndYear1/KhaiUnNahwUrduSharhHidayatUnNahw.pdf
401,إرشاد النحو (اردو شرح هداية النحو),درجہ ثانیہ,نحو,شرح,مولانا ارشاد احمد,https://archive.org/download/DarsENizamiDarjaSaniah2ndYear1/IrshadUnNahwUrduSharhHidayatUnNahw.pdf
402,کفایة النحو (شرح هداية النحو),درجہ ثانیہ,نحو,شرح,مولانا كفاية الله,https://archive.org/download/DarsENizamiDarjaSaniah2ndYear1/KifayatUlNahw.pdf
403,سعایة النحو (اردو شرح هداية النحو),درجہ ثانیہ,نحو,شرح,مولانا سعایت علی,https://archive.org/download/DarsENizamiDarjaSaniah2ndYear1/SaayatUnNahwUrduSharhHidayatUnNahw.pdf
404,روایة النحو (اردو شرح هداية النحو),درجہ ثانیہ,نحو,شرح,مولانا روایت حسین,https://archive.org/download/DarsENizamiDarjaSaniah2ndYear1/RiwayatUnNahwUrduSharhHidayatUnNahw.pdf
405,عنایة النحو (اردو شرح هداية النحو),درجہ ثانیہ,نحو,شرح,مولانا عنایت اللہ,https://archive.org/download/DarsENizamiDarjaSaniah2ndYear1/EnayatUnNahwUrduSharhHidayatUnNahw.pdf
406,تیسیر النحو (اردو شرح هداية النحو),درجہ ثانیہ,نحو,شرح,مولانا تيسير الحق,https://archive.org/download/DarsENizamiDarjaSaniah2ndYear1/TayseerUnNahwUrduSharhHidayatUnNahw.pdf
407,تلخیص النحو (شرح هداية النحو),درجہ ثانیہ,نحو,شرح,مولانا تلخیص احمد,https://archive.org/download/DarsENizamiDarjaSaniah2ndYear1/TalkheesUnNahw.pdf
408,درایة النحو (مجیدیہ),درجہ ثانیہ,نحو,شرح,مولانا عبد المجید,https://archive.org/download/DarsENizamiDarjaSaniah2ndYear1/DirayaTulNahwMajedia.pdf
409,سراج النحو (اردو شرح هداية النحو),درجہ ثانیہ,نحو,شرح,مولانا سراج الدین,https://archive.org/download/DarsENizamiDarjaSaniah2ndYear1/SirajUnNahwUrduSharhHidayatUnNahw.pdf
410,ضیاء النحو (اردو شرح هداية النحو),درجہ ثانیہ,نحو,شرح,مولانا ضیاء الحق,https://archive.org/download/DarsENizamiDarjaSaniah2ndYear1/ZiaUnNahwUrduSharhHidayatUnNahw.pdf
411,النحو الواضح (مکتبۃ البشریٰ رنگین),درجہ ثانیہ,نحو,اصل کتاب,علي الجارم ومصطفى أمين,https://archive.org/download/Httpsarchive.orgdetailsDarsENizamiDarjaSaniah2ndYear2/AlNahwUlWazehAlBushraColor.pdf
412,النحو الواضح (اردو ترجمہ),درجہ ثانیہ,نحو,ترجمہ,علي الجارم ومصطفى أمين,https://archive.org/download/AnNahwUlWazihUrdu/Al-Nahw-ul-Wazih-Urdu.pdf
413,الشرف الواضح (جلد دوم),درجہ ثانیہ,نحو,شرح,مولانا شرف الدين,https://archive.org/download/BestUrduBooks218/AL_SHARF_UL_WAZIH_VOL_02.pdf
414,المنهاج (مکتبۃ البشریٰ رنگین),درجہ ثانیہ,انشاء,اصل کتاب,الشيخ عبد الرحمن الندوي,https://archive.org/download/Httpsarchive.orgdetailsDarsENizamiDarjaSaniah2ndYear2/AlMinhaajAlBushraColor.pdf
415,فوائد مکیہ (مکتبۃ البشریٰ رنگین),درجہ ثانیہ,تجوید,اصل کتاب,القاري عبد الرحمن المكي,https://archive.org/download/DarsENizamiDarjaSaniah2ndYear1/FawaidEMakkiyahAlBushraColor.pdf
416,القراءات الراشدة (جلد دوم),درجہ ثانیہ,عربی ادب,اصل کتاب,أبو الحسن علي الندوي,https://archive.org/download/DarsENizami_DarjaAula_1stYear/AL%20QIRAAT%20UL%20RASHEDAH%20VOL%202.pdf
417,شرح القراءات الراشدة (اردو),درجہ ثانیہ,عربی ادب,شرح,مولانا عبد الرشيد,https://archive.org/download/DarsENizamiDarjaSaniah2ndYear1/SharhAlQiraatUrRashedaUrdu.pdf
418,القراءات الكاشفة (اردو شرح القراءات الراشدة),درجہ ثانیہ,عربی ادب,شرح,مولانا كاشف علي,https://archive.org/download/DarsENizamiDarjaSaniah2ndYear1/AlQiraatUlKashefaUrduSharhAlQiraatUrRasheda.pdf
419,القراءات الراشدة (مکتبۃ البشریٰ),درجہ ثانیہ,عربی ادب,اصل کتاب,أبو الحسن علي الندوي,https://archive.org/download/Httpsarchive.orgdetailsDarsENizamiDarjaSaniah2ndYear2/AL_QIRAAT_AL_RASHIDAH.pdf
420,عیسیٰ غوجی (مکتبۃ البشریٰ رنگین),درجہ ثانیہ,منطق,اصل کتاب,أثير الدين الأبهري,https://archive.org/download/DarsENizamiDarjaSaniah2ndYear1/EsaGhojiAlBushraColor.pdf
421,حاشية الشيخ محمد عليش على إيساغوجي,درجہ ثانیہ,منطق,شرح,الشيخ محمد عليش,https://archive.org/download/BestUrduBooks15/Hashia-Shaykh-Muhammad-Alish-Eisa-Ghoji.pdf
422,مغني الطلاب (شرح عربي إيساغوجي),درجہ ثانیہ,منطق,شرح,الشيخ أبهري / تحشية العلماء,https://archive.org/download/BestUrduBooks15/Mughni-Al-Tullab-Arabic-Sharh-Eisaghoji.pdf
423,شرح عیسیٰ غوجی,درجہ ثانیہ,منطق,شرح,علامہ ابہری,https://archive.org/download/BestUrduBooks15/Sharh-Eisa-Ghoji.pdf
424,تشریحات سواتی (شرح عیسیٰ غوجی),درجہ ثانیہ,منطق,شرح,مولانا سواتی,https://archive.org/download/Httpsarchive.orgdetailsDarsENizamiDarjaSaniah2ndYear2/TASHRIHAT_SAWATI_SHARH_EISAGHOJI.pdf
425,الشريفي (قدیمی),درجہ ثانیہ,منطق,شرح,علامة الشريف الجرجاني,https://archive.org/download/DarsENizamiDarjaSaniah2ndYear1/AlSharifiQademi.pdf
426,سراج المنطق (اردو شرح عیسیٰ غوجی),درجہ ثانیہ,منطق,شرح,مولانا سراج الدين,https://archive.org/download/DarsENizamiDarjaSaniah2ndYear1/SirajUlMantiqUrduSharhEisaGhoji.pdf
427,درس عیسیٰ غوجی,درجہ ثانیہ,منطق,شرح,مولانا ممتاز احمد,https://archive.org/download/DarsENizamiDarjaSaniah2ndYear1/DarsEEisaGhojiUrduSharhEisaGhoji.pdf
428,قال أقول رشیدیہ (شرح عیسیٰ غوجی),درجہ ثانیہ,منطق,شرح,علامہ رشيد احمد,https://archive.org/download/MantiqOFalsafaBooks/QALA%20AQOLO%20RASHEDIA%20-%20www.besturdubooks.wordpress.com.pdf
429,المرقاة مع تقوية المرقاة,درجہ ثانیہ,منطق,اصل کتاب,علامة فضل إمام خيرآبادي,https://archive.org/download/DarsENizamiDarjaSaniah2ndYear1/AL-MIRQAT-TAQWIYAT-UL-MIRQAT.pdf
430,المرقاة (مکتبۃ البشریٰ رنگین),درجہ ثانیہ,منطق,اصل کتاب,علامة فضل إمام خيرآبادي,https://archive.org/download/Httpsarchive.orgdetailsDarsENizamiDarjaSaniah2ndYear2/AlMirqatAlBushraColor.pdf
431,توضیحات (اردو شرح المرقاة),درجہ ثانیہ,منطق,شرح,مولانا توضيح الرحمن,https://archive.org/download/DarsENizamiDarjaSaniah2ndYear1/TozihaatUrduSharhMirqat.pdf
432,التشریحات (اردو شرح المرقاة),درجہ ثانیہ,منطق,شرح,مولانا تشريح الحق,https://archive.org/download/DarsENizamiDarjaSaniah2ndYear1/AlTashrihatUrduSharhMirqat.pdf
433,تحفة المنظور (اردو شرح المرقاة),درجہ ثانیہ,منطق,شرح,مولانا منظور احمد,https://archive.org/download/DarsENizamiDarjaSaniah2ndYear1/TohfatUlManzoorUrduSharhMirqat.pdf
434,شذرات (شرح اردو المرقاة),درجہ ثانیہ,منطق,شرح,مولانا شذرات علي,https://archive.org/download/Httpsarchive.orgdetailsDarsENizamiDarjaSaniah2ndYear2/SHAZARAT_SHARH_URDU_MIRQAT.pdf
435,درس المرقاة (اردو),درجہ ثانیہ,منطق,شرح,مولانا ممتاز احمد,https://archive.org/download/Httpsarchive.orgdetailsDarsENizamiDarjaSaniah2ndYear2/DARS_E_MIRQAT_URDU.pdf
436,وضاحتی نوٹس علی المرقات (وضاحتی نوٹس علی المرقات),درجہ ثانیہ,منطق,شروح وحواشی,مولانا عبد اللہ,https://archive.org/download/abdullahmbooks/EXPLANATORY_NOTES_ON_AL_MIRQAT.pdf
437,تيسير المنطق (مکتبۃ البشریٰ رنگین),درجہ ثانیہ,منطق,اصل کتاب,مولانا عبد الله الختاكي,https://archive.org/download/Httpsarchive.orgdetailsDarsENizamiDarjaSaniah2ndYear2/TaiseerUlMantiqAlBushraColor.pdf
438,آسان تیسیر المنطق (طبع اول),درجہ ثانیہ,منطق,شرح,مولانا آسان علي,https://archive.org/download/DarsENizamiMutafarriq/ASAAN_TAYSIR_UL_MANTIQ.pdf
439,آسان تیسیر المنطق,درجہ ثانیہ,منطق,شرح,مولانا آسان علي,https://archive.org/download/asantayseerulmantiq/ASAN_TAYSEER_UL_MANTIQ.pdf
440,تبيين الآثار (شرح كتاب الآثار),درجہ خامسہ,حدیث,شرح,مفتي سمير الدين القاسمي,https://archive.org/download/mufti-sm/TABEEN_UL_ASAAR_SHARH_KITAB_UL_ASAAR.pdf
441,روضات الأزهار (شرح كتاب الآثار - جلد 2),درجہ خامسہ,حدیث,شرح,علماء ديوبند,https://archive.org/download/oct_24/RAOZATUL_AZHAAR_SHARH_KITAB_UL_ASAAR_VOL_02.pdf
442,مجموعة منتخب أحاديث عالية,درجہ خامسہ,حدیث,مجموعہ حدیث,علماء ديوبند,https://archive.org/download/jan_25/MAJMUA_MUNTAKHAB_AHADITH_AALIYA.pdf
443,التعليق الفصيح (اردو شرح التوضيح والتلويح),درجہ خامسہ,اصول فقہ,شرح,علماء ديوبند,https://archive.org/download/DarjaAlSadisa6thYear/AlTaleeqUlFaseehUrduSharhAlTaozeehWatTalweeh.pdf
444,مسك المليح (اردو شرح التوضيح والتلويح),درجہ خامسہ,اصول فقہ,شرح,علماء ديوبند,https://archive.org/download/DarjaAlSadisa6thYear/MiskulMaleehUrduSharhAlTaozeehWatTalweeh.pdf
445,تنقيح التشريح (اردو شرح التوضيح والتلويح),درجہ خامسہ,اصول فقہ,شرح,علماء ديوبند,https://archive.org/download/DarjaAlSadisa6thYear/TanqeehUtTashreehUrduSharhAlTaozeehWatTalweeh.pdf
446,الترويح (اردو شرح التوضيح والتلويح),درجہ خامسہ,اصول فقہ,شرح,علماء ديوبند,https://archive.org/download/DarjaAlSadisa6thYear/AlTarweehUrduSharhAlTaozeehWatTalweeh.pdf
447,درس تلويح (اردو شرح التوضيح والتلويح),درجہ خامسہ,اصول فقہ,شرح,علماء ديوبند,https://archive.org/download/DarjaAlSadisa6thYear/DarsETalweehUrduSharhAlTaozeehWatTalweeh.pdf
448,التوضيح والتلويح (جلد 2 - قدیمی),درجہ خامسہ,اصول فقہ,اصل کتاب,صدر الشريعة والتفتازاني,https://archive.org/download/AlTaozeehWatTalweeh/AL%20TAOZEEH%20WAT%20TALWEEH%20VOL%202-%20QADEMI.pdf
449,معين الأصول (مکتبۃ البشریٰ رنگین),درجہ خامسہ,اصول فقہ,اصل کتاب,مولانا سعيد احمد پالنپوري,https://archive.org/download/AlSadisah6thYear1/MueenUlUsoolAlBushraColor.pdf
450,الہدایة (جلد سوم - مکتبۃ البشریٰ رنگین),درجہ خامسہ,فقہ,اصل کتاب,برهان الدين المرغيناني,https://archive.org/download/AlSadisah6thYear1/AlHidayahVol3AlBushraColor.pdf
451,أشرف الہدایة (جلد 5),درجہ خامسہ,فقہ,شرح,مولانا جليل احمد القاسمي,https://archive.org/download/darrs1/ASHRAF_UL_HIDAYAH_VOL_05.pdf
452,أحسن الہدایة (جلد 5),درجہ خامسہ,فقہ,شرح,مولانا عبد الحليم اللكنوي,https://archive.org/download/DarjaAlSadisa6thYear/AhsanUlHidayaVol5UrduSharhAlHidaya.pdf
453,عين الہدایة (جلد 5),درجہ خامسہ,فقہ,شرح,مولانا عين الحق,https://archive.org/download/DarjaAlSadisa6thYear/AinUlHidayaUrduSharhAlHidayaVol5.pdf
454,أثمار الہدایة (جلد 7),درجہ خامسہ,فقہ,شرح,مولانا سمير الدين القاسمي,https://archive.org/download/maulana-samiruddin-qasmi/ASMAAR_UL_HIDAYA_VOL_07.pdf
455,أصول الہدایة (جلد 2),درجہ خامسہ,اصول فقہ,اصول کتاب,علماء ديوبند,https://archive.org/download/AlSadisah6thYear1/USOOL_E_HIDAYAH_VOL_02.pdf
456,تشريح الہدایة (جلد 2),درجہ خامسہ,فقہ,شرح,علماء ديوبند,https://archive.org/download/DarsENizamiDarjaSabeaaMaoqoofAlai7thYear01/TASHREEH_UL_HIDAYA_VOL_02.pdf
457,العقائد النسفية (الفوائد الإمدادية),درجہ خامسہ,عقائد,اصل کتاب,نجم الدين عمر النسفي,https://archive.org/download/DarjaAlSadisa6thYear/AL-AQAID-UN-NASAFIA-AL-FAWAID-UL-IMDADIYA.pdf
458,شرح العقائد النسفية,درجہ خامسہ,عقائد,شرح,سعد الدين التفتازاني,https://archive.org/download/DarjaAlSadisa6thYear/SHARH_UL_AQAID.pdf
459,النبراس (عربی شرح شرح العقائد),درجہ خامسہ,عقائد,شرح,محمد عبد العزيز الفرهاري,https://archive.org/download/BayanUlFawaid/Al%20Nibraas%20Arabic%20Sharh%20Sharh%20ul%20Aqaid.pdf
460,شرح العقيدة الطحاوية (البابرتی),درجہ خامسہ,عقائد,اصل کتاب,اكمل الدين البابرتی,https://archive.org/download/DarsENizamiDarjaKhamsa5thYear2/SHARH_UL_AQEEDA_AL_TAHAWIYYAH_AL_BABIRTI.pdf
461,الجواهر البهية (جلد 2),درجہ خامسہ,عقائد,شرح,علماء ديوبند,https://archive.org/download/DarjaAlSadisa6thYear/AL-JAWAHIR-UL-BAHIYAH-VOL-02.pdf
462,تفسیر الجلالین جلد اول,درجہ سادسہ,تفسیر,اصل کتاب,جلال الدین المحلی وجلال الدین السیوطی,https://archive.org/download/AlSadisah6thYear1/TafseerUlJalalainVol1AlBushraColor.pdf
463,الفوز الکبیر,درجہ سادسہ,تفسیر,اصل کتاب,شاه ولی الله الدهلوي,https://archive.org/download/AlSadisah6thYear1/AlFaozUlKabeerAlBushraColor.pdf
464,التوضیح والتلویح,درجہ سادسہ,اصول فقہ,اصل کتاب,صدر الشريعة عبيد الله بن مسعود,https://archive.org/download/AlTaozeehWatTalweeh/AL%20TAOZEEH%20WAT%20TALWEEH%20AL%20MISBAH.pdf
465,خیر الاصول,درجہ سادسہ,اصول حدیث,اصل کتاب,مولانا خیر محمد الجالندھری,https://archive.org/download/AlSadisah6thYear1/KHAIR_UL_USOOL.pdf
466,السراجی فی المیراث,درجہ سادسہ,فقہ / میراث,اصل کتاب,سراج الدين محمد بن محمد السجاوندي,https://archive.org/download/AlSadisah6thYear1/AlSirajiFilMerasAlBushraColor.pdf
467,الشریفیہ شرح السراجیہ,درجہ سادسہ,فقہ / میراث,شرح,السيد الشريف الجرجاني,https://archive.org/download/AlSadisah6thYear1/AL_SHARIFIYAH_SHARH_AL_SIRAJIYAH.pdf
468,اسلام کا قانونِ وراثت,درجہ سادسہ,فقہ / میراث,اصل کتاب,مفتی محمد تقی عثمانی,https://archive.org/download/BestUrduBooks218B/ISLAM_KA_QANOON_E_WIRASAT.pdf
469,فہمِ میراث کے آسان راہیں,درجہ سادسہ,فقہ / میراث,اصل کتاب,مولانا عبد الرشید,https://archive.org/download/FahmEMiraasKeAsanRahen/Fahm_e_Miraas_ke_Asan_Rahen.pdf
470,دیوان الحماسہ,درجہ سادسہ,عربی ادب,اصل کتاب,أبو تمام حبيب بن أوس الطائي,https://archive.org/download/AlSadisah6thYear1/DewanUlHamasahAlBushraColor.pdf
471,متن الکافی,درجہ سادسہ,عربی ادب,اصل کتاب,علامہ احمد بن عثمان,https://archive.org/download/AlSadisah6thYear1/MatanUlKafiAlBushraColor.pdf
472,فہم الفلکیات,درجہ سادسہ,فلکیات,اصل کتاب,دار العلوم کراچی,https://archive.org/download/DarjaAlSadisa6thYear/FahmUlFalkiat-DarUlUloom.pdf
473,تفسیر الجلالین (جلد ۲),درجہ سادسہ,تفسیر,اصل کتاب,جلال الدین المحلی و جلال الدین السیوطیؒ,https://archive.org/download/AlSadisah6thYear1/TafseerUlJalalainVol2AlBushraColor.pdf
474,الہدایہ جلد چہارم,درجہ سادسہ,فقہ,اصل کتاب,امام برہان الدین المرغینانیؒ,https://archive.org/download/AlSadisah6thYear1/AlHidayahVol4AlBushraColor.pdf
475,النکت والفوائد شرح العقائد,درجہ سادسہ,عقائد,شروح وحواشی,علمائے کرام,https://archive.org/download/DarjaAlSadisa6thYear/AL-NUKAT-WAL-FAWAID-SHARH-UL-AQAID-ARABIC.pdf
476,الفرائد البہیہ اردو شرح شرح العقائد,درجہ سادسہ,عقائد,شروح وحواشی,علمائے کرام,https://archive.org/download/DarjaAlSadisa6thYear/AL_FARAID_UL_BAHIYAH_UR_SHRH_SHARH_UL_AQAID.pdf
477,بیان الفوائد شرح اردو شرح العقائد,درجہ سادسہ,عقائد,شروح وحواشی,مولانا مجیب اللہؒ,https://archive.org/download/BayanUlFawaid/Bayan%20ul%20Fawaid%20Sharh%20Urdu%20Sharh%20ul%20Aqaid%201%2C2%20By%20Maulana%20Mujibullah.pdf
478,شرح العقیدۃ الطحاویہ (ابن ابی العز الحنفی),درجہ سادسہ,عقائد,شروح وحواشی,الإمام ابن ابی العز الحنفیؒ,https://archive.org/download/AlSadisah6thYear1/SHARH_UL_AQIDAH_AL_TAHAWIYAH.pdf
479,شرح الطحاویہ للمیدانی,درجہ سادسہ,عقائد,شروح وحواشی,الشیخ عبد الغنی المیدانیؒ,https://archive.org/download/besturdubooks2/Sharh_Tahawiya_Al_Maidani.pdf
480,شرح عقیدۃ الطحاوی للغزنوی,درجہ سادسہ,عقائد,شروح وحواشی,الإمام الغزنویؒ,https://archive.org/download/besturdubooks2/Sharh-Aqeeda-Al-Tahawi-Al-Ghaznavi.pdf
481,العصیدۃ السماویہ اردو شرح عقیدۃ الطحاویہ (جلد ۲),درجہ سادسہ,عقائد,شروح وحواشی,علمائے دار العلوم زکریا,https://archive.org/download/darul-uloom-zakariyya/AL_ASIDATUL_SAMAWIYAH_URDU_SHARHA_AL_AQEEDA_AL_TAHAWIA_VOL_02.pdf
482,الوضاحت الکاملہ اردو شرح عقیدۃ الطحاویہ,درجہ سادسہ,عقائد,شروح وحواشی,علمائے کرام,https://archive.org/download/DarjaAlSadisa6thYear/AlWazahatUlKamelaUrduSharhAlAqidaAlTahawia.pdf
483,الدرس الحاوی اردو شرح عقیدۃ الطحاویہ,درجہ سادسہ,عقائد,شروح وحواشی,علمائے کرام,https://archive.org/download/DarjaAlSadisa6thYear/AlDarsUlHaviUrduSharhAlAqidaAlTahawia.pdf
484,الفوائد الدارسیہ اردو شرح عقیدۃ الطحاویہ,درجہ سادسہ,عقائد,شروح وحواشی,علمائے کرام,https://archive.org/download/DarjaAlSadisa6thYear/AlFawaidUdDarasiaUrduSharhAlAqidaAlTahawia.pdf
485,السراجی فی المیراث (مکتبہ رحمانیہ),درجہ سادسہ,میراث / فرائض,اصل کتاب,سراج الدین السجاوندیؒ,https://archive.org/download/DarjaAlSadisa6thYear/AlSirajiFilMerasRahmania.pdf
486,کتاب الفرائض آسان سراجی,درجہ سادسہ,میراث / فرائض,شروح وحواشی,علمائے کرام,https://archive.org/download/AlSadisah6thYear1/KITAB_UL_FARAIZ_ASAN_SIRAJI.pdf
487,افضل الرامی اردو شرح سراجی (جلد ۲),درجہ سادسہ,میراث / فرائض,شروح وحواشی,علمائے کرام,https://archive.org/download/DarjaAlSadisa6thYear/AFZAL-UR-RAJI-URDU-SHARH-SIRAJI-VOL-2.pdf
488,تلخیص الفرائض خلاصہ سراجی,درجہ سادسہ,میراث / فرائض,شروح وحواشی,علمائے کرام,https://archive.org/download/AlSadisah6thYear1/TALKHEES_UL_FARAIZ_KHULASA_SIRAJI.pdf
489,مشکوٰۃ السراج اردو شرح سراجی,درجہ سادسہ,میراث / فرائض,شروح وحواشی,علمائے کرام,https://archive.org/download/DarjaAlSadisa6thYear/MishkatUsSirajUrduSharhSiraji.pdf
490,درسِ سراجی اردو شرح السراجی,درجہ سادسہ,میراث / فرائض,شروح وحواشی,علمائے کرام,https://archive.org/download/DarjaAlSadisa6thYear/DarsESirajiUrduSharhAlSiraji.pdf
491,طرازی شرح سراجی,درجہ سادسہ,میراث / فرائض,شروح وحواشی,علمائے کرام,https://archive.org/download/DarjaAlSadisa6thYear/TARAZI_SHARH_SIRAJI.pdf
492,معین السراجی اردو شرح سراجی,درجہ سادسہ,میراث / فرائض,شروح وحواشی,علمائے کرام,https://archive.org/download/BestUrduBooks917/MOEEN-US-SIRAJI.pdf
493,العباسیہ اردو شرح السراجی,درجہ سادسہ,میراث / فرائض,شروح وحواشی,علمائے کرام,https://archive.org/download/DarjaAlSadisa6thYear/AlAbasiaUrduSharhAlSiraji.pdf
494,المنحۃ الالہیہ اردو شرح السراجی,درجہ سادسہ,میراث / فرائض,شروح وحواشی,علمائے کرام,https://archive.org/download/DarjaAlSadisa6thYear/AlMinhatUlEilahiaUrduSharhAlSiraji.pdf
495,تشریح السراجی اردو شرح السراجی,درجہ سادسہ,میراث / فرائض,شروح وحواشی,علمائے کرام,https://archive.org/download/DarjaAlSadisa6thYear/TashrihUsSirajiUrduSharhAlSiraji.pdf
496,تسہیل السراجی اردو شرح السراجی,درجہ سادسہ,میراث / فرائض,شروح وحواشی,علمائے کرام,https://archive.org/download/DarjaAlSadisa6thYear/TasheelUsSirajiUrduSharhAlSiraji.pdf
497,آسان میراث,درجہ سادسہ,میراث / فرائض,شروح وحواشی,مولانا محمد عثمانؒ,https://archive.org/download/ASAANMIRAS/ASAAN%20MIRAS%20BY%20MAULANA%20MUHAMMED%20USMAN.pdf
498,شرح دیوان الحماسہ,درجہ سادسہ,عربی ادب,شروح وحواشی,أبو تمام حبیب بن اوس الطائیؒ,https://archive.org/download/besturdubooks2/Sharh-Diwan-Al-Hamasa.pdf
499,توضیح الدراسہ اردو شرح الحماسہ,درجہ سادسہ,عربی ادب,شروح وحواشی,علمائے کرام,https://archive.org/download/DarjaAlSadisa6thYear/TaozeehUdDarasaUrduSharhAlHamasa.pdf
500,مطر السماء اردو شرح الحماسہ,درجہ سادسہ,عربی ادب,شروح وحواشی,علمائے کرام,https://archive.org/download/DarjaAlSadisa6thYear/MatarUsSamaUrduSharhAlHamasa.pdf
501,الدرس الکافی اردو شرح متن الکافی,درجہ سادسہ,عروض و قوافی,شروح وحواشی,علمائے کرام,https://archive.org/download/DarjaAlSadisa6thYear/AlDarsUlKafiUrduSharhMatnUlKafi.pdf
502,الشافی اردو شرح متن الکافی,درجہ سادسہ,عروض و قوافی,شروح وحواشی,علمائے کرام,https://archive.org/download/DarjaAlSadisa6thYear/AlShafiUrduSharhMatnUlKafi.pdf
503,شرح اردو متن الکافی,درجہ سادسہ,عروض و قوافی,شروح وحواشی,علمائے کرام,https://archive.org/download/DarjaAlSadisa6thYear/SharhUrduMatnUlKafi.pdf
504,تلخیص الفلکیات,درجہ سادسہ,فلکیات,شروح وحواشی,علمائے کرام,https://archive.org/download/Besturdubooks317/TALKHEES-UL-FALKIAT.pdf
505,پرچہ جات سادسہ (سالانہ امتحانات),درجہ سادسہ,پرچہ جات,پرچہ جات,وفاق المدارس العربیہ,https://archive.org/download/DarjaAlSadisa6thYear/PARCHAJAAT_SADISAH_2021.pdf
506,سراجی کا حساب (حل شدہ مثالیں),درجہ سادسہ,میراث / فرائض,شروح وحواشی,علمائے کرام,https://archive.org/download/AlSadisah6thYear1/SIRAJI_KA_HISAB.pdf
507,آدھے گھنٹے میں سراجی حل,درجہ سادسہ,میراث / فرائض,شروح وحواشی,علمائے کرام,https://archive.org/download/AlSadisah6thYear1/AADHE_GANTE_ME_SIRAJI_HAL.pdf
508,تنظیم اللآلی شرح عقیدۃ الطحاویہ,درجہ سادسہ,عقائد,شروح وحواشی,علمائے کرام,https://archive.org/download/AlSadisah6thYear1/TANZIM_UL_LUALI_SHARH_AQEEDA_TAHAWI.pdf
509,جواہر الفرائد اردو شرح شرح العقائد,درجہ سادسہ,عقائد,شروح وحواشی,علمائے کرام,https://archive.org/download/DarjaAlSadisa6thYear/JawahirUlFaraidUrduSharhSharhUlAqaid.pdf
510,کشف الفرائد اردو شرح شرح العقائد,درجہ سادسہ,عقائد,شروح وحواشی,علمائے کرام,https://archive.org/download/DarjaAlSadisa6thYear/KashfUlFaraidUrduSharhSharhUlAqaid.pdf
511,اشرف الفوائد اردو شرح شرح العقائد,درجہ سادسہ,عقائد,شروح وحواشی,علمائے کرام,https://archive.org/download/DarjaAlSadisa6thYear/AshrafulFawaidUrduSharhSharhUlAqaid.pdf
512,توضیح العقائد اردو شرح شرح العقائد,درجہ سادسہ,عقائد,شروح وحواشی,علمائے کرام,https://archive.org/download/DarjaAlSadisa6thYear/TaozeehUlAqaidUrduSharhSharhUlAqaid.pdf
513,نشر الفوائد اردو شرح شرح العقائد,درجہ سادسہ,عقائد,شروح وحواشی,علمائے کرام,https://archive.org/download/DarjaAlSadisa6thYear/NashrUlFawaidUrduSharhSharhUlAqaid.pdf
514,تفسیر بیضاوی (اصل),درجہ سابعہ,تفسیر,اصل کتاب,الامام ناصر الدين البيضاوي,https://archive.org/download/TafseerBaizawi/Tafseer-Baizawi-05.pdf
515,تفسیر بیضاوی (البشری),درجہ سابعہ,تفسیر,اصل کتاب,الامام ناصر الدین البیضاویؒ,https://archive.org/download/DarsENizamiDarjaSabeaaMaoqoofAlai7thYear/TafseerUlBaizawiAlBushraColor.pdf
516,تفسیر بیضاوی (میر محمد),درجہ سابعہ,تفسیر,اصل کتاب,الامام ناصر الدین البیضاویؒ,https://archive.org/download/DarsENizamiDarjaSabeaaMaoqoofAlai7thYear/TafseerUlBaizawiMeerMuhammad.pdf
517,تفسیر بیضاوی (رحمانیہ),درجہ سابعہ,تفسیر,اصل کتاب,الامام ناصر الدين البيضاوي,https://archive.org/download/DarsENizamiDarjaSabeaaMaoqoofAlai7thYear/TafseerUlBaizawiRahmania.pdf
518,تفسیر بیضاوی (راشدیہ),درجہ سابعہ,تفسیر,اصل کتاب,الامام ناصر الدين البيضاوي,https://archive.org/download/DarsENizamiDarjaSabeaaMaoqoofAlai7thYear/TafseerUlBaizawiRashedia.pdf
519,التبیان,درجہ سابعہ,علوم القرآن,اصل کتاب,الامام محيي الدين النووي,https://archive.org/download/DarsENizamiDarjaSabeaaMaoqoofAlai7thYear/AlTibyanAlBushraColor.pdf
520,مشکوٰۃ المصابیح جلد اول (البشری),درجہ سابعہ,حدیث,اصل کتاب,الخطيب التبريزي,https://archive.org/download/DarsENizamiDarjaSabeaaMaoqoofAlai7thYear/MishkatUlMasabeehVol1AlBushraColor.pdf
521,مشکوٰۃ المصابیح (قدیمی),درجہ سابعہ,حدیث,اصل کتاب,الخطيب التبريزي,https://archive.org/download/DarsENizamiDarjaSabeaaMaoqoofAlai7thYear/MishkatUlMasabeehQademi.pdf
522,مشکوٰۃ المصابیح جلد اول (رحمانیہ),درجہ سابعہ,حدیث,اصل کتاب,الخطيب التبريزي,https://archive.org/download/DarsENizamiDarjaSabeaaMaoqoofAlai7thYear/MishkarUlMasabeehVol1Rahmania.pdf
523,مشکوٰۃ المصابیح اردو جلد اول,درجہ سابعہ,حدیث,اصل کتاب,الخطيب التبريزي,https://archive.org/download/DarsENizamiDarjaSabeaaMaoqoofAlai7thYear/MishkatUlMasabeehUrduVol1.pdf
524,الہدایہ جلد پنجم,درجہ سابعہ,فقہ,اصل کتاب,برہان الدین المرغینانی,https://archive.org/download/DarsENizamiDarjaSabeaaMaoqoofAlai7thYear/AlHidayahVol5AlBushraColor.pdf
525,الہدایہ (رحمانیہ),درجہ سابعہ,فقہ,اصل کتاب,برہان الدین المرغینانی,https://archive.org/download/ALHIDAYAH0/AL-HIDAYAH-VOL-3-RAHMANIA.pdf
526,نخبۃ الفكر,درجہ سابعہ,اصول حدیث,اصل کتاب,الحافظ ابن حجر العسقلاني,https://archive.org/download/DarsENizamiDarjaSabeaaMaoqoofAlai7thYear/NUHBA-TUL-FIKAR-IMDAD-UN-NAZAR.pdf
527,شرح نخبۃ الفكر,درجہ سابعہ,اصول حدیث,شرح,الحافظ ابن حجر العسقلاني,https://archive.org/download/DarsENizamiDarjaSabeaaMaoqoofAlai7thYear01/SharahNukhbaTulFikrAlBushraColor.pdf
528,تیسیر مصطلح الحدیث,درجہ سابعہ,اصول حدیث,اصل کتاب,الدكتور محمود الطحان,https://archive.org/download/DarsENizamiDarjaSabeaaMaoqoofAlai7thYear01/TaiseerEMustalahUlHadithAlBushraColor.pdf
529,المطول,درجہ سابعہ,بلاغت,اصل کتاب,علامة سعد الدین التفتازاني,https://archive.org/download/DarsENizamiDarjaSabeaaMaoqoofAlai7thYear/AL-MUTAWWAL.pdf
530,الہیئة الوسطی,درجہ سابعہ,فلکیات,اصل کتاب,علامہ ابو القاسم,https://archive.org/download/ALHAIATULWUSTA/AL%20HAI%27AT%20UL%20WUSTA.pdf
531,الہدایہ شرح بدایۃ المبتدی,درجہ سابعہ,فقہ,اصل کتاب,برہان الدین المرغینانی,https://archive.org/download/oct_22/AL_HIDAYAH_SHARH_BIDAYATUL_MUBTADI_VOL_01.pdf
532,پرچہ جات سابعہ (2021),درجہ سابعہ,امتحانات / پرچہ جات,مشقی مواد,وفاق المدارس العربیة,https://archive.org/download/DarsENizamiDarjaSabeaaMaoqoofAlai7thYear01/PARCHAJAAT_SABIA_2021.pdf
533,تحفة القمر (اردو شرح نزهة النظر),درجہ سابعہ,اصول حدیث,شرح,الحافظ ابن حجر العسقلاني,https://archive.org/download/DarsENizamiDarjaSabeaaMaoqoofAlai7thYear01/TUHFAT_UL_QAMAR_URDU_SHARH_NUZHATUN_NAZAR.pdf
534,تسهيل النظر,درجہ سابعہ,اصول حدیث,شرح,علماء ديوبند,https://archive.org/download/DarsENizamiDarjaSabeaaMaoqoofAlai7thYear01/TASHEEL_UN_NAZAR.pdf
535,شرح اردو نخبۃ الفكر,درجہ سابعہ,اصول حدیث,شرح,الحافظ ابن حجر العسقلاني,https://archive.org/download/DarsENizamiDarjaSabeaaMaoqoofAlai7thYear/SHARH_URDU_NUHBA_TUL_FIKAR.pdf
536,وسيلة الظفر (اردو شرح نخبۃ الفكر),درجہ سابعہ,اصول حدیث,شرح,الحافظ ابن حجر العسقلاني,https://archive.org/download/BestUrduBooks717/WASILAT-UZ-ZAFAR-URDU-SHARH-NUKHBAT-UL-FIKR.pdf
537,قطرة العطر (اردو شرح نخبۃ الفكر),درجہ سابعہ,اصول حدیث,شرح,الحافظ ابن حجر العسقلاني,https://archive.org/download/DarsENizamiDarjaSabeaaMaoqoofAlai7thYear/QatratUlEtarUrduSharhNuhbatUlFikar.pdf
538,بهجة الدرر (اردو شرح نخبۃ الفكر),درجہ سابعہ,اصول حدیث,شرح,الحافظ ابن حجر العسقلاني,https://archive.org/download/DarsENizamiDarjaSabeaaMaoqoofAlai7thYear/BahjatUdDurarUrduSharhNuhbatUlFikar.pdf
539,تحفة الدرر (اردو شرح نخبۃ الفكر),درجہ سابعہ,اصول حدیث,شرح,الحافظ ابن حجر العسقلاني,https://archive.org/download/DarsENizamiDarjaSabeaaMaoqoofAlai7thYear/TohfatUdDurarUrduSharhNuhbatUlFikar.pdf
540,عمدة النظر (اردو شرح نخبۃ الفكر),درجہ سابعہ,اصول حدیث,شرح,الحافظ ابن حجر العسقلاني,https://archive.org/download/DarsENizamiDarjaSabeaaMaoqoofAlai7thYear/UmdatUnNazarUrduSharhNuhbatUlFikar.pdf
541,صلة القربة (اردو شرح نخبۃ الفكر),درجہ سابعہ,اصول حدیث,شرح,الحافظ ابن حجر العسقلاني,https://archive.org/download/DarsENizamiDarjaSabeaaMaoqoofAlai7thYear/SalatUlQurbahUrduSharhNuhbatUlFikar.pdf
542,آسان اصطلاحات حدیث,درجہ سابعہ,اصول حدیث,حوالہ جاتی کتاب,علماء ديوبند,https://archive.org/download/www.besturdubooks.net/ASAN-ISTELAHAAT-E-HADEES.pdf
543,مبادیات حدیث,درجہ سابعہ,اصول حدیث,حوالہ جاتی کتاب,علماء ديوبند,https://archive.org/download/Besturdubooks317/MABADIYAT-HADITH.pdf
544,شرح نخبۃ الفکر کی آسان شرح,درجہ سابعہ,اصول حدیث,شرح,الحافظ ابن حجر العسقلاني,https://archive.org/download/DarsENizamiDarjaSabeaaMaoqoofAlai7thYear01/SHARH_NUKHBA_TUL_FIKAR_KI_ASAN_SHARH.pdf
545,نضرة النظر (شرح نخبۃ الفکر),درجہ سابعہ,اصول حدیث,شرح,الحافظ ابن حجر العسقلاني,https://archive.org/download/DarsENizamiDarjaSabeaaMaoqoofAlai7thYear01/NUDHRATUN_NAZAR_SHARH_NUKHBATUL_FIKAR.pdf
546,نور القمر (شرح نزهة النظر),درجہ سابعہ,اصول حدیث,شرح,الحافظ ابن حجر العسقلاني,https://archive.org/download/DarsENizamiDarjaSabeaaMaoqoofAlai7thYear01/NOORUL_QAMAR_SHARH_NUZHATUN_NAZAR.pdf
547,شرح نزهة النظر,درجہ سابعہ,اصول حدیث,شرح,الحافظ ابن حجر العسقلاني,https://archive.org/download/DarsENizamiDarjaSabeaaMaoqoofAlai7thYear01/SHARH_NUZHA_TUN_NAZAR.pdf
548,حاشية السيالكوتي على البيضاوي,درجہ سابعہ,تفسیر,شرح,عبد الحكيم السيالكوتي,https://archive.org/download/DarsENizamiDarjaSabeaaMaoqoofAlai7thYear/HASHIA-SIALKOTI-ALAL-BAIZAWI.pdf
549,حاشية القونوي على البيضاوي (جلد 2),درجہ سابعہ,تفسیر,شرح,إسماعيل القونوي,https://archive.org/download/HashiaAlQonaviAlBaizavi/Hashia_Al_Qonavi_Al_Baizavi_02.pdf
550,حاشية شيخ زاده على البيضاوي (جلد 2),درجہ سابعہ,تفسیر,شرح,محمد بن مصطفى شيخ زاده,https://archive.org/download/HashiaShaykhZadaSharhAlBaizawi/Hashia_Shaykh_Zada_Sharh_Al_%20Baizavi_Vol_2.pdf
551,حاشية الشهاب على البيضاوي (جلد 2),درجہ سابعہ,تفسیر,شرح,شهاب الدين الخفاجي,https://archive.org/download/HashiaAlShihabAlBaizavi/Hashia_Al_Shihab_Al_Baizavi_2.pdf
552,تشريحات نثاري في تفسير البيضاوي,درجہ سابعہ,تفسیر,شرح,مولانا محمد نثار,https://archive.org/download/maulana-m-nisar/TASHRIHAT_E_NISARI_FI_TAFSIR_AL_BAIZAWI.pdf
553,تسهيل بيضاوي (اردو),درجہ سابعہ,تفسیر,شرح,علماء ديوبند,https://archive.org/download/DarsENizamiDarjaSabeaaMaoqoofAlai7thYear01/TASHEEL_E_BAIZAWI_URDU.pdf
554,تقریر شاہی (تفسیر بیضاوی),درجہ سابعہ,تفسیر,شرح,مولانا محمود حسن دیوبندی,https://archive.org/download/DarsENizamiDarjaSabeaaMaoqoofAlai7thYear01/TAQRIR_E_SHAHI_TAFSIR_E_BAIZAWI.pdf
555,درس بيضاوي,درجہ سابعہ,تفسیر,شرح,علماء ديوبند,https://archive.org/download/jun_21/DARS_E_BAIZAWI.pdf
556,التقرير الحاوي (اردو شرح تفسير البيضاوي),درجہ سابعہ,تفسیر,شرح,علماء ديوبند,https://archive.org/download/DarsENizamiDarjaSabeaaMaoqoofAlai7thYear/AlTaqreerUlHaviUrduSharhTafseerUlBaizavi.pdf
557,النظر الحاوي (اردو شرح تفسير البيضاوي),درجہ سابعہ,تفسیر,شرح,علماء ديوبند,https://archive.org/download/DarsENizamiDarjaSabeaaMaoqoofAlai7thYear/AlNazarUlHaviUrduSharhTafseerUlBaizavi.pdf
558,مقدمة شرح البيضاوي (جلد 2),درجہ سابعہ,تفسیر,شرح,علماء ديوبند,https://archive.org/download/DarsENizamiDarjaSabeaaMaoqoofAlai7thYear/MUQADDEMA-SHARH-UL-BAIZAWI-VOL-02.pdf
559,الشرق الصافي (تفسير البيضاوي اردو),درجہ سابعہ,تفسیر,شرح,علماء ديوبند,https://archive.org/download/DarsENizamiDarjaSabeaaMaoqoofAlai7thYear01/AL_SHARH_AL_SAFI_TAFSIR_E_BAIZAWI_URDU.pdf
560,نسخة تفسير البيضاوي,درجہ سابعہ,تفسیر,اصل کتاب,الامام ناصر الدين البيضاوي,https://archive.org/download/DarsENizamiDarjaSabeaaMaoqoofAlai7thYear01/COPY_TAFSEER_E_BAIZAWI.pdf
561,نسيم البيان (اردو شرح التبيان),درجہ سابعہ,تفسیر,شرح,علماء ديوبند,https://archive.org/download/DarsENizamiDarjaSabeaaMaoqoofAlai7thYear/NASEEM_UL_BAYAN_URDU_SHARH_AL_TIBYAN.pdf
562,اللمعان (اردو شرح التبيان),درجہ سابعہ,تفسیر,شرح,علماء ديوبند,https://archive.org/download/DarsENizamiDarjaSabeaaMaoqoofAlai7thYear/AlLamaanUrduSharhAlTibyan.pdf
563,مرقاة المفاتيح (جلد 2),درجہ سابعہ,حدیث,شرح,ملا علي القاري,https://archive.org/download/MirqatUlMafateeh/Mirqat_Ul_Mafateeh_Vol_02.pdf
564,التعليق الصبيح (جلد 2),درجہ سابعہ,حدیث,شرح,مولانا إدريس الكاندهلوي,https://archive.org/download/AlTaleeqAlSabeeh/Al-Taleeq-Al-Sabeeh-02.pdf
565,المطبح شرح المصابيح (جلد 2),درجہ سابعہ,حدیث,شرح,علماء ديوبند,https://archive.org/download/besturdubooks2/Al-Mateeh-Sharh-Al-Masabeeh-Vol-2.pdf
566,التقرير الرفيع (جلد 2 عربی شرح),درجہ سابعہ,حدیث,شرح,علماء ديوبند,https://archive.org/download/DarsENizamiDarjaSabeaaMaoqoofAlai7thYear/AlTaqreerUrRafeeVol2ArabicSharhMishkatUlMasabeeh.pdf
567,مشكوٰة المصابيح (اردو جلد 2),درجہ سابعہ,حدیث,ترجمہ,الخطيب التبريزي,https://archive.org/download/DarsENizamiDarjaSabeaaMaoqoofAlai7thYear/MishkatUlMasabeehUrduVol2.pdf
568,نفحات التنقيح شرح مشكاة (جلد 2),درجہ سابعہ,حدیث,شرح,مولانا محمد أنور البدائوني,https://archive.org/download/DarsENizamiDarjaSabeaaMaoqoofAlai7thYear01/NAFAHAAT_AL_TANQEEH_SHARH_MISHKAT_VOL_02.pdf
569,أشرف التوضيح (جلد 2),درجہ سابعہ,حدیث,شرح,مولانا جليل احمد القاسمي,https://archive.org/download/DarsENizamiDarjaSabeaaMaoqoofAlai7thYear/AshrafUtTaozeehVol2UrduTaqreerMishkatUlMasabeeh.pdf
570,أسعد المفاتيح (جلد 2),درجہ سابعہ,حدیث,شرح,علماء ديوبند,https://archive.org/download/DarsENizamiDarjaSabeaaMaoqoofAlai7thYear/AsaadUlMafateehVol2UrduSharhMishkatUlMasabeeh.pdf
571,خير المفاتيح (جلد 2),درجہ سابعہ,حدیث,شرح,علماء ديوبند,https://archive.org/download/DarsENizamiDarjaSabeaaMaoqoofAlai7thYear/KhairUlMafateehVol2UrduSharhMishkatUlMasabeeh.pdf
572,توضيحات (جلد 2),درجہ سابعہ,حدیث,شرح,علماء ديوبند,https://archive.org/download/DarsENizamiDarjaSabeaaMaoqoofAlai7thYear/TaozihaatVol2UrduSharhMishkatUlMasabeeh.pdf
573,إيضاح المشكاة (جلد 2),درجہ سابعہ,حدیث,شرح,علماء ديوبند,https://archive.org/download/151119/EIZAHUL_MISHKAT_VOL_02.pdf
574,مظاہر حق جدید شرح مشکوٰۃ المصابیح (جلد اول),درجہ سابعہ,حدیث,اردو شرح,علامہ نواب قطب الدین خان دہلویؒ / مفتی عبد اللہ مدنیؒ,https://archive.org/download/DarsENizamiDarjaSabeaaMaoqoofAlai7thYear/MuzaherEHaqVol1UrduSharhMishkatUlMasabeeh.pdf
575,مظاہر حق جدید شرح مشکوٰۃ المصابیح (جلد دوم),درجہ سابعہ,حدیث,اردو شرح,علامہ نواب قطب الدین خان دہلویؒ / مفتی عبد اللہ مدنیؒ,https://archive.org/download/DarsENizamiDarjaSabeaaMaoqoofAlai7thYear/MuzaherEHaqVol2UrduSharhMishkatUlMasabeeh.pdf
576,مظاہر حق جدید شرح مشکوٰۃ المصابیح (جلد سوم),درجہ سابعہ,حدیث,اردو شرح,علامہ نواب قطب الدین خان دہلویؒ / مفتی عبد اللہ مدنیؒ,https://archive.org/download/DarsENizamiDarjaSabeaaMaoqoofAlai7thYear/MuzaherEHaqVol3UrduSharhMishkatUlMasabeeh.pdf
577,مظاہر حق جدید شرح مشکوٰۃ المصابیح (جلد چہارم),درجہ سابعہ,حدیث,اردو شرح,علامہ نواب قطب الدین خان دہلویؒ / مفتی عبد اللہ مدنیؒ,https://archive.org/download/DarsENizamiDarjaSabeaaMaoqoofAlai7thYear/MuzaherEHaqVol4UrduSharhMishkatUlMasabeeh.pdf
578,مظاہر حق جدید شرح مشکوٰۃ المصابیح (جلد پنجم),درجہ سابعہ,حدیث,اردو شرح,علامہ نواب قطب الدین خان دہلویؒ / مفتی عبد اللہ مدنیؒ,https://archive.org/download/DarsENizamiDarjaSabeaaMaoqoofAlai7thYear/MuzaherEHaqVol5UrduSharhMishkatUlMasabeeh.pdf
579,تحفة المرياة (دروس مشكاة),درجہ سابعہ,حدیث,شرح,علماء ديوبند,https://archive.org/download/DarsENizamiDarjaSabeaaMaoqoofAlai7thYear01/TOHFA_TUL_MIRAT_DUROOS_MISHKAT.pdf
580,درس مشكاة جديد (جلد 2),درجہ سابعہ,حدیث,شرح,علماء ديوبند,https://archive.org/download/DarsENizamiDarjaSabeaaMaoqoofAlai7thYear/DarsEMishkatJadeedVol2UrduSharhMishkatUlMasabeeh.pdf
581,درس مشكاة كامل (جلد 2),درجہ سابعہ,حدیث,شرح,علماء ديوبند,https://archive.org/download/DarsENizamiDarjaSabeaaMaoqoofAlai7thYear/DarsEMishkatKamilVol2UrduSharhMishkatUlMasabeeh.pdf
582,ضياء الصبيح (اردو شرح),درجہ سابعہ,حدیث,شرح,علماء ديوبند,https://archive.org/download/DarsENizamiDarjaSabeaaMaoqoofAlai7thYear/ZiaUsSabeehUrduSharhMishkatUlMasabeeh.pdf
583,مصفاة الينابيع (جلد 1),درجہ سابعہ,حدیث,شرح,علماء ديوبند,https://archive.org/download/DarsENizamiDarjaSabeaaMaoqoofAlai7thYear01/MISFATUL_YANABEE_VOL_01.pdf
584,فيوضات (شرح مشكاة جلد 1),درجہ سابعہ,حدیث,شرح,علماء ديوبند,https://archive.org/download/dec_22/FUYOOZAT_SHARH_E_MISHKAT_VOL_01.pdf
585,فيض مشكاة (جلد 2),درجہ سابعہ,حدیث,شرح,علماء ديوبند,https://archive.org/download/DarsENizamiDarjaSabeaaMaoqoofAlai7thYear01/FAIZ_E_MISHKAT_URDU_SHARH_MISHKAT_VOL_02.pdf
586,أحسن الهداية (جلد 9),درجہ سابعہ,فقہ,شرح,مولانا عبد الحليم اللكنوي,https://archive.org/download/DarsENizamiDarjaSabeaaMaoqoofAlai7thYear/AhsanUlHidayaVol9UrduSharhAlHidaya.pdf
587,أشرف الهداية (جلد 9),درجہ سابعہ,فقہ,شرح,مولانا جليل احمد القاسمي,https://archive.org/download/darrs1/ASHRAF_UL_HIDAYAH_VOL_09.pdf
588,أثمار الهداية (جلد 9),درجہ سابعہ,فقہ,شرح,مولانا سمير الدين القاسمي,https://archive.org/download/maulana-samiruddin-qasmi/ASMAAR_UL_HIDAYA_VOL_09.pdf
589,عين الهداية (جلد 7),درجہ سابعہ,فقہ,شرح,مولانا عين الحق,https://archive.org/download/DarsENizamiDarjaSabeaaMaoqoofAlai7thYear/AenUlHidayaVol7UrduSharhAlHidaya.pdf
590,تنظيم الدراية,درجہ سابعہ,اصول فقہ,اصول کتاب,علماء ديوبند,https://archive.org/download/TanzeemUdDirayah/Tanzeem_ud_Dirayah.pdf
591,أصول الهداية (جلد 3-4),درجہ سابعہ,اصول فقہ,اصول کتاب,علماء ديوبند,https://archive.org/download/DarsENizamiDarjaSabeaaMaoqoofAlai7thYear01/USOOL_E_HIDAYAH_VOL_03-04.pdf
592,تفهيم الهداية (شرح هداية رابع),درجہ سابعہ,فقہ,شرح,علماء ديوبند,https://archive.org/download/DarsENizamiDarjaSabeaaMaoqoofAlai7thYear01/TAFHIM_UL_HIDAYAH_SHARH_HIDAYA_RABE.pdf
593,البناية في شرح الهداية (جلد 2),درجہ سابعہ,فقہ,شرح,بدر الدين العيني,https://archive.org/download/bhidaya/AL_BINAYA_FI_SHARH_AL_HIDAYA_HAQQANIA_VOL_02.pdf
594,فتح القدير شرح الهداية (جلد 2),درجہ سابعہ,فقہ,شرح,كمال الدين ابن الهمام,https://archive.org/download/FathHulQadeerSharhAlHidayah/Fath_hul_Qadeer_Sharh_Al_Hidayah_02.pdf
595,حاشية على المطول,درجہ سابعہ,بلاغت,شرح,علماء ديوبند,https://archive.org/download/HashiaAlalMutawwal/Hashia_Alal_Mutawwal.pdf
596,شمس الفوائد (شرح شرح العقائد),درجہ سابعہ,عقائد,شرح,علماء ديوبند,https://archive.org/download/AlSadisah6thYear1/SHAMSUL_FAWAID_SHARH_SHARHUL_AQAID.pdf
597,إمعان النظر (عربی شرح شرح النخبة),درجہ سابعہ,اصول حدیث,شرح,علماء ديوبند,https://archive.org/download/DarsENizamiDarjaSabeaaMaoqoofAlai7thYear01/IMAAN_UN_NAZAR_ARABIC_SHARH_SHARH_E_NUKHBAH.pdf
598,بهجة النظر (عربی شرح شرح النخبة),درجہ سابعہ,اصول حدیث,شرح,علماء ديوبند,https://archive.org/download/DarsENizamiDarjaSabeaaMaoqoofAlai7thYear01/BAHJAH_TUN_NAZAR_ARABIC_SHARH_SHARH_E_NUKHBAH.pdf
599,اصول الشاشی (مکتبۃ البشریٰ رنگین ایڈیشن),درجہ ثالثہ,اصول فقہ,اصل کتاب,امام نظام الدین الشاشیؒ,https://archive.org/download/DarsENizamiDarjaSalsa3rdYear/UsoolUlShashiAlBushraColor.pdf
600,تسہیل اصول الشاشی,درجہ ثالثہ,اصول فقہ,اردو شرح,مولانا مفتی جمیل احمد سکروڈھویؒ,https://archive.org/download/121.20/TASHEEL_USOOL_AL_SHASHI.pdf
601,تنقیح الحواشی شرح اصول الشاشی,درجہ ثالثہ,اصول فقہ,اردو شرح,مولانا عبد الحی استوریؒ,https://archive.org/download/maulana-abdul-hai-astori/TANQEEH_UL_HAWASHI_SHARH_USOOL_AL_SHASHI.pdf
602,اصول الشاشی (اردو ترجمہ و تشریح),درجہ ثالثہ,اصول فقہ,اردو ترجمہ,امام نظام الدین الشاشیؒ,https://archive.org/download/DarsENizamiDarjaSalsa3rdYear/UsoolUshShashiUrdu.pdf
603,مزیل الغواشی شرح اصول الشاشی,درجہ ثالثہ,اصول فقہ,اردو شرح,مولانا محمد فیض احمد اویسیؒ,https://archive.org/download/DarsENizamiDarjaSalsa3rdYear/MUZEEL_UL_GHAWASHI_SHARH_USOOL_AL_SHASHI.pdf
604,معارف الحواشی شرح اصول الشاشی,درجہ ثالثہ,اصول فقہ,اردو شرح,مولانا عبد الحی استوریؒ,https://archive.org/download/maulana-abdul-hai-astori/MAARIF_UL_HAWASHI_SHARH_USOOL_AL_SHASHI.pdf
605,اجمل الحواشی اردو شرح اصول الشاشی,درجہ ثالثہ,اصول فقہ,اردو شرح,مولانا محمد اجمل خانؒ / مولانا جمیل احمد تھانویؒ,https://archive.org/download/DarsENizamiDarjaSalsa3rdYear/AjmalUlHawashiUrduSharhUsoolUshShashi.pdf
606,صفوۃ الحواشی اردو شرح اصول الشاشی,درجہ ثالثہ,اصول فقہ,اردو شرح,مولانا صفوت اللہ قاسمیؒ,https://archive.org/download/DarsENizamiDarjaSalsa3rdYear/SafwatlUlHawashiUrduSharhUsoolUshShashi.pdf
607,محبوب الحواشی شرح اصول الشاشی,درجہ ثالثہ,اصول فقہ,اردو شرح,مولانا محبوب احمدؒ,https://archive.org/download/DarsENizamiDarjaSalsa3rdYear/MAHBOOB-UL-HAWASHI.pdf
608,معلم الاصول شرح اصول الشاشی,درجہ ثالثہ,اصول فقہ,اردو شرح,مولانا عبید اللہ کوٹیؒ,https://archive.org/download/DarsENizamiDarjaSalsa3rdYear/MUALLIM-UL-USOOL.pdf
609,اجود الحواشی اردو شرح اصول الشاشی,درجہ ثالثہ,اصول فقہ,اردو شرح,مولانا اجود الحقؒ,https://archive.org/download/DarsENizamiDarjaSalsa3rdYear/AjwadUlHawashiUrduSharhUsoolUshShashi.pdf
610,نجوم الحواشی اردو شرح اصول الشاشی,درجہ ثالثہ,اصول فقہ,اردو شرح,مولانا نجم الحسن قاسمیؒ,https://archive.org/download/DarsENizamiDarjaSalsa3rdYear/NujoomUlHawashiUrduSharhUsoolUshShashi.pdf
611,فصول الحواشی شرح اصول الشاشی,درجہ ثالثہ,اصول فقہ,اردو شرح,مولانا مفتی عبد الحکیمؒ,https://archive.org/download/DarsENizamiDarjaSalsa3rdYear/FusoolUlHawashiAlHaram.pdf
612,الفقہ المیسر (اردو),درجہ اولیٰ,فقہ,اردو ترجمہ و تشریح,الشیخ شفیق الرحمن الندویؒ / مفتی عبد المجید,https://dn790009.ca.archive.org/0/items/DarsENizami_DarjaAula_1stYear/AL-FIQH-UL-MUYASSAR-URDU.pdf
613,الفقہ المیسر (عربی),درجہ اولیٰ,فقہ,اصل کتاب,الشیخ شفیق الرحمن الندویؒ,https://dn790006.ca.archive.org/0/items/al-fuqa-ul-mayassar/Al%20Fuqa%20Ul%20Mayassar.pdf
614,ایساغوجی (منطق),درجہ ثانیہ,منطق,اصل کتاب,علامہ اثیر الدین الابہریؒ,https://www.talibeilm.net/uploads/4/7/1/3/4713847/esa-ghoji.pdf
615,درایۃ النحو (شرح ہدایۃ النحو),درجہ ثانیہ,نحو,اردو شرح,مولانا سید نذیر احمدؒ,https://www.talibeilm.net/uploads/4/7/1/3/4713847/diraya_tul_nahw.pdf
616,زاد القدوری شرح مختصر القدوری,درجہ ثانیہ,فقہ,اردو شرح,مولانا مفتی زاد حسنؒ,https://archive.org/download/20231203_20231203_1822/%D9%85%D8%AE%D8%AA%D8%B5%D8%B1%20%D8%A7%D9%84%D9%82%D8%AF%D9%88%D8%B1%DB%8C%20%D8%B4%D8%B1%D8%AD%20%D8%B2%D8%A7%D8%AF%20%D8%A7%D9%84%D9%82%D8%AF%D9%88%D8%B1%DB%8C.pdf
617,اشرف الانشاء شرح معلم الانشاء,درجہ ثانیہ,عربی ادب,اردو شرح,ابو حمزہ محمد شریفؒ,https://archive.org/download/20230304_20230304_0242/%D8%A7%D8%B4%D8%B1%D9%81%20%D8%A7%D9%84%D8%A7%D9%86%D8%B4%D8%A7%D8%A1%20%D8%B4%D8%B1%D8%AD%20%D9%85%D8%B9%D9%84%D9%85%20%D8%A7%D9%84%D8%A7%D9%86%D8%B4%D8%A7%D8%A1%20%D8%A7%D8%A8%D9%88%20%D8%AD%D9%85%D8%B2%DB%81%20%D9%85%D8%AD%D9%85%D8%AF%20%D8%B4%D8%B1%DB%8C%D9%81.pdf
618,علم الصیغہ (مکتبۃ البشریٰ رنگین ایڈیشن),درجہ ثانیہ,صرف,اصل کتاب,مفتی محمد عنایت احمدؒ,https://archive.org/download/Httpsarchive.orgdetailsDarsENizamiDarjaSaniah2ndYear2/IlmUsSeghaAlBushraColor.pdf
619,عنبر الیم فی تفسیر پارہ عم,درجہ ثانیہ,تفسیر,تفسیر,مولانا عبد الرحمن جامیؒ,https://archive.org/download/20250924_20250924_1348/%D8%B9%D9%86%D8%A8%D8%B1%20%D8%A7%D9%84%DB%8C%D9%85%20%D9%81%DB%8C%20%D8%AA%D9%81%D8%B3%DB%8C%D8%B1%20%D9%BE%D8%A7%D8%B1%DB%81%20%D8%B9%D9%85%20%DB%94%20%D8%B9%D8%A8%D8%AF%20%D8%A7%D9%84%D8%B1%D8%AD%D9%85%D9%B0%D9%86%20%D8%AC%D8%A7%D9%85%DB%8C%DB%94%20%D8%AD%D9%82.pdf
620,اصول الشاشی (تحقیق مولانا محمد اکرم ندوی),درجہ ثالثہ,اصول فقہ,اصل کتاب مع تحقیق,امام نظام الدین الشاشیؒ,https://archive.org/download/Usul_Ash-Shashi_Wa_Shuroohatuha/%D8%A3%D8%B5%D9%88%D9%84%20%D8%A7%D9%84%D8%B4%D8%A7%D8%B4%D9%8A%20%D8%A8%D8%AA%D8%AD%D9%82%D9%8A%D9%82%20%D9%85%D8%AD%D9%85%D8%AF%20%D8%A3%D9%83%D8%B1%D9%85%20%D9%86%D8%AF%D9%88%D9%8A%20%E2%80%93%20%D8%AF%D8%A7%D8%B1%20%D8%A7%D9%84%D8%BA%D8%B1%D8%A8%20%D8%A7%D9%84%D8%A5%D8%B3%D9%84%D8%A7%D9%85%D9%8A%D8%8C%20%D8%A8%D9%8A%D8%B1%D9%88%D8%AA.pdf
621,آسان اصولِ فقہ,درجہ ثالثہ,اصول فقہ,اردو شرح,مولانا محی الدینؒ,https://archive.org/download/20251007_20251007_1036/%D8%A2%D8%B3%D8%A7%D9%86%20%D8%A7%D8%B5%D9%88%D9%84%20%D9%81%D9%82%DB%81%20%D8%A7%D8%B2%20%D9%85%D8%AD%DB%8C%20%D8%A7%D9%84%D8%AF%DB%8C%D9%86%20%DB%94%20%D8%AD%D9%82.pdf
622,تعلیم المتعلم طریق التعلم (اردو ترجمہ),درجہ ثالثہ,اخلاقیات,اردو ترجمہ,الشیخ برہان الدین الزرنوجیؒ,https://archive.org/download/taleem-ul-mutallim-tareeq-ul-tallum-sheikh-burhan-ul-deen-al-zarnoji/%D8%AA%D8%B9%D9%84%DB%8C%D9%85%20%D8%A7%D9%84%D9%85%D8%AA%D8%B9%D9%84%D9%85%20%D8%B7%D8%B1%DB%8C%D9%82%20%D8%A7%D9%84%D8%AA%D8%B9%D9%84%D9%85%20%D8%A7%D8%B1%D8%AF%D9%88%20%D8%A7%D9%84%D8%B4%DB%8C%D8%AE%20%D8%A8%D8%B1%DA%BE%D8%A7%D9%86%20%D8%A7%D9%84%D8%AF%DB%8C%D9%86%20%D8%A7%D9%84%D8%B2%D8%B1%D9%86%D9%88%D8%AC%DB%8C%20-%20Taleem%20ul%20Mutallim%20Tareeq%20ul%20Tallum%2C%20Sheikh%20Burhan%20ul%20Deen%20Al%20Zarnoji.pdf
623,تہذیب المنطق,درجہ ثالثہ,منطق,اصل کتاب,علامہ سعد الدین تفتازانیؒ,https://archive.org/download/KHAIRULWUSOOLILALHASILWALMAHSOOL/TAHZEEB_UL_MANTIQ.pdf
624,تنویر المنطق (تسهيل تيسير المنطق),درجہ ثانیہ,منطق,شرح,مولانا تنوير الحق,https://archive.org/download/DarsENizami_DarjaAula_1stYear/TANVEER_UL_MANTIQ_TASHEEL_TAYSEER_UL_MANTIQ.pdf
625,تسهيل المنطق (شرح تيسير المنطق),درجہ ثانیہ,منطق,شرح,مولانا تسهيل الدين,https://archive.org/download/DarsENizamiDarjaSaniah2ndYear1/TASHEEL-UL-MANTIQ-SHARH-TAISEER-UL-MANTIQ.pdf
626,أساس المنطق (اردو شرح تيسير المنطق جلد 2),درجہ ثانیہ,منطق,شرح,مولانا اساس الدين,https://archive.org/download/DarsENizamiDarjaSaniah2ndYear1/AsasUlMantiqUrduSharhTaiseerUlMantiqVol2.pdf
627,تسهيل المنطق (ایڈیشن دوم),درجہ ثانیہ,منطق,شرح,مولانا تسهيل الدين,https://archive.org/download/DarsENizamiDarjaSaniah2ndYear1/TasheelUlMantiq.pdf
628,تسهيل تيسير المنطق,درجہ ثانیہ,منطق,شرح,مولانا محمد ایاز,https://archive.org/download/m-ayaz-muhammad/TASHIL_E_TAYSIR_UL_MANTIQ.pdf
629,معلم الإنشاء (جلد اول),درجہ ثانیہ,انشاء,اصل کتاب,الشيخ عبد الماجد الندوي,https://archive.org/download/DarsENizamiDarjaSaniah2ndYear1/MuallimUlInshaVol1.pdf
630,أشرف الإنشاء (شرح معلم الإنشاء),درجہ ثانیہ,انشاء,شرح,مولانا اشرف علی,https://archive.org/download/DarsENizamiDarjaSaniah2ndYear1/AshrafUlInshaSharhMoallimUlInsha.pdf
631,توضیحات الإنشاء (شرح معلم الإنشاء),درجہ ثانیہ,انشاء,شرح,مولانا توضيح الرحمن,https://archive.org/download/DarsENizamiDarjaSaniah2ndYear1/TozihaatUlInshaSharhMoallimUlInsha.pdf
632,دلائل الإنشاء (شرح معلم الإنشاء),درجہ ثانیہ,انشاء,شرح,مولانا دلائل الحق,https://archive.org/download/DarsENizamiDarjaSaniah2ndYear1/DalailUlInshaSharhMoallimUlInsha.pdf
633,تسهيل الإنشاء (شرح معلم الإنشاء),درجہ ثانیہ,انشاء,شرح,مولانا تسهيل الدين,https://archive.org/download/DarsENizamiDarjaSaniah2ndYear1/TasheelUlInshaSharhMoallimUlInsha.pdf
634,حل شدہ پرچہ جات درجہ ثانیہ (حل شدہ سالانہ پرچہ جات),درجہ ثانیہ,عمومی,اصل کتاب,وفاق المدارس العربیہ,https://archive.org/download/DarsENizamiDarjaSaniah2ndYear1/HalShudaParchaJaatDarjaSania.pdf
635,رياض الصالحين (اصل کتاب),درجہ ثالثہ,حدیث,اصل کتاب,الامام يحيى بن شرف النووي,https://archive.org/download/RiazusSalihin/Riazus%20Salihin%20%28AlBushra%29%20By%20Imam%20Navavi.pdf
636,رياض الصالحين (اردو ترجمہ),درجہ ثالثہ,حدیث,شرح,الامام النووي,https://archive.org/download/RiazusSalihinUrdu/Riazus%20Salihin%20By%20Imam%20Navavi%20Urdu.pdf
637,رياض الصالحين (اردو درسی شرح),درجہ ثالثہ,حدیث,شرح,علماء ديوبند,https://archive.org/download/DarsENizamiDarjaSalsa3rdYear/RiazUsSaleheenUrdu2.pdf
638,خير الصالحين (جلد دوم),درجہ ثالثہ,حدیث,شرح,مولانا خير محمد,https://archive.org/download/DarsENizamiDarjaSalsa3rdYear/KHAIR_UL_SALIHEEN_VOL_2.pdf
639,طريق سالكين (جلد دوم),درجہ ثالثہ,حدیث,شرح,مولانا طريق الرحمن,https://archive.org/download/DarsENizamiDarjaSalsa3rdYear/TAREEQ_UL_SALIKEEN_VOL_2.pdf
640,نزهة المتقين (جلد دوم),درجہ ثالثہ,حدیث,شرح,د. مصطفى الخن وآخرون,https://archive.org/download/DarsENizamiDarjaSalsa3rdYear/NUZHA_TUL_MUTTAQEEN_VOL_2.pdf
641,دليل الفالحين (جلد دوم),درجہ ثالثہ,حدیث,شرح,محمد بن علان الصديقي,https://archive.org/download/DalilUlFaliheen/Dalil-ul-Faliheen-Vol-2.pdf
642,روضة الصالحين (اردو شرح رياض الصالحين),درجہ ثالثہ,حدیث,شرح,مولانا روضة الحق,https://archive.org/download/DarsENizamiDarjaSalsa3rdYear/RaozatUsSaleheenUrduSharhRiazUsSaleheen2.pdf
643,كنز الدقائق (جلد دوم - مکتبۃ البشریٰ رنگین),درجہ ثالثہ,فقہ,اصل کتاب,الامام عبد الله بن احمد بن محمود النسفي,https://archive.org/download/DarsENizamiDarjaSalsa3rdYear/KanzUlDaqaiqVol2AlBushraColor.pdf
644,تيسير الحقائق (شرح عربي كنز الدقائق),درجہ ثالثہ,فقہ,شرح,الشيخ تيسير الحق,https://archive.org/download/DarsENizamiDarjaSalsa3rdYear/TAYSIR_UL_HAQAIQ_ARABIC_SHARH_KANZ.pdf
645,النهر الفائق شرح كنز الدقائق (جلد دوم),درجہ ثالثہ,فقہ,شرح,عمر بن إبراهيم ابن نجيم الحنفي,https://archive.org/download/AlNahrUlFaiq/Al-Nahr-ul-Faiq-Vol-02.pdf
646,معدن الحقائق (اردو شرح كنز الدقائق),درجہ ثالثہ,فقہ,شرح,مولانا معدن الحسن,https://archive.org/download/DarsENizamiDarjaSalsa3rdYear/MadinUlHaqaiqUrduSharhKanzUdDaqaiq2.pdf
647,تسهيل الحقائق (اردو شرح كنز الدقائق),درجہ ثالثہ,فقہ,شرح,مولانا تسهيل احمد,https://archive.org/download/DarsENizamiDarjaSalsa3rdYear/TasheelUlHaqaiqUrduSharhKanzUlDaqaiq.pdf
648,نوادر الحقائق (اردو شرح كنز الدقائق),درجہ ثالثہ,فقہ,شرح,مولانا نوادر علي,https://archive.org/download/DarsENizamiDarjaSalsa3rdYear/NawaderUlHaqaiqUrduSharhKanzUdDaqaiq.pdf
649,أحسن المسائل (اردو ترجمہ كنز الدقائق),درجہ ثالثہ,فقہ,شرح,مولانا أحسن علي,https://archive.org/download/DarsENizamiDarjaSalsa3rdYear/AhsanUlMasailUrduTarjamaKanzUdDaqaiq.pdf
650,سراج الحقائق (شرح عربي كنز الدقائق - جلد دوم),درجہ ثالثہ,فقہ,شرح,الشيخ سراج الدين,https://archive.org/download/DarsENizamiDarjaSalsa3rdYear/SIRAJ_UL_HAQAIQ_SHARH_KANZ_VOL_02.pdf
651,الكافية (مکتبۃ البشریٰ رنگین),درجہ ثالثہ,نحو,اصل کتاب,ابن حاجب,https://archive.org/download/DarsENizamiDarjaSalsa3rdYear/KafiahAlBushraColor.pdf
652,درس كافيه (اردو شرح كافيه),درجہ ثالثہ,نحو,شرح,مولانا درس علي,https://archive.org/download/DarsENizamiDarjaSalsa3rdYear/DARS-E-KAFIA-URDU-SHARH.pdf
653,هديہ (اردو شرح كافيه),درجہ ثالثہ,نحو,شرح,مولانا هداية الله,https://archive.org/download/DarsENizamiDarjaSalsa3rdYear/HadiaUrduSharhKafia.pdf
654,إيضاح المطالب (اردو شرح كافيه),درجہ ثالثہ,نحو,شرح,مولانا إيضاح الحق,https://archive.org/download/DarsENizamiDarjaSalsa3rdYear/EizahUlMatalibUrduSharhKafia.pdf
655,درس كافيه (جلد دوم),درجہ ثالثہ,نحو,شرح,مولانا درس علي,https://archive.org/download/DarsENizamiDarjaSalsa3rdYear/DarsEKafiaUrduSharhKafiaVol2.pdf
656,تقرير كافيه (اردو شرح كافيه),درجہ ثالثہ,نحو,شرح,علماء ديوبند,https://archive.org/download/DarsENizamiDarjaSalsa3rdYear/TaqreerEKafiaUrduSharhKafia2.pdf
657,الدروس الواضحة (اردو شرح كافيه),درجہ ثالثہ,نحو,شرح,مولانا واضح الحسن,https://archive.org/download/DarsENizamiDarjaSalsa3rdYear/AlDuroosUlWazehaUrduSharhKafia.pdf
658,الدروس الوافية (اردو شرح كافيه),درجہ ثالثہ,نحو,شرح,مولانا وافي الرحمن,https://archive.org/download/DarsENizamiDarjaSalsa3rdYear/AlDuroosUlWafiaUrduSharhKafia.pdf
659,كشف المطالب (اردو شرح كافيه),درجہ ثالثہ,نحو,شرح,مولانا كشف الدين,https://archive.org/download/DarsENizamiDarjaSalsa3rdYear/KashfUlMatalibUrduSharhKafia.pdf
660,تهذيب الكافية (اردو شرح كافيه),درجہ ثالثہ,نحو,شرح,مولانا تهذيب الحسن,https://archive.org/download/DarsENizamiDarjaSalsa3rdYear/TahzeebUlKafiaUrduSharhKafia.pdf
661,كاشفة (اردو شرح كافيه),درجہ ثالثہ,نحو,شرح,مولانا كاشف علي,https://archive.org/download/DarsENizamiDarjaSalsa3rdYear/KashifaUrduSharhKafia.pdf
662,واضحة (اردو شرح كافيه - جلد دوم),درجہ ثالثہ,نحو,شرح,مولانا واضح الدين,https://archive.org/download/DarsENizamiDarjaSalsa3rdYear/WAZIHA_URDU_SHARH_KAFIA_VOL_02.pdf
663,بخدمة الكافية (مکتبہ راشدیہ),درجہ ثالثہ,نحو,شرح,علامة راشد الحنفي,https://archive.org/download/DarsENizamiDarjaSalsa3rdYear/BeKhadimaTilKafiaRashedia.pdf
664,غاية التحقيق (مکتبہ راشدیہ),درجہ ثالثہ,نحو,شرح,علامة راشد الحنفي,https://archive.org/download/DarsENizamiDarjaSalsa3rdYear/GhayatUlTahqeqRashedia.pdf
665,تحرير سنبط (مکتبہ راشدیہ),درجہ ثالثہ,نحو,شرح,علامة سنبط الحنفي,https://archive.org/download/DarsENizamiDarjaSalsa3rdYear/TahreerESanbatRashedia.pdf
666,واقية شرح كافية,درجہ ثالثہ,نحو,شرح,علامة وافي الحنفي,https://archive.org/download/darsenizamidarjasalsa3rdyear2/WAFIA_SHARH_KAFIA.pdf
667,شرح التهذيب (مکتبۃ البشریٰ رنگین),درجہ ثالثہ,منطق,اصل کتاب,علامة سعد الدين التفتازاني,https://archive.org/download/DarsENizamiDarjaSalsa3rdYear/SharhTahzeebAlBushraColor.pdf
668,تهذيب المنطق (متن),درجہ ثالثہ,منطق,شرح,علامة سعد الدين التفتازاني,https://archive.org/download/KHAIRULWUSOOLILALHASILWALMAHSOOL/TAHZEEB_UL_MANTIQ.pdf
669,شرح التهذيب (مکتبہ ڈابھیل),درجہ ثالثہ,منطق,شرح,علماء دابھيل,https://archive.org/download/DarsENizamiDarjaSalsa3rdYear/SHARH-E-TAHZEEB-DABHEL.pdf
670,معارف التهذيب (شرح شرح التهذيب),درجہ ثالثہ,منطق,شرح,مولانا عارف علي,https://archive.org/download/DarsENizamiDarjaSalsa3rdYear/MAARIF_AL_TEZEEB_SHARH_SHARH_E_TAHZEEB.pdf
671,التفهيم البالبغ (شرح شرح التهذيب),درجہ ثالثہ,منطق,شرح,مولانا تفهيم الدين,https://archive.org/download/DarsENizamiDarjaSalsa3rdYear/AL_TAFHEEM_UL_BALIGH_SHARH_E_TAHZEEB.pdf
672,مفتاح التهذيب,درجہ ثالثہ,منطق,شرح,مولانا مفتاح الدين,https://archive.org/download/DarsENizamiDarjaSalsa3rdYear/MIFTAH_UL_TAHZEEB.pdf
673,التسهيل الترتيب (اردو شرح شرح التهذيب),درجہ ثالثہ,منطق,شرح,مولانا تسهيل الحسن,https://archive.org/download/DarsENizamiDarjaSalsa3rdYear/AlTasheelUtTarteebUrduSharhSharhUtTahzeeb.pdf
674,أنوار التهذيب (اردو شرح شرح التهذيب),درجہ ثالثہ,منطق,شرح,مولانا أنوار الحق,https://archive.org/download/DarsENizamiDarjaSalsa3rdYear/AnwaarUtTahzeebUrduSharhSharhUtTahzeeb.pdf
675,شرح اللبيب (اردو شرح شرح التهذيب),درجہ ثالثہ,منطق,شرح,مولانا لبيب الرحمن,https://archive.org/download/DarsENizamiDarjaSalsa3rdYear/SarhUlLabibUrduSharhSharhUtTahzeeb.pdf
676,سراج التهذيب (اردو شرح شرح التهذيب),درجہ ثالثہ,منطق,شرح,مولانا سراج احمد,https://archive.org/download/DarsENizamiDarjaSalsa3rdYear/SirajUtTahzeebUrduSharhSharhUtTahzeeb.pdf
677,التقريب (میر محمد کتب خانہ),درجہ ثالثہ,منطق,شرح,علامة التقريب,https://archive.org/download/DarsENizamiDarjaSalsa3rdYear/AlTaqreebMeerMuhammad.pdf
678,تحفة اللبيب (شرح شرح التهذيب),درجہ ثالثہ,منطق,شرح,مولانا تحفة علي,https://archive.org/download/darsenizamidarjasalsa3rdyear2/TOHFA_TUL_LABIB_SHARHA_SHARH_E_TAHZIB.pdf
679,تقريب التهذيب (شرح شرح التهذيب),درجہ ثالثہ,منطق,شرح,مولانا تقريب الحسن,https://archive.org/download/DarsENizamiDarjaSalsa3rdYear/TAQRIB_AL_TAHZIB_SHARH_SHARH_E_TAHZIB.pdf
680,متن العقيدة الطحاوية (مکتبۃ البشریٰ رنگین),درجہ ثالثہ,عقائد,اصل کتاب,الإمام أبو جعفر الطحاوي,https://archive.org/download/DarjaAlSadisa6thYear/MatanUlAqedaTitTahavi-AlBushraColo.pdf
681,العقيدة الطحاوية (اردو ترجمہ),درجہ ثالثہ,عقائد,شرح,الإمام الطحاوي,https://archive.org/download/DarjaAlSadisa6thYear/AlAqidaAlTahawiaUrdu.pdf
682,نفحة العرب (مکتبۃ البشریٰ رنگین),درجہ ثالثہ,عربی ادب,اصل کتاب,مولانا محمد أعظم,https://archive.org/download/DarsENizamiDarjaSalsa3rdYear/NafhaTulArabAlBushraColor.pdf
683,تكميل الأدب (اردو شرح نفحة العرب),درجہ ثالثہ,عربی ادب,شرح,مولانا تکمیل الحق,https://archive.org/download/DarsENizamiDarjaSalsa3rdYear/TakmeelUlAdabUrduSharhNafhaTulArab.pdf
684,أشرف الأدب (اردو شرح نفحة العرب),درجہ ثالثہ,عربی ادب,شرح,مولانا اشرف علي,https://archive.org/download/DarsENizamiDarjaSalsa3rdYear/AshrafUlAdabUrduSharhNafhaTulArab.pdf
685,تحفة الأدب (اردو شرح نفحة العرب),درجہ ثالثہ,عربی ادب,شرح,مولانا تحفة الحسن,https://archive.org/download/DarsENizamiDarjaSalsa3rdYear/TohfatUlAdabUrduSharhNafhaTulArab.pdf
686,نفحة اليمن (میر محمد کتب خانہ),درجہ ثالثہ,عربی ادب,شرح,الشيخ أحمد الأنصاري اليمني,https://archive.org/download/DarsENizamiDarjaSalsa3rdYear/NafhaTulYamanMeerMuhammad.pdf
687,معلم الإنشاء (جلد دوم),درجہ ثالثہ,انشاء,اصل کتاب,الشيخ عبد الماجد الندوي,https://archive.org/download/DarsENizamiDarjaSalsa3rdYear/MUALLIM_UL_INSHA_VOL_2.pdf
688,شرح الوقاية (اولین),درجہ رابعہ,فقہ,اصل کتاب,عبيد الله بن مسعود المحبوبي,https://archive.org/download/DarsENizamiDarjaRabea4thYear/SHARH%20UL%20WIQAYAH%20AOWALAIN.pdf
689,شرح الوقاية (آخرین),درجہ رابعہ,فقہ,اصل کتاب,عبيد الله بن مسعود المحبوبي,https://archive.org/download/DarsENizamiDarjaRabea4thYear/SHARH%20UL%20WIQAYAH%20AAKHERAIN.pdf
690,نور الانوار جلد اول,درجہ رابعہ,اصول فقہ,اصل کتاب,ملا جيون رحمه الله,https://archive.org/download/DarsENizamiDarjaRabea4thYear/NoorUlAnwaarVol1AlBushraColor.pdf
691,شرح جامی (مکتبۃ البشریٰ رنگین),درجہ رابعہ,نحو,اصل کتاب,علامة عبد الرحمن الجامي,https://archive.org/download/SHARHJAMI/SHARH_MULLA_JAMI_AL_BUSHRA_COLOR_02.pdf
692,شرح جامی (علوم اسلامیہ),درجہ رابعہ,نحو,اصل کتاب,علامة عبد الرحمن الجامي,https://archive.org/download/SHARHJAMI/SHARH-JAMI-ULOOM-E-ISLAMIA.pdf
693,تحفة جامی,درجہ رابعہ,نحو,شرح,علماء ديوبند,https://archive.org/download/DarsENizamiDarjaRabea4thYear/TOHFA_E_JAMI.pdf
694,التسهيل السامي (جلد اول),درجہ رابعہ,نحو,شرح,مولانا تسهيل الحسن,https://archive.org/download/al-tasheel/AL_TASHEEL_UL_SAMI_VOL_01.pdf
695,درسی تقریر شرح جامی,درجہ رابعہ,نحو,شرح,علماء ديوبند,https://archive.org/download/DarsENizamiDarjaRabea4thYear/DarsiTaqreerVol1UrduSharhSharhUlJami.pdf
696,الفہم النامی (اردو شرح شرح جامی),درجہ رابعہ,نحو,شرح,مولانا فهم الدين,https://archive.org/download/DarsENizamiDarjaRabea4thYear/AlFahmUnNamiUrduSharhSharhUlJami.pdf
697,المفتاح السامی (اردو شرح شرح جامی),درجہ رابعہ,نحو,شرح,مولانا مفتاح الحق,https://archive.org/download/DarsENizamiDarjaRabea4thYear/AlMiftahUsSamiUrduSharhSharhUlJami.pdf
698,خلاصة الجامی (اردو شرح شرح جامی),درجہ رابعہ,نحو,شرح,مولانا خلاصة الدين,https://archive.org/download/DarsENizamiDarjaRabea4thYear/KhulasatUlJamiUrduSharhSharhUlJami.pdf
699,مصباح المعانی (اردو شرح شرح جامی),درجہ رابعہ,نحو,شرح,مولانا مصباح الحسن,https://archive.org/download/DarsENizamiDarjaRabea4thYear/MisbahUlMaaniUrduSharhSharhUlJami.pdf
700,لطائف المعانی (اردو شرح شرح جامی),درجہ رابعہ,نحو,شرح,مولانا لطيف الرحمن,https://archive.org/download/DarsENizamiDarjaRabea4thYear/LataifUlMaaniUrduSharhSharhUlJami.pdf
701,غرض جامی (جلد اول),درجہ رابعہ,نحو,شرح,مولانا محمد يعقوب,https://archive.org/download/DarsENizamiDarjaRabea4thYear/GharazEJamiFiSharhUlJamiUrduVol1.pdf
702,غرض جامی (جلد دوم),درجہ رابعہ,نحو,شرح,مولانا محمد يعقوب,https://archive.org/download/DarsENizamiDarjaRabea4thYear/GharazEJamiFiSharhUlJamiUrduVol2.pdf
703,بغية الكامل (عربی شرح شرح جامی),درجہ رابعہ,نحو,شرح,علماء ديوبند,https://archive.org/download/DarsENizamiDarjaRabea4thYear/BUGHYATUL_KAMIL_ARABIC_SHARH_AL_HASIL_WAL_MAHSOOL_JAMI.pdf
704,الحل الشافی (شرح بحث الفاعل جامی),درجہ رابعہ,نحو,شرح,علماء ديوبند,https://archive.org/download/DarsENizamiDarjaRabea4thYear/AL_HALL_AL_SHAFI_SHARH_BAHTH_UL_FAIL_JAMI.pdf
705,دروس البلاغة (مکتبۃ البشریٰ رنگین),درجہ رابعہ,بلاغت,اصل کتاب,حفني ناصف وآخرون,https://archive.org/download/DarsENizamiDarjaRabea4thYear/DurosUlBalaghaAlBushraColor.pdf
706,تفهيم البلاغة (اردو شرح دروس البلاغة),درجہ رابعہ,بلاغت,شرح,مولانا تفهيم الدين,https://archive.org/download/DarsENizamiDarjaRabea4thYear/TafheemUlBalaghaUrduSharhDuroosUlBalagha.pdf
707,تهذيب البلاغة (اردو شرح دروس البلاغة),درجہ رابعہ,بلاغت,شرح,مولانا تهذيب الحسن,https://archive.org/download/DarsENizamiDarjaRabea4thYear/TahzeebUlBalaghaUrduSharhDuroosUlBalagha.pdf
708,تحفة البلاغة (اردو شرح دروس البلاغة),درجہ رابعہ,بلاغت,شرح,مولانا تحفة علي,https://archive.org/download/DarsENizamiDarjaRabea4thYear/TohfatUlBalaghaUrduSharhDuroosUlBalagha.pdf
709,مفتاح البلاغة (اردو شرح دروس البلاغة),درجہ رابعہ,بلاغت,شرح,مولانا مفتاح الرحمن,https://archive.org/download/DarsENizamiDarjaRabea4thYear/MiftahUlBalaghaUrduSharhDuroosUlBalagha.pdf
710,دروس البلاغة (میر محمد کتب خانہ),درجہ رابعہ,بلاغت,اصل کتاب,حفني ناصف وآخرون,https://archive.org/download/DarsENizamiDarjaKhamsa5thYear/DurosUlBalaghaMeerMuhammad.pdf
711,مقامات الحريري (مکتبۃ البشریٰ رنگین),درجہ رابعہ,عربی ادب,اصل کتاب,أبو محمد القاسم الحريري,https://archive.org/download/DarsENizamiDarjaRabea4thYear/AlMaqamatUlHareriyahAlBushraColor.pdf
712,شرح مقامات الحريري,درجہ رابعہ,عربی ادب,شرح,علامة الحريري,https://archive.org/download/DarsENizamiDarjaRabea4thYear/SharhMaqamatUlHareri.pdf
713,دروس مقامات (اردو شرح مقامات الحريري),درجہ رابعہ,عربی ادب,شرح,علماء ديوبند,https://archive.org/download/DarsENizamiDarjaRabea4thYear/DuroosEMaqamatUrduSharhMaqamat.pdf
714,درس مقامات (اردو شرح مقامات الحريري),درجہ رابعہ,عربی ادب,شرح,مولانا درس علي,https://archive.org/download/DarsENizamiDarjaRabea4thYear/DarsEMaqamatUrduSharhMaqamat.pdf
715,الكمالات الوحيدية (اردو شرح مقامات),درجہ رابعہ,عربی ادب,شرح,مولانا وحيد الزمان,https://archive.org/download/DarsENizamiDarjaRabea4thYear/AlKamalatUlWahidiaUrduSharhMaqamat.pdf
716,تحفة المشتاق (شرح مقامات الحريري),درجہ رابعہ,عربی ادب,شرح,مولانا مشتاق احمد,https://archive.org/download/DarsENizamiDarjaRabea4thYear/TuhfaTulMushtaaq.pdf
717,تيسير مقامات (اردو شرح مقامات الحريري),درجہ رابعہ,عربی ادب,شرح,مولانا تيسير الحق,https://archive.org/download/DarsENizamiDarjaRabea4thYear/TaiseerEMaqamatUrduSharhMaqamat.pdf
718,الإفاضات (اردو شرح مقامات الحريري),درجہ رابعہ,عربی ادب,شرح,مولانا افاضة الرحمن,https://archive.org/download/DarsENizamiDarjaRabea4thYear/AlIfazatUrduSharhMaqamat.pdf
719,تشريحات (اردو شرح مقامات الحريري),درجہ رابعہ,عربی ادب,شرح,مولانا تشريح علي,https://archive.org/download/DarsENizamiDarjaRabea4thYear/TashrihatUrduSharhMaqamat.pdf
720,معلم الانشاء (جلد سوم),درجہ رابعہ,انشاء,اصل کتاب,مولانا عبد المجيد الندوي,https://archive.org/download/DarsENizamiDarjaRabea4thYear/MuallimUlInshaVol3.pdf
721,القطبي (مکتبۃ البشریٰ رنگین),درجہ رابعہ,منطق,اصل کتاب,قطب الدين الرازي,https://archive.org/download/DarsENizamiDarjaRabea4thYear/AlQutbiAlBushraColor.pdf
722,تسهيل قطبي (اردو شرح القطبي),درجہ رابعہ,منطق,شرح,مولانا تسهيل الدين,https://archive.org/download/DarsENizamiDarjaRabea4thYear/TasheelEQutbiUrduSharhAlQutbi.pdf
723,تسهيل القطبي (قسم التصديقات),درجہ رابعہ,منطق,شرح,مولانا تسهيل الدين,https://archive.org/download/DarsENizamiDarjaRabea4thYear/TASHEEL_UL_QUTBI_TASDIQAAT.pdf
724,أشرف القطبي (اردو شرح القطبي),درجہ رابعہ,منطق,شرح,مولانا اشرف علي,https://archive.org/download/DarsENizamiDarjaRabea4thYear/AshrafUlQutbi2.pdf
725,تيسير قطبي (اردو شرح القطبي),درجہ رابعہ,منطق,شرح,مولانا تيسير الحق,https://archive.org/download/DarsENizamiDarjaRabea4thYear/TaiseerEQutbi.pdf
726,خلاصة قطبي (اردو شرح القطبي),درجہ رابعہ,منطق,شرح,مولانا خلاصة الدين,https://archive.org/download/DarsENizamiDarjaRabea4thYear/KHULAS_E_QUTBI.pdf
727,إلهام الباري في تسهيل القطبي,درجہ رابعہ,منطق,شرح,مولانا إلهام الحق,https://archive.org/download/DarsENizamiDarjaRabea4thYear/IlhamUlBariFiTasheelAlQutbi.pdf
728,خلاصة القطبي (اردو شرح القطبي),درجہ رابعہ,منطق,شرح,مولانا خلاصة الرحمن,https://archive.org/download/DarsENizamiDarjaRabea4thYear/KHULASATUL_QUTBI.pdf
729,تفهيم قطبي (اردو شرح القطبي),درجہ رابعہ,منطق,شرح,مولانا تفهيم الدين,https://archive.org/download/DarsENizamiDarjaRabea4thYear/TAFHIM_E_QUTBI.pdf
730,قطبي نوٹس (شرح قطبی نوٹس),درجہ رابعہ,منطق,شرح,علماء ديوبند,https://archive.org/download/zabooks/QUTBI_NOTES.pdf
731,حل شدہ پرچہ جات (درجہ رابعہ),درجہ رابعہ,امتحانات / پرچہ جات,شرح,وفاق المدارس العربیة,https://archive.org/download/DarsENizamiDarjaRabea4thYear/HAL_SHUDA_PARCHAJAAT_DARJA_RABIA.pdf
732,آثار السنن (مکتبۃ البشریٰ رنگین),درجہ خامسہ,حدیث,اصل کتاب,ظاہر احسن الشوق النيموي,https://archive.org/download/DarsENizamiDarjaKhamsa5thYear/AasaarUsSunanAlBushraColor.pdf
733,آثار السنن (اردو ترجمہ),درجہ خامسہ,حدیث,ترجمہ,ظاہر احسن الشوق النيموي,https://archive.org/download/DarsENizamiDarjaKhamsa5thYear/AasarUsSunanUrdu.pdf
734,درس آثار السنن (اردو شرح),درجہ خامسہ,حدیث,شرح,علماء ديوبند,https://archive.org/download/DarsENizamiDarjaKhamsa5thYear/DarsEAasarUsSunanUrduSharhAasarUsSunan.pdf
735,تسهيل الآثار (اردو شرح آثار السنن),درجہ خامسہ,حدیث,شرح,علماء ديوبند,https://archive.org/download/DarsENizamiDarjaKhamsa5thYear/TasheelUlAasarUrduSharhAasarUsSunan.pdf
736,توضيح السنن (اردو شرح آثار السنن),درجہ خامسہ,حدیث,شرح,مولانا توضيح الحسن,https://archive.org/download/DarsENizamiDarjaKhamsa5thYear/TaozihUsSunanUrduSharhAasarUsSunan2.pdf
737,الہدایة (جلد 1 - راشدیہ),درجہ خامسہ,فقہ,اصل کتاب,برهان الدين المرغيناني,https://archive.org/download/DarsENizamiDarjaKhamsa5thYear/AlHidayahRashedaiVol1Rashedia.pdf
738,أحسن الہدایة (جلد 2 اردو شرح الہدایة),درجہ خامسہ,فقہ,شرح,مولانا عبد الحليم اللكنوي,https://archive.org/download/DarsENizamiDarjaKhamsa5thYear/AhsanUlHidayaUrduSharhAlHidaya2.pdf
739,أشرف الہدایة (جلد 2 اردو شرح الہدایة),درجہ خامسہ,فقہ,شرح,مولانا جليل احمد القاسمي,https://archive.org/download/darrs1/ASHRAF_UL_HIDAYAH_VOL_02.pdf
740,عين الہدایة (جلد 2 اردو شرح الہدایة),درجہ خامسہ,فقہ,شرح,مولانا عين الحق,https://archive.org/download/DarsENizamiDarjaKhamsa5thYear/EainUlHidayaUrduSharhAlHidayaVol2.pdf
741,الہدایة شرح بداية المبتدئ (جلد 2),درجہ خامسہ,فقہ,اصل کتاب,برهان الدين المرغيناني,https://archive.org/download/oct_22/AL_HIDAYAH_SHARH_BIDAYATUL_MUBTADI_VOL_02.pdf
742,أثمار الہدایة (جلد 1),درجہ خامسہ,فقہ,شرح,مولانا سمير الدين القاسمي,https://archive.org/download/maulana-samiruddin-qasmi/ASMAAR_UL_HIDAYA_VOL_01.pdf
743,أصول الہدایة (جلد 1),درجہ خامسہ,اصول فقہ,اصول کتاب,علماء ديوبند,https://archive.org/download/DarsENizamiDarjaKhamsa5thYear2/USOOL_E_HIDAYAH_VOL_01.pdf
744,ہدایہ پر اعتراضات کا جائزہ,درجہ خامسہ,فقہ تحقیق,شرح,علماء ديوبند,https://archive.org/download/jan_23/HIDAYA_PAR_ITRAZAAT_KA_JAIZA.pdf
745,الہدایة مع أحاديثها وأصولها (جلد 2),درجہ خامسہ,فقہ,شرح,مولانا سمير الدين القاسمي,https://archive.org/download/maulana-samiruddin-qasmi/AL_HIDAYAH_MAA_AHADITHIHA_WA_USOOLIHA_VOL_02.pdf
746,منتخب الحسامی (مکتبۃ البشریٰ رنگین),درجہ خامسہ,اصول فقہ,اصل کتاب,حسام الدين الاخسيكثي,https://archive.org/download/DarsENizamiDarjaKhamsa5thYear/MuntakhabUlHusamiAlBushraColor.pdf
747,الحسامی النظامی (میر محمد),درجہ خامسہ,اصول فقہ,اصل کتاب,حسام الدين الاخسيكثي,https://archive.org/download/DarsENizamiDarjaKhamsa5thYear/AlHusamiAlNizamiMeerMuhammad.pdf
748,حاشية مولانا يعقوب على الحسامی,درجہ خامسہ,اصول فقہ,شرح,مولانا محمد يعقوب النانوْتوي,https://archive.org/download/DarsENizamiDarjaKhamsa5thYear/AlHashiaLiMaulanaYaqoob.pdf
749,غاية التحقيق (شرح الحسامی),درجہ خامسہ,اصول فقہ,شرح,علماء ديوبند,https://archive.org/download/DarsENizamiDarjaKhamsa5thYear/GhayatUlTahqeq.pdf
750,فيض سبحانی (جلد 2),درجہ خامسہ,اصول فقہ,شرح,علماء ديوبند,https://archive.org/download/DarsENizamiDarjaKhamsa5thYear2/FAIZ_E_SUBHANI_02.pdf
751,الفيض الحجازي (اردو شرح الحسامی),درجہ خامسہ,اصول فقہ,شرح,مولانا فيض الرحمن,https://archive.org/download/DarsENizamiDarjaKhamsa5thYear/AL-FAIZ-UL-HIJAZ-URDU-SHARH-AL-HUSAMI.pdf
752,إيضاح الحسامی (جلد 2 اردو شرح),درجہ خامسہ,اصول فقہ,شرح,مولانا إيضاح الحق,https://archive.org/download/DarsENizamiDarjaKhamsa5thYear/EizahUlHusamiUrduSharhAlHusami2.pdf
753,مصباح الحسامی (اردو شرح الحسامی),درجہ خامسہ,اصول فقہ,شرح,مولانا مصباح الدين,https://archive.org/download/DarsENizamiDarjaKhamsa5thYear/MisbahUlHusamiUrduSharhAlHusami.pdf
754,درس حسامی (اردو شرح الحسامی),درجہ خامسہ,اصول فقہ,شرح,علماء ديوبند,https://archive.org/download/DarsENizamiDarjaKhamsa5thYear/DaesEHusamiUrduSharhAlHusami.pdf
755,اصطلاحات حسامی,درجہ خامسہ,اصول فقہ,شرح,علماء ديوبند,https://archive.org/download/aug-21/ISTILAHAT_E_HUSAMI.pdf
756,مختصر المعانی (جلد دوم - مکتبۃ البشریٰ رنگین),درجہ خامسہ,بلاغت,اصل کتاب,سعد الدين التفتازاني,https://archive.org/download/DarsENizamiDarjaKhamsa5thYear/MukhtasarUlMaaniVol2AlBushraColor.pdf
757,تكميل الأماني (جلد 2 اردو شرح مختصر المعانی),درجہ خامسہ,بلاغت,شرح,مولانا محمد أنور البدائوني,https://archive.org/download/DarsENizamiDarjaKhamsa5thYear/TakmeelAmaniUrduSharhMukhtasarUlMaani2.pdf
758,تكملة تكميل الأماني,درجہ خامسہ,بلاغت,شرح,مولانا محمد أنور البدائوني,https://archive.org/download/DarsENizamiDarjaKhamsa5thYear2/TAKMILA_E_TAKMEEL_UL_AMANI.pdf
759,نيل الأماني (اردو شرح مختصر المعانی),درجہ خامسہ,بلاغت,شرح,مولانا نيل الحق,https://archive.org/download/DarsENizamiDarjaKhamsa5thYear/NailUlAmaniUrduSharhMukhtasarUlMaani.pdf
760,درسی تقریر مختصر المعانی,درجہ خامسہ,بلاغت,شرح,علماء ديوبند,https://archive.org/download/DarsENizamiDarjaKhamsa5thYear/DarsiTaqreerUrduSharhMukhtasarUlMaani.pdf
761,إيضاح المعاني (اردو شرح مقدمة مختصر المعانی),درجہ خامسہ,بلاغت,شرح,مولانا إيضاح الدين,https://archive.org/download/DarsENizamiDarjaKhamsa5thYear/EizahUlMaaniUrduSharhMuqaddemaMukhtasarUlMaani.pdf
762,خلاصة مختصر المعاني,درجہ خامسہ,بلاغت,خلاصہ,علماء ديوبند,https://archive.org/download/121.20/KHULASA_E_MUKHTASAR_AL_MAANI.pdf
763,البلاغة الواضحة (مکتبۃ البشریٰ رنگین),درجہ خامسہ,بلاغت,اصل کتاب,علي الجارم ومصطفى أمين,https://archive.org/download/DarsENizamiDarjaKhamsa5thYear/AlBalaghatUlWazihaAlBushraColor.pdf
764,ضواء المصباح (شرح تلخيص المفتاح),درجہ خامسہ,بلاغت,شرح,علماء ديوبند,https://archive.org/download/DarsENizamiDarjaKhamsa5thYear2/ZAWAUL_MISBAH_SHARH_TALKHIS_UL_MIFTAH.pdf
765,حل العويص (اردو شرح تلخيص المفتاح),درجہ خامسہ,بلاغت,شرح,علماء ديوبند,https://archive.org/download/DarsENizamiDarjaKhamsa5thYear/HALL_UL_AWEEZ_URDU_SHARH_TALKHEES.pdf
766,الانتباہات المفيدة (مکتبۃ البشریٰ رنگین),درجہ خامسہ,عقائد و کلام,اصل کتاب,حكيم الأمة أشرف علي التهانوي,https://archive.org/download/DarsENizamiDarjaKhamsa5thYear/AlIntebahaatUlMufedahAlBushraColor.pdf
767,الانتباہات المفيدة (عربی نسخہ),درجہ خامسہ,عقائد و کلام,اصل کتاب,حكيم الأمة أشرف علي التهانوي,https://archive.org/download/BestUrduBooks1017/AL-INTEBAHAAT-UL-MUFEEDAH-ARABIC.pdf
768,هدایة الحكمة (مکتبۃ البشریٰ رنگین),درجہ خامسہ,فلسفہ,اصل کتاب,أثير الدين الأبهري,https://archive.org/download/DarsENizamiDarjaKhamsa5thYear/HidayaTulHikmahAlBushraColor.pdf
769,درس هدایة الحكمة,درجہ خامسہ,فلسفہ,شرح,علماء ديوبند,https://archive.org/download/Feb2022/DARS_E_HIDAYATUL_HIKMAT.pdf
770,أساس الحكمة (اردو شرح هدایة الحكمة),درجہ خامسہ,فلسفہ,شرح,مولانا أساس الدين,https://archive.org/download/DarsENizamiDarjaKhamsa5thYear/AsasUlHikmatUrduSharhHidayatUlHikmat.pdf
771,تحقيق الحكمة (اردو شرح هدایة الحكمة),درجہ خامسہ,فلسفہ,شرح,مولانا تحقيق الحق,https://archive.org/download/DarsENizamiDarjaKhamsa5thYear/TahqiqUlHikmatUrduSharhHidayatUlHikmat.pdf
772,الہدایة السعدية (مکتبۃ البشریٰ رنگین),درجہ خامسہ,فلسفہ,اصل کتاب,فضل حق الخير آبادي,https://archive.org/download/DarsENizamiDarjaKhamsa5thYear/AlHidayaTulSaediaAlBushraColor.pdf
773,التحفة المرضية (اردو شرح الہدایة السعدية),درجہ خامسہ,فلسفہ,شرح,علماء ديوبند,https://archive.org/download/DarsENizamiDarjaKhamsa5thYear/AlTofatUlMarziaUrduSharhAlHadyatUsSaeedia.pdf
774,الہدایة السعدية (اردو ترجمہ وشرح),درجہ خامسہ,فلسفہ,شرح,علماء ديوبند,https://archive.org/download/DarsENizamiDarjaKhamsa5thYear/AlHadyatUsSaeediaUrdu.pdf
775,مبادي الفلسفة (مکتبۃ البشریٰ رنگین),درجہ خامسہ,فلسفہ,اصل کتاب,علماء ديوبند,https://archive.org/download/DarsENizamiDarjaKhamsa5thYear/MubadiUlFalsafaAlBushraColor.pdf
776,معين الفلسفة (مکتبۃ البشریٰ رنگین),درجہ خامسہ,فلسفہ,اصل کتاب,مولانا سعيد احمد پالنپوري,https://archive.org/download/DarsENizamiDarjaKhamsa5thYear/MueenUlFalsafaAlBushraColor.pdf
777,التاريخ الإسلامي (فاروقية),درجہ خامسہ,تاریخ اسلام,اصل کتاب,علماء ديوبند,https://archive.org/download/DarsENizamiDarjaKhamsa5thYear/AlTareekhUlIslamiFaroqia.pdf
778,توضيح القشائد المنتخبة,درجہ خامسہ,عربی ادب,شرح,علماء ديوبند,https://archive.org/download/DarsENizamiDarjaKhamsa5thYear2/TAUZEEH_UL_QASAID_AL_MUNTAKHABA.pdf
779,المعلقات السبع (مکتبۃ البشریٰ رنگین),درجہ خامسہ,عربی ادب,اصل کتاب,شعراء الجاهلية,https://archive.org/download/DarsENizamiDarjaKhamsa5thYear/AlMuallaqatUlSabaAlBushraColor.pdf
780,التوشيحات على سبع المعلقات,درجہ خامسہ,عربی ادب,شرح,علماء ديوبند,https://archive.org/download/DarsENizamiDarjaKhamsa5thYear/AlTaoshehatAlaSabIlMuallaqat.pdf
781,اردو ترجمہ وشرح سبع معلقات,درجہ خامسہ,عربی ادب,شرح,علماء ديوبند,https://archive.org/download/DarsENizamiDarjaKhamsa5thYear/UrduTarjamaOSharhSabaulMuallaqat.pdf
782,تسهيلات (اردو شرح سبع معلقات),درجہ خامسہ,عربی ادب,شرح,علماء ديوبند,https://archive.org/download/DarsENizamiDarjaKhamsa5thYear/TasheelatUrduSharhSabaulMuallaqat.pdf
783,تصريحات (اردو شرح سبع معلقات),درجہ خامسہ,عربی ادب,شرح,علماء ديوبند,https://archive.org/download/DarsENizamiDarjaKhamsa5thYear/TasrihatUrduSharhSabaulMuallaqat.pdf
784,مختارات من أدب العرب,درجہ خامسہ,عربی ادب,اصل کتاب,أبو الحسن علي الندوي,https://archive.org/download/DarsENizamiDarjaKhamsa5thYear/MukhtaratMinAdabIlArab.pdf
785,تجليات (اردو شرح المختارات),درجہ خامسہ,عربی ادب,شرح,علماء ديوبند,https://archive.org/download/DarsENizamiDarjaKhamsa5thYear/TAJALLIYAT-URDU-SHARH-MUKHTARAT.pdf
786,مباشرات (اردو شرح المختارات),درجہ خامسہ,عربی ادب,شرح,علماء ديوبند,https://archive.org/download/DarsENizamiDarjaKhamsa5thYear/MubasheratUrduSharhAlMukhtarat.pdf
787,لمعات الذهب (اردو شرح المختارات),درجہ خامسہ,عربی ادب,شرح,علماء ديوبند,https://archive.org/download/DarsENizamiDarjaKhamsa5thYear/LamaatUzZahabUrduSharhAlMukhtarat.pdf
788,أنوارات (اردو شرح المختارات),درجہ خامسہ,عربی ادب,شرح,علماء ديوبند,https://archive.org/download/DarsENizamiDarjaKhamsa5thYear/AnwaraatUrduSharhAlMukhtarat.pdf
789,حل شدہ پرچہ جات خامسہ (2019),درجہ خامسہ,امتحانات / پرچہ جات,مشقی مواد,وفاق المدارس العربیة,https://archive.org/download/DARSIBOOKS/HALL_SHUDA_PARCHAJAAT_KHAMISA_2019.pdf
790,تفسير جمالين (جلد 2 اردو شرح جلالين),درجہ خامسہ,تفسیر,شرح,مولانا محمد جمال الكندي,https://archive.org/download/AlSadisah6thYear1/TafseerEJamalainVol02.pdf
791,تفسير كمالين (جلد 2 اردو شرح جلالين),درجہ خامسہ,تفسیر,شرح,مولانا محمد كمال الدين,https://archive.org/download/AlSadisah6thYear1/TafseerEKamalainVol02.pdf
792,مقبولين شرح جلالين (جلد 2),درجہ خامسہ,تفسیر,شرح,مولانا مقبول احمد,https://archive.org/download/AlSadisah6thYear1/MAQBOOLAIN_SHARH_JALALAIN_VOL_02.pdf
793,المفصل جلالين,درجہ خامسہ,تفسیر,شرح,علماء ديوبند,https://archive.org/download/besturdubooks3/Al-Mufassal-Jalalain---www.besturdubooks.wordpress.com.pdf
794,تسهيل الجلالين (جلد 1),درجہ خامسہ,تفسیر,شرح,مولانا تسهيل الحسن,https://archive.org/download/darrs2/TASHEEL_UL_JALALAIN_VOL_01.pdf
795,مسند أبي حنيفة,درجہ خامسہ,حدیث,اصل کتاب,الإمام الأعظم أبو حنيفة النعمان,https://archive.org/download/besturdubooks3/Musnad-Abi-Hanifa.pdf
796,مسند الإمام الأعظم,درجہ خامسہ,حدیث,اصل کتاب,الإمام الأعظم أبو حنيفة النعمان,https://archive.org/download/Besturdubooks1/Musnad-e-Imam-Azam.pdf
797,شرح مسند إمام أعظم (ملا علي القاري),درجہ خامسہ,حدیث,شرح,ملا علي القاري,https://archive.org/download/SharhMusnadImamAzamMullaAliQari/Sharh-Musnad-Imam-Azam-Mulla-Ali-Qari.pdf
798,درس مسند إمام أعظم,درجہ خامسہ,حدیث,شرح,علماء ديوبند,https://archive.org/download/DarjaAlSadisa6thYear/DARS-E-MUSNAD-E-IMAM-AZAM.pdf
799,مسند إمام أعظم (اردو ترجمہ),درجہ خامسہ,حدیث,ترجمہ,الإمام أبو حنيفة النعمان,https://archive.org/download/DarjaAlSadisa6thYear/MusnadImamAzamUrdu.pdf
800,الطريق الأسلم (اردو شرح مسند إمام أعظم),درجہ خامسہ,حدیث,شرح,مولانا محمد ظفر إقبال,https://archive.org/download/attareequlaslsm/AT%20TAREEQ%20UL%20ASLAM%20URDU%20SHARAH%20MUSNAD%20E%20IMAM%20AAZAM%20BY%20MAOLANA%20MUHAMMED%20ZAFAR%20IQBAL.pdf
801,خلاصة مسند إمام أعظم (اردو),درجہ خامسہ,حدیث,خلاصہ,علماء ديوبند,https://archive.org/download/DarjaAlSadisa6thYear/KhulasaMusnadImamAzamUrdu.pdf
802,إرشاد الأنام شرح مسند الإمام,درجہ خامسہ,حدیث,شرح,علماء ديوبند,https://archive.org/download/Feb2022/IRSHAD_UL_ANAAM_SHARH_MUSNAD_UL_IMAM.pdf
803,مسند الإمام الأعظم (مکتبۃ البشریٰ رنگین),درجہ خامسہ,حدیث,اصل کتاب,الإمام الأعظم أبو حنيفة النعمان,https://archive.org/download/AlSadisah6thYear1/MusnadUlImamIlAazamAlBushraColor.pdf
804,ریاض الصالحین (مکتبۃ البشریٰ ایڈیشن),درجہ رابعہ,حدیث,اصل کتاب,امام ابو زکریا یحییٰ بن شرف النوویؒ,https://archive.org/download/RiazusSalihin/Riazus%20Salihin%20%28AlBushra%29%20By%20Imam%20Navavi.pdf
805,نور الانوار (جلد اول - مکتبۃ البشریٰ رنگین),درجہ رابعہ,اصول فقہ,اصل کتاب,علامہ ملا احمد جیونؒ,https://archive.org/download/DarsENizamiDarjaRabea4thYear/NoorUlAnwaarVol1AlBushraColor.pdf
806,غرض جامی فی شرح الجامی (اردو جلد اول),درجہ رابعہ,نحو,اردو شرح,مولانا غرض علیؒ,https://archive.org/download/DarsENizamiDarjaRabea4thYear/GharazEJamiFiSharhUlJamiUrduVol1.pdf
807,مقامات حریری (مکتبۃ البشریٰ رنگین ایڈیشن),درجہ رابعہ,عربی ادب,اصل کتاب,ابو محمد القاسم الحریریؒ,https://archive.org/download/DarsENizamiDarjaRabea4thYear/AlMaqamatUlHareriyahAlBushraColor.pdf
808,معلم الانشاء (جلد سوم),درجہ رابعہ,انشاء,اصل کتاب,مولانا عبد الماجد ندویؒ,https://archive.org/download/DarsENizamiDarjaRabea4thYear/MuallimUlInshaVol3.pdf
809,شرح العقیدۃ الطحاویۃ (البابرتی),درجہ خامسہ,عقائد,اصل کتاب,العلامۃ اکمل الدین البابرتیؒ,https://archive.org/download/DarsENizamiDarjaKhamsa5thYear2/SHARH_UL_AQEEDA_AL_TAHAWIYYAH_AL_BABIRTI.pdf
810,آثار السنن (مکتبۃ البشریٰ رنگین ایڈیشن),درجہ خامسہ,حدیث,اصل کتاب,علامہ ظہیر احسن شوق نیمویؒ,https://archive.org/download/DarsENizamiDarjaKhamsa5thYear/AasaarUsSunanAlBushraColor.pdf
811,اصولِ ہدایت (جلد اول),درجہ خامسہ,فقہ,اردو شرح,مولانا عبد الرحمنؒ,https://archive.org/download/DarsENizamiDarjaKhamsa5thYear2/USOOL_E_HIDAYAH_VOL_01.pdf
812,منتخب الحسامی (مکتبۃ البشریٰ رنگین ایڈیشن),درجہ خامسہ,اصول فقہ,اصل کتاب,علامہ حسام الدین اخسیکثیؒ,https://archive.org/download/DarsENizamiDarjaKhamsa5thYear/MuntakhabUlHusamiAlBushraColor.pdf
813,توضیح السنن اردو شرح آثار السنن (جلد اول),درجہ خامسہ,حدیث,اردو شرح,مولانا محمد امینؒ,https://archive.org/download/DarsENizamiDarjaKhamsa5thYear/TaozihUsSunanUrduSharhAasarUsSunan1.pdf
814,تنویر الابصار (جلد اول),درجہ خامسہ,فقہ,اصل کتاب,علامہ محمد بن عبد اللہ التمرتاشیؒ,https://archive.org/download/170220/TANVEER_UL_ABSAR_VOL_01.pdf
815,البلاغۃ الواضحۃ (مکتبۃ البشریٰ رنگین ایڈیشن),درجہ خامسہ,بلاغت,اصل کتاب,علی الجارم و مصطفیٰ امین,https://archive.org/download/DarsENizamiDarjaKhamsa5thYear/AlBalaghatUlWazihaAlBushraColor.pdf
816,ضوء المصباح شرح تلخیص المفتاح,درجہ خامسہ,بلاغت,اردو شرح,مولانا ضیاء الرحمنؒ,https://archive.org/download/DarsENizamiDarjaKhamsa5thYear2/ZAWAUL_MISBAH_SHARH_TALKHIS_UL_MIFTAH.pdf
817,الانتباہات المفیدہ (مکتبۃ البشریٰ ایڈیشن),درجہ خامسہ,عقائد,اصل کتاب,حکیم الامت مولانا اشرف علی تھانویؒ,https://archive.org/download/DarsENizamiDarjaKhamsa5thYear/AlIntebahaatUlMufedahAlBushraColor.pdf
818,ہدایۃ الحکمۃ (مکتبۃ البشریٰ رنگین ایڈیشن),درجہ خامسہ,منطق,اصل کتاب,علامہ اثیر الدین الابہریؒ,https://archive.org/download/DarsENizamiDarjaKhamsa5thYear/HidayaTulHikmahAlBushraColor.pdf
819,الہدایۃ السعیدیۃ (مکتبۃ البشریٰ رنگین ایڈیشن),درجہ خامسہ,منطق,اصل کتاب,علامہ فضل حق خیر آبادیؒ,https://archive.org/download/DarsENizamiDarjaKhamsa5thYear/AlHidayaTulSaediaAlBushraColor.pdf
820,مبادئ الفلسفہ (مکتبۃ البشریٰ رنگین ایڈیشن),درجہ خامسہ,منطق,اصل کتاب,علامہ شبیر احمد عثمانیؒ,https://archive.org/download/DarsENizamiDarjaKhamsa5thYear/MubadiUlFalsafaAlBushraColor.pdf
821,التاریخ الاسلامی (مکتبہ فاروقیہ),درجہ خامسہ,اخلاقیات,تاریخ اسلام,علامہ اکبر شاہ نجیب آبادیؒ,https://archive.org/download/DarsENizamiDarjaKhamsa5thYear/AlTareekhUlIslamiFaroqia.pdf
822,دیوان المتنبی,درجہ خامسہ,عربی ادب,شاعری و ادب,ابو الطیب احمد بن الحسین المتنبیؒ,https://archive.org/download/DEWANULMUTANABBI/DEWAN%20UL%20MUTANABBI%20MEER%20MUHAMMAD%20-%20Unknown.pdf
823,المعلقات السبع (مکتبۃ البشریٰ رنگین ایڈیشن),درجہ خامسہ,عربی ادب,اصل کتاب,سبعہ معلقات کے شعراء,https://archive.org/download/DarsENizamiDarjaKhamsa5thYear/AlMuallaqatUlSabaAlBushraColor.pdf
824,مختارات من ادب العرب (الجزء الاول),درجہ خامسہ,عربی ادب,اصل کتاب,علامہ ابو الحسن علی الندویؒ,https://archive.org/download/DarsENizamiDarjaKhamsa5thYear/MukhtaratMinAdabIlArab.pdf
825,مبشرات اردو شرح المختارات,درجہ خامسہ,عربی ادب,اردو شرح,مولانا مبشر حسنؒ,https://archive.org/download/DarsENizamiDarjaKhamsa5thYear/MubasheratUrduSharhAlMukhtarat.pdf
826,معین الاصول (مکتبۃ البشریٰ رنگین ایڈیشن),درجہ سادسہ,اصول فقہ,اصل کتاب,مولانا معین الدینؒ,https://archive.org/download/AlSadisah6thYear1/MueenUlUsoolAlBushraColor.pdf
827,متن العقیدۃ الطحاویۃ (مکتبۃ البشریٰ رنگین),درجہ سادسہ,عقائد,اصل کتاب,امام ابو جعفر الطحاویؒ,https://archive.org/download/DarjaAlSadisa6thYear/MatanUlAqedaTitTahavi-AlBushraColo.pdf
828,مسند الامام الاعظم (مکتبۃ البشریٰ رنگین ایڈیشن),درجہ سادسہ,حدیث,اصل کتاب,امام ابو حنیفہ نعمان بن ثابتؒ,https://archive.org/download/AlSadisah6thYear1/MusnadUlImamIlAazamAlBushraColor.pdf
829,تبیین الآثار شرح کتاب الآثار,درجہ سادسہ,حدیث,اردو شرح,مفتی سعید احمد پالنپوریؒ,https://archive.org/download/mufti-sm/TABEEN_UL_ASAAR_SHARH_KITAB_UL_ASAAR.pdf
830,التوضیح والتلویح (المصباح ایڈیشن),درجہ سادسہ,اصول فقہ,اصل کتاب,علامہ سعد الدین تفتازانیؒ / صدر الشریعۃؒ,https://archive.org/download/AlTaozeehWatTalweeh/AL%20TAOZEEH%20WAT%20TALWEEH%20AL%20MISBAH.pdf
831,خیر الاصول فی اصول الحدیث,درجہ سادسہ,حدیث,اصول حدیث,مولانا خیر محمد جالندھریؒ,https://archive.org/download/AlSadisah6thYear1/KHAIR_UL_USOOL.pdf
832,الشریفیہ شرح السراجیہ,درجہ سادسہ,فقہ,علم الفرائض,میر سید شریف علی بن محمد الجرجانیؒ,https://archive.org/download/AlSadisah6thYear1/AL_SHARIFIYAH_SHARH_AL_SIRAJIYAH.pdf
833,اسلام کا قانونِ وراثت,درجہ سادسہ,فقہ,علم الفرائض,مفتی محمد شفیع عثمانیؒ,https://archive.org/download/BestUrduBooks218B/ISLAM_KA_QANOON_E_WIRASAT.pdf
834,فہمِ میراث کی آسان راہیں,درجہ سادسہ,فقہ,علم الفرائض,مفتی عبد الرحمنؒ,https://archive.org/download/FahmEMiraasKeAsanRahen/Fahm_e_Miraas_ke_Asan_Rahen.pdf
835,دیوان الحماسہ (مکتبۃ البشریٰ رنگین ایڈیشن),درجہ سادسہ,عربی ادب,اصل کتاب,ابو تمام حبیب بن اوس الطائیؒ,https://archive.org/download/AlSadisah6thYear1/DewanUlHamasahAlBushraColor.pdf
836,متن الکافی فی العروض والقوافی (مکتبۃ البشریٰ),درجہ سادسہ,عربی ادب,علم العروض,ضیاء الدین الخزرجیؒ,https://archive.org/download/AlSadisah6thYear1/MatanUlKafiAlBushraColor.pdf
837,فہم الفلکیات (دار العلوم ایڈیشن),درجہ سادسہ,اخلاقیات,علم الفلکیات,مفتی عطاء الرحمنؒ,https://archive.org/download/DarjaAlSadisa6thYear/FahmUlFalkiat-DarUlUloom.pdf
838,التبیان فی علوم القرآن (مکتبۃ البشریٰ رنگین),درجہ سابعہ,تفسیر,علوم القرآن,الشیخ محمد علی الصابونیؒ,https://archive.org/download/DarsENizamiDarjaSabeaaMaoqoofAlai7thYear/AlTibyanAlBushraColor.pdf
839,تیسیر مصطلح الحدیث (مکتبۃ البشریٰ رنگین),درجہ سابعہ,حدیث,اصول حدیث,ڈاکٹر محمود الطحانؒ,https://archive.org/download/DarsENizamiDarjaSabeaaMaoqoofAlai7thYear01/TaiseerEMustalahUlHadithAlBushraColor.pdf
840,المطول فی شرح تلخیص المفتاح,درجہ سابعہ,بلاغت,اصل کتاب,علامہ سعد الدین تفتازانیؒ,https://archive.org/download/DarsENizamiDarjaSabeaaMaoqoofAlai7thYear/AL-MUTAWWAL.pdf
841,الہیئۃ الوسطیٰ فی علم الفلک,درجہ سابعہ,اخلاقیات,علم الفلک,علامہ عبد العلی بحر العلومؒ,https://archive.org/download/ALHAIATULWUSTA/AL%20HAI%27AT%20UL%20WUSTA.pdf
842,تجرید البخاری (مختصر صحیح البخاری),درجہ ثامنہ,حدیث,مختصر حدیث,علامہ زین الدین الشرجی الزبیدیؒ,https://archive.org/download/DarsENizamiDoraEHadees8thYear/TAJREED-E-BUKHARI.pdf
843,شمائل النبی ﷺ (الکوکب الدری جلد 9),درجہ ثامنہ,حدیث,شرح حدیث,مولانا رشید احمد گنگوہیؒ / مولانا یحییٰ کاندھلویؒ,https://archive.org/download/DarsENizamiDoraeHadees8thYear01/SHAMAIL_UN_NABI_AL_KAOKAB_UD_DURI_VOL_09.pdf
844,شمائل الترمذی (مکتبۃ البشریٰ رنگین ایڈیشن),درجہ ثامنہ,حدیث,اصل کتاب,امام ابو عیسیٰ محمد بن عیسیٰ الترمذیؒ,https://archive.org/download/DarsENizamiDoraEHadees8thYear/SHAMAIL-E-TIRMEZI-AL-BUSHRA-COLOR.pdf
845,دروس القرآن (پارہ عم),درجہ ثانیہ,تفسیر,درسی تفسیر,مولانا قاضی عبد الکریمؒ,https://archive.org/download/Httpsarchive.orgdetailsDarsENizamiDarjaSaniah2ndYear2/DUROOS_UL_QURAN_PARA_AMMA.pdf
846,درسی تفسیر (پارہ عم),درجہ ثانیہ,تفسیر,درسی تفسیر,مولانا مفتی عبد الرؤف سکھرویؒ,https://archive.org/download/DarsENizamiDarjaSaniah2ndYear1/DarsiTafseerUrduTafseerParaAmm.pdf
847,کشف الغم اردو تفسیر پارہ عم,درجہ ثانیہ,تفسیر,اردو تفسیر,مولانا سید غیاث الدینؒ,https://archive.org/download/Httpsarchive.orgdetailsDarsENizamiDarjaSaniah2ndYear2/KASHFUL_GHAM_URDU_TAFSIR_PARA_AMM.pdf
848,تفصیل الکتاب اردو تفسیر پارہ عم,درجہ ثانیہ,تفسیر,اردو تفسیر,مولانا قاری محمد طیب قاسمیؒ,https://ia600709.us.archive.org/23/items/DarsENizamiDarjaSaniah2ndYear1/TafseelUlKitabUrduTaseerParaAmm.pdf
849,روضۃ الطالبین شرح زاد الطالبین,درجہ ثانیہ,حدیث,اردو شرح,مولانا عبد اللہؒ,https://archive.org/download/DarsENizamiDarjaSaniah2ndYear1/RozaTutTalibeen.pdf
850,ارشاد الطالبین شرح زاد الطالبین,درجہ ثانیہ,حدیث,اردو شرح,مولانا ارشاد احمدؒ,https://archive.org/download/DarsENizamiDarjaSaniah2ndYear1/IrshadUlTalibeen.pdf
851,مختار الطالبین اردو شرح زاد الطالبین,درجہ ثانیہ,حدیث,اردو شرح,مولانا مفتی مختار احمدؒ,https://archive.org/download/DarsENizamiDarjaSaniah2ndYear1/MukhtarUtTalebeenUrduSharhZadutTalebeen.pdf
852,معین الطالبین اردو شرح زاد الطالبین,درجہ ثانیہ,حدیث,اردو شرح,مولانا مفتی محمد امینؒ,https://archive.org/download/DarsENizamiDarjaSaniah2ndYear1/MoeenUtTalebeenUrduSharhZadutTalebeen.pdf
853,حدائق الصالحین اردو شرح زاد الطالبین,درجہ ثانیہ,حدیث,اردو شرح,مولانا محمد ظہورؒ,https://archive.org/download/DarsENizamiDarjaSaniah2ndYear1/HadaiqUsSaleheenUrduSharhZadutTalebeen.pdf
854,امداد الطالبین شرح زاد الطالبین,درجہ ثانیہ,حدیث,اردو شرح,مولانا امداد اللہ قاسمیؒ,https://archive.org/download/Httpsarchive.orgdetailsDarsENizamiDarjaSaniah2ndYear2/IMDAD_AL_TALIBEEN_SHARH_ZAD_AL_TALIBEEN.pdf
855,التسہیل الضروری شرح مختصر القدوری (مکتبۃ البشریٰ رنگین),درجہ ثانیہ,فقہ,شرح فقہ,مولانا عاشق الٰہی بلند شہریؒ,https://archive.org/download/Httpsarchive.orgdetailsDarsENizamiDarjaSaniah2ndYear2/AlTasheelUlZaroriAlBushraColor.pdf
856,الجوہرۃ النیرۃ شرح مختصر القدوری,درجہ ثانیہ,فقہ,اصل شرح,امام ابو بکر بن علی الزبیدی الحدادیؒ,https://archive.org/download/Httpsarchive.orgdetailsDarsENizamiDarjaSaniah2ndYear2/AlJaoharaTunNaiyyarahMeerMuhammad.pdf
857,التشریح الوافی شرح مختصر القدوری,درجہ ثانیہ,فقہ,شرح فقہ,مولانا محمد وافیؒ,https://archive.org/download/Httpsarchive.orgdetailsDarsENizamiDarjaSaniah2ndYear2/AL_TASHRIH_UL_WAFI_SHARH_QUDOORI.pdf
858,افضل التطبیق العصری علی مختصر القدوری,درجہ ثانیہ,فقہ,شرح فقہ,مولانا مفتی محمد افضلؒ,https://archive.org/download/afzal-al-tatbeeq-al-asri/AFZAL_AL_TATBEEQ_AL_ASRI.pdf
859,اشراق نوری شرح مختصر القدوری,درجہ ثانیہ,فقہ,اردو شرح,مولانا محمد انوار اللہؒ,https://archive.org/download/darrs2/ISHRAQ_NOORI.pdf
860,اشرف النوری شرح مختصر القدوری (جلد اول),درجہ ثانیہ,فقہ,اردو شرح,مولانا مفتی اشرف علی قاسمیؒ,https://archive.org/download/DarsENizamiDarjaSaniah2ndYear1/ASHRAF-UL-NOORI-VOL-01.pdf
861,الشرح السمیری اردو شرح القدوری (جلد اول),درجہ ثانیہ,فقہ,اردو شرح,مولانا سمیر الدین قاسمیؒ,https://archive.org/download/DarsENizamiDarjaSaniah2ndYear1/AlSharhUsSameeriUrduSharhAlQuduriVol1.pdf
862,التکمیل الضروری اردو شرح القدوری,درجہ ثانیہ,فقہ,اردو شرح,مولانا مفتی سراج احمدؒ,https://archive.org/download/DarsENizamiDarjaSaniah2ndYear1/AlTakmeelUzZarooriUrduSharhAlQuduri.pdf
863,الحل الضروری شرح مختصر القدوری,درجہ ثانیہ,فقہ,اردو شرح,مولانا محمد انور شاہ قاسمیؒ,https://archive.org/download/DarsENizamiDarjaSaniah2ndYear1/AL-HAL-UL-ZARORI.pdf
864,القول الصواب فی مسائل الکتاب,درجہ ثانیہ,فقہ,اردو شرح,مولانا عبد الحلیمؒ,https://ia600709.us.archive.org/23/items/DarsENizamiDarjaSaniah2ndYear1/AlQaolUsSawabFiMasailIlKitab.pdf
865,القول المختار شرح مختصر القدوری,درجہ ثانیہ,فقہ,اردو شرح,مولانا مختار احمدؒ,https://archive.org/download/20102019/AL_QAWL_UL_MUKHTAR.pdf
866,انوار القدوری شرح مختصر القدوری (جلد اول),درجہ ثانیہ,فقہ,اردو شرح,مولانا انوار اللہ قاسمیؒ,https://archive.org/download/11320/ANWAAR_UL_QUDURI_VOL_01.pdf
867,القدوری مع احادیثہ و اصولہ (جلد اول),درجہ ثانیہ,فقہ,تخریج و اصول,مولانا سمیر الدین قاسمیؒ,https://archive.org/download/maulana-samiruddin-qasmi/AL_QUDURI_MAA_AHADITHIH_WA_USOOLIH_01.pdf
868,علم الصیغہ (قدیمی کتب خانہ),درجہ ثانیہ,صرف,اصل کتاب,مفتی عنایت احمد کاکورویؒ,https://archive.org/download/DarsENizamiDarjaSaniah2ndYear1/IlmUsSeghaQademi.pdf
869,علم الصیغہ (اردو ترجمہ و تشریح),درجہ ثانیہ,صرف,اردو ترجمہ,مفتی عنایت احمد کاکورویؒ,https://archive.org/download/DarsENizamiDarjaSaniah2ndYear1/IlmUsSighaUrdu.pdf
870,اشرف الصیغہ شرح علم الصیغہ,درجہ ثانیہ,صرف,اردو شرح,مولانا مفتی اشرف علی قاسمیؒ,https://archive.org/download/DarsENizamiDarjaSaniah2ndYear1/AshrafUlSegahMeerMuhammad.pdf
871,ارشاد الصیغہ اردو شرح علم الصیغہ,درجہ ثانیہ,صرف,اردو شرح,مولانا ارشاد احمدؒ,https://archive.org/download/DarsENizamiDarjaSaniah2ndYear1/IrshadUsSighaUrduSharhIlmUsSigha.pdf
872,درسِ علم الصیغہ,درجہ ثانیہ,صرف,اردو تقریر,مولانا مفتی عبد الرؤف سکھرویؒ,https://archive.org/download/DarsEIlmusSigha/DARS_E_ILM_US_SIGHA.pdf
873,توضیحات اردو شرح علم الصیغہ,درجہ ثانیہ,صرف,اردو شرح,مولانا عبد الرحیمؒ,https://archive.org/download/DarsENizamiDarjaSaniah2ndYear1/TozeehatUrduSharhIlmUsSigha.pdf
874,فصول اکبری (مکتبۃ البشریٰ رنگین ایڈیشن),درجہ ثانیہ,صرف,اصل کتاب,شاہ علی اکبر الہ آبادیؒ,https://archive.org/download/Httpsarchive.orgdetailsDarsENizamiDarjaSaniah2ndYear2/FusoolEAkbariAlBushraColor.pdf
875,خاصیات ابواب فصول اکبری,درجہ ثانیہ,صرف,اردو شرح,مولانا مفتی جمیل احمد سکروڈھویؒ,https://archive.org/download/BestUrduBooks1017/KHASIYYAT-E-ABWAB-FUSOOL-E-AKBARI.pdf
876,درسی تقریر خاصیات ابواب,درجہ ثانیہ,صرف,درسی تقریر,مولانا محمد ظہورؒ,https://archive.org/download/Httpsarchive.orgdetailsDarsENizamiDarjaSaniah2ndYear2/DARSI_TAQREER_KHASIYAAT_ABWAB.pdf
877,آسان خاصیات الابواب,درجہ ثانیہ,صرف,اردو شرح,مولانا مشتاق احمد چرتھاولیؒ,https://archive.org/download/DarsENizamiDarjaSaniah2ndYear1/AasanKhasiatUlAbwab.pdf
878,ہدایۃ النحو (مکتبۃ البشریٰ رنگین ایڈیشن),درجہ ثانیہ,نحو,اصل کتاب,سراج الدین عثمان چشتیؒ,https://archive.org/download/Httpsarchive.orgdetailsDarsENizamiDarjaSaniah2ndYear2/HidayaTunNahwAlBushraColor.pdf
879,الالہامیہ عربی شرح ہدایۃ النحو,درجہ ثانیہ,نحو,عربی شرح,العلامۃ الہام اللہؒ,https://archive.org/download/Httpsarchive.orgdetailsDarsENizamiDarjaSaniah2ndYear2/ILHAMIYAH_ARABIC_SHARH_HIDAYATUN_NAHWA.pdf
880,معارف النحو شرح ہدایۃ النحو,درجہ ثانیہ,نحو,اردو شرح,مولانا عبد الحی استوریؒ,https://archive.org/download/maulana-abdul-hai-astori/MAARIF_UN_NAHW_SHARH_HIDAYATU_NAHW.pdf
881,درسِ ہدایۃ النحو,درجہ ثانیہ,نحو,اردو تقریر,مولانا مفتی عبد الرؤف سکھرویؒ,https://archive.org/download/Besturdubooks317/DARS-E-HIDAYA-TUN-NAHW.pdf
882,مصباح النحو اردو شرح ہدایۃ النحو,درجہ ثانیہ,نحو,اردو شرح,مولانا عبد الرشید قاسمیؒ,https://archive.org/download/DarsENizamiDarjaSaniah2ndYear1/MisbahUnNahwUrduSharhHidayatUnNahw.pdf
883,خیر النحو اردو شرح ہدایۃ النحو,درجہ ثانیہ,نحو,اردو شرح,مولانا خیر محمد جالندھریؒ,https://archive.org/download/DarsENizamiDarjaSaniah2ndYear1/KhaiUnNahwUrduSharhHidayatUnNahw.pdf
884,ارشاد النحو اردو شرح ہدایۃ النحو,درجہ ثانیہ,نحو,اردو شرح,مولانا ارشاد الحقؒ,https://archive.org/download/DarsENizamiDarjaSaniah2ndYear1/IrshadUnNahwUrduSharhHidayatUnNahw.pdf
885,کفایۃ النحو شرح ہدایۃ النحو,درجہ ثانیہ,نحو,اردو شرح,مولانا کفایت اللہ دہلویؒ,https://archive.org/download/DarsENizamiDarjaSaniah2ndYear1/KifayatUlNahw.pdf
886,سعایۃ النحو اردو شرح ہدایۃ النحو,درجہ ثانیہ,نحو,اردو شرح,مولانا محمد سعیدؒ,https://archive.org/download/DarsENizamiDarjaSaniah2ndYear1/SaayatUnNahwUrduSharhHidayatUnNahw.pdf
887,روایۃ النحو اردو شرح ہدایۃ النحو,درجہ ثانیہ,نحو,اردو شرح,مولانا مفتی عبد اللہ قاسمیؒ,https://archive.org/download/DarsENizamiDarjaSaniah2ndYear1/RiwayatUnNahwUrduSharhHidayatUnNahw.pdf
888,عنایۃ النحو اردو شرح ہدایۃ النحو,درجہ ثانیہ,نحو,اردو شرح,مولانا عنایت اللہؒ,https://archive.org/download/DarsENizamiDarjaSaniah2ndYear1/EnayatUnNahwUrduSharhHidayatUnNahw.pdf
889,تیسیر النحو اردو شرح ہدایۃ النحو,درجہ ثانیہ,نحو,اردو شرح,مولانا مشتاق احمد چرتھاولیؒ,https://archive.org/download/DarsENizamiDarjaSaniah2ndYear1/TayseerUnNahwUrduSharhHidayatUnNahw.pdf
890,تلخیص النحو شرح ہدایۃ النحو,درجہ ثانیہ,نحو,خلاصہ و شرح,مولانا عبد الرحیم قاسمیؒ,https://archive.org/download/DarsENizamiDarjaSaniah2ndYear1/TalkheesUnNahw.pdf
891,درایۃ النحو (مکتبہ مجیدیہ),درجہ ثانیہ,نحو,اردو شرح,مولانا سید نذیر احمدؒ,https://archive.org/download/DarsENizamiDarjaSaniah2ndYear1/DirayaTulNahwMajedia.pdf
892,سراج النحو اردو شرح ہدایۃ النحو,درجہ ثانیہ,نحو,اردو شرح,مولانا سراج احمدؒ,https://archive.org/download/DarsENizamiDarjaSaniah2ndYear1/SirajUnNahwUrduSharhHidayatUnNahw.pdf
893,ضیاء النحو اردو شرح ہدایۃ النحو,درجہ ثانیہ,نحو,اردو شرح,مولانا ضیاء الدینؒ,https://archive.org/download/DarsENizamiDarjaSaniah2ndYear1/ZiaUnNahwUrduSharhHidayatUnNahw.pdf
894,النحو الواضح (مکتبۃ البشریٰ رنگین ایڈیشن),درجہ ثانیہ,نحو,اصل کتاب,علی الجارم و مصطفیٰ امین,https://archive.org/download/Httpsarchive.orgdetailsDarsENizamiDarjaSaniah2ndYear2/AlNahwUlWazehAlBushraColor.pdf
895,النحو الواضح (اردو ترجمہ و تشریح),درجہ ثانیہ,نحو,اردو ترجمہ,علی الجارم و مصطفیٰ امین,https://archive.org/download/AnNahwUlWazihUrdu/Al-Nahw-ul-Wazih-Urdu.pdf
896,الصرف الواضح (جلد دوم),درجہ ثانیہ,صرف,اصل کتاب,علی الجارم و مصطفیٰ امین,https://archive.org/download/BestUrduBooks218/AL_SHARF_UL_WAZIH_VOL_02.pdf
897,المنہاج فی القواعد والاعراب (مکتبۃ البشریٰ),درجہ ثانیہ,نحو,قواعد و اعراب,محمد الامین الخضریؒ,https://archive.org/download/Httpsarchive.orgdetailsDarsENizamiDarjaSaniah2ndYear2/AlMinhaajAlBushraColor.pdf
898,فوائد مکیہ مع تسہیل الفوائد (مکتبۃ البشریٰ),درجہ ثانیہ,تجوید,علم التجوید,قاری محمد عبد الرحمن الہ آبادیؒ,https://archive.org/download/DarsENizamiDarjaSaniah2ndYear1/FawaidEMakkiyahAlBushraColor.pdf
899,القراءۃ الراشدۃ (الجزء الثانی),درجہ ثانیہ,عربی ادب,عربی ادب,مولانا ابو الحسن علی الندویؒ,https://archive.org/download/DarsENizami_DarjaAula_1stYear/AL%20QIRAAT%20UL%20RASHEDAH%20VOL%202.pdf
900,شرح القراءۃ الراشدۃ (اردو),درجہ ثانیہ,عربی ادب,اردو شرح,مولانا محمد اعزاز علی امروہویؒ,https://archive.org/download/DarsENizamiDarjaSaniah2ndYear1/SharhAlQiraatUrRashedaUrdu.pdf
901,القراءۃ الکاشفۃ اردو شرح القراءۃ الراشدۃ,درجہ ثانیہ,عربی ادب,اردو شرح,مولانا کاشف علی قاسمیؒ,https://archive.org/download/DarsENizamiDarjaSaniah2ndYear1/AlQiraatUlKashefaUrduSharhAlQiraatUrRasheda.pdf
902,القراءۃ الراشدۃ (مکتبۃ البشریٰ رنگین ایڈیشن),درجہ ثانیہ,عربی ادب,اصل کتاب,مولانا ابو الحسن علی الندویؒ,https://archive.org/download/Httpsarchive.orgdetailsDarsENizamiDarjaSaniah2ndYear2/AL_QIRAAT_AL_RASHIDAH.pdf
903,ایساغوجی (مکتبۃ البشریٰ رنگین ایڈیشن),درجہ ثانیہ,منطق,اصل کتاب,علامہ اثیر الدین الابہریؒ,https://archive.org/download/DarsENizamiDarjaSaniah2ndYear1/EsaGhojiAlBushraColor.pdf
904,حاشیۃ الشیخ محمد علیش علی ایساغوجی,درجہ ثانیہ,منطق,عربی حاشیہ,الشیخ محمد علیش المالکیؒ,https://archive.org/download/BestUrduBooks15/Hashia-Shaykh-Muhammad-Alish-Eisa-Ghoji.pdf
905,مغنی الطلاب عربی شرح ایساغوجی,درجہ ثانیہ,منطق,عربی شرح,الشیخ محمود حسن المغنیسیؒ,https://archive.org/download/BestUrduBooks15/Mughni-Al-Tullab-Arabic-Sharh-Eisaghoji.pdf
906,شرح ایساغوجی (قاضی زادہ رومی),درجہ ثانیہ,منطق,عربی شرح,قاضی زادہ رومیؒ,https://archive.org/download/BestUrduBooks15/Sharh-Eisa-Ghoji.pdf
907,تشریحات سواطع شرح ایساغوجی,درجہ ثانیہ,منطق,اردو شرح,مولانا ساطع الحق قاسمیؒ,https://archive.org/download/Httpsarchive.orgdetailsDarsENizamiDarjaSaniah2ndYear2/TASHRIHAT_SAWATI_SHARH_EISAGHOJI.pdf
908,الشریفی علی ایساغوجی (قدیمی),درجہ ثانیہ,منطق,عربی شرح,میر سید شریف علی الجرجانیؒ,https://archive.org/download/DarsENizamiDarjaSaniah2ndYear1/AlSharifiQademi.pdf
909,سراج المنطق اردو شرح ایساغوجی,درجہ ثانیہ,منطق,اردو شرح,مولانا سراج احمد قاسمیؒ,https://archive.org/download/DarsENizamiDarjaSaniah2ndYear1/SirajUlMantiqUrduSharhEisaGhoji.pdf
910,درسِ ایساغوجی اردو شرح ایساغوجی,درجہ ثانیہ,منطق,اردو شرح,مولانا مفتی عبد الرؤف سکھرویؒ,https://archive.org/download/DarsENizamiDarjaSaniah2ndYear1/DarsEEisaGhojiUrduSharhEisaGhoji.pdf
911,قال اقول رشیدیہ شرح ایساغوجی,درجہ ثانیہ,منطق,عربی شرح,مولانا رشید احمد گنگوہیؒ / علامہ ملا صدرا,https://archive.org/download/MantiqOFalsafaBooks/QALA%20AQOLO%20RASHEDIA%20-%20www.besturdubooks.wordpress.com.pdf
912,المرقات مع تقویۃ المرقات,درجہ ثانیہ,منطق,اصل کتاب مع حاشیہ,علامہ فضل امام خیر آبادیؒ,https://archive.org/download/DarsENizamiDarjaSaniah2ndYear1/AL-MIRQAT-TAQWIYAT-UL-MIRQAT.pdf
913,المرقات (مکتبۃ البشریٰ رنگین ایڈیشن),درجہ ثانیہ,منطق,اصل کتاب,علامہ فضل امام خیر آبادیؒ,https://archive.org/download/Httpsarchive.orgdetailsDarsENizamiDarjaSaniah2ndYear2/AlMirqatAlBushraColor.pdf
914,توضیحات اردو شرح مرقات,درجہ ثانیہ,منطق,اردو شرح,مولانا عبد الرحیمؒ,https://archive.org/download/DarsENizamiDarjaSaniah2ndYear1/TozihaatUrduSharhMirqat.pdf
915,التشریحات اردو شرح مرقات,درجہ ثانیہ,منطق,اردو شرح,مولانا محمد قاسمؒ,https://archive.org/download/DarsENizamiDarjaSaniah2ndYear1/AlTashrihatUrduSharhMirqat.pdf
916,تحفۃ المنظور اردو شرح مرقات,درجہ ثانیہ,منطق,اردو شرح,مولانا منظور احمدؒ,https://archive.org/download/DarsENizamiDarjaSaniah2ndYear1/TohfatUlManzoorUrduSharhMirqat.pdf
917,شذرات شرح اردو مرقات,درجہ ثانیہ,منطق,اردو شرح,مولانا مفتی عبد الحقؒ,https://archive.org/download/Httpsarchive.orgdetailsDarsENizamiDarjaSaniah2ndYear2/SHAZARAT_SHARH_URDU_MIRQAT.pdf
918,درسِ مرقات اردو,درجہ ثانیہ,منطق,اردو تقریر,مولانا مفتی عبد الرؤف سکھرویؒ,https://archive.org/download/Httpsarchive.orgdetailsDarsENizamiDarjaSaniah2ndYear2/DARS_E_MIRQAT_URDU.pdf
919,توضیحی حواشی بر مرقات,درجہ ثانیہ,منطق,حاشیہ و تعلیقات,مولانا عبد اللہ قاسمیؒ,https://archive.org/download/abdullahmbooks/EXPLANATORY_NOTES_ON_AL_MIRQAT.pdf
920,تیسیر المنطق (مکتبۃ البشریٰ رنگین ایڈیشن),درجہ ثانیہ,منطق,اصل کتاب,مولانا عبد اللہ گنگوہیؒ,https://archive.org/download/Httpsarchive.orgdetailsDarsENizamiDarjaSaniah2ndYear2/TaiseerUlMantiqAlBushraColor.pdf
921,آسان تیسیر المنطق,درجہ ثانیہ,منطق,اردو شرح,مولانا محمد حنیفؒ,https://archive.org/download/DarsENizamiMutafarriq/ASAAN_TAYSIR_UL_MANTIQ.pdf
922,تنویر المنطق تسہیل تیسیر المنطق,درجہ ثانیہ,منطق,اردو شرح,مولانا تنویر الحق قاسمیؒ,https://archive.org/download/DarsENizami_DarjaAula_1stYear/TANVEER_UL_MANTIQ_TASHEEL_TAYSEER_UL_MANTIQ.pdf
923,تسہیل المنطق شرح تیسیر المنطق,درجہ ثانیہ,منطق,اردو شرح,مولانا مشتاق احمد چرتھاولیؒ,https://archive.org/download/DarsENizamiDarjaSaniah2ndYear1/TASHEEL-UL-MANTIQ-SHARH-TAISEER-UL-MANTIQ.pdf
924,اساس المنطق اردو شرح تیسیر المنطق (جلد دوم),درجہ ثانیہ,منطق,اردو شرح,مولانا مفتی عبد الرحمنؒ,https://archive.org/download/DarsENizamiDarjaSaniah2ndYear1/AsasUlMantiqUrduSharhTaiseerUlMantiqVol2.pdf
925,تسہیلِ تیسیر المنطق,درجہ ثانیہ,منطق,اردو شرح,مولانا محمد ایازؒ,https://archive.org/download/m-ayaz-muhammad/TASHIL_E_TAYSIR_UL_MANTIQ.pdf
926,آسان منطق شرح تیسیر منطق,درجہ ثانیہ,منطق,اردو شرح,مولانا محمد فاروقؒ,https://archive.org/download/amst0/ASAAN_MANTIQ_SHARH_TAISIR_E_MANTIQ.pdf
927,تبیین المنطق شرح تیسیر المنطق,درجہ ثانیہ,منطق,اردو شرح,مولانا عبد الرحیم مظاہریؒ,https://archive.org/download/Httpsarchive.orgdetailsDarsENizamiDarjaSaniah2ndYear2/TABYIN_UL_MANTIQ_SHARH_TAYSIR_UL_MANTIQ.pdf
928,تسہیل الادب,درجہ ثانیہ,عربی ادب,اصل کتاب,مولانا مشتاق احمد چرتھاولیؒ,https://archive.org/download/DarsENizamiDarjaSaniah2ndYear1/TASHEEL_UL_ADAB.pdf
929,مسہل الادب شرح تسہیل الادب,درجہ ثانیہ,عربی ادب,اردو شرح,مولانا مفتی عبد الرحمنؒ,https://archive.org/download/Httpsarchive.orgdetailsDarsENizamiDarjaSaniah2ndYear2/MUSAHHIL_UL_ADAB_SHARH_TASHEEL_UL_ADAB.pdf
930,عربی کا معلم (جلد چہارم - مکتبۃ البشریٰ),درجہ ثانیہ,عربی ادب,اصل کتاب,مولانا عبد الستار خانؒ,https://archive.org/download/Httpsarchive.orgdetailsDarsENizamiDarjaSaniah2ndYear2/ArabiKaMuallimVol4AlBushraColor.pdf
931,کلید عربی کا معلم (جلد چہارم),درجہ ثانیہ,عربی ادب,کلید و حل,مولانا عبد الستار خانؒ,https://archive.org/download/KaleedArabiKaMuallim/Kaleed_Arabi_Ka_Muallim_4.pdf
932,معلم الانشاء (جلد اول),درجہ ثانیہ,انشاء,اصل کتاب,مولانا عبد الماجد ندویؒ,https://archive.org/download/DarsENizamiDarjaSaniah2ndYear1/MuallimUlInshaVol1.pdf
933,اشرف الانشاء شرح معلم الانشاء (حصہ اول),درجہ ثانیہ,انشاء,اردو شرح,مولانا مفتی اشرف علی قاسمیؒ,https://archive.org/download/DarsENizamiDarjaSaniah2ndYear1/AshrafUlInshaSharhMoallimUlInsha.pdf
934,توضیحات الانشاء شرح معلم الانشاء,درجہ ثانیہ,انشاء,اردو شرح,مولانا محمد انورؒ,https://archive.org/download/DarsENizamiDarjaSaniah2ndYear1/TozihaatUlInshaSharhMoallimUlInsha.pdf
935,دلائل الانشاء شرح معلم الانشاء,درجہ ثانیہ,انشاء,اردو شرح,مولانا دلیل احمد قاسمیؒ,https://archive.org/download/DarsENizamiDarjaSaniah2ndYear1/DalailUlInshaSharhMoallimUlInsha.pdf
936,تسہیل الانشاء شرح معلم الانشاء,درجہ ثانیہ,انشاء,اردو شرح,مولانا مشتاق احمد چرتھاولیؒ,https://archive.org/download/DarsENizamiDarjaSaniah2ndYear1/TasheelUlInshaSharhMoallimUlInsha.pdf
937,حل شدہ امتحانی پرچہ جات (درجہ ثانیہ),درجہ ثانیہ,اخلاقیات,امتحانی پرچہ جات,وفاق المدارس العربیہ پاکستان,https://archive.org/download/DarsENizamiDarjaSaniah2ndYear1/HalShudaParchaJaatDarjaSania.pdf
938,ریاض الصالحین (مکتبۃ البشریٰ ایڈیشن),درجہ ثالثہ,حدیث,اصل کتاب,امام ابو زکریا یحییٰ بن شرف النوویؒ,https://archive.org/download/RiazusSalihin/Riazus%20Salihin%20%28AlBushra%29%20By%20Imam%20Navavi.pdf
939,ریاض الصالحین (اردو ترجمہ),درجہ ثالثہ,حدیث,اردو ترجمہ,امام ابو زکریا یحییٰ بن شرف النوویؒ,https://archive.org/download/RiazusSalihinUrdu/Riazus%20Salihin%20By%20Imam%20Navavi%20Urdu.pdf
940,ریاض الصالحین (درسی اردو ترجمہ و تشریح),درجہ ثالثہ,حدیث,درسی تشریح,امام ابو زکریا یحییٰ بن شرف النوویؒ,https://archive.org/download/DarsENizamiDarjaSalsa3rdYear/RiazUsSaleheenUrdu2.pdf
941,خیر الصالحین شرح ریاض الصالحین (جلد دوم),درجہ ثالثہ,حدیث,اردو شرح,مولانا خیر محمد جالندھریؒ,https://archive.org/download/DarsENizamiDarjaSalsa3rdYear/KHAIR_UL_SALIHEEN_VOL_2.pdf
942,طریق السالکین شرح ریاض الصالحین (جلد دوم),درجہ ثالثہ,حدیث,اردو شرح,مولانا عبد اللہؒ,https://archive.org/download/DarsENizamiDarjaSalsa3rdYear/TAREEQ_UL_SALIKEEN_VOL_2.pdf
943,نزہۃ المتقین شرح ریاض الصالحین (جلد دوم),درجہ ثالثہ,حدیث,عربی شرح,ڈاکٹر مصطفیٰ سعید الخنؒ,https://archive.org/download/DarsENizamiDarjaSalsa3rdYear/NUZHA_TUL_MUTTAQEEN_VOL_2.pdf
944,دلیل الفالحین لطرق ریاض الصالحین (جلد دوم),درجہ ثالثہ,حدیث,عربی شرح,الشیخ محمد بن علان الصدیقی الشافعیؒ,https://archive.org/download/DalilUlFaliheen/Dalil-ul-Faliheen-Vol-2.pdf
945,روضۃ الصالحین اردو شرح ریاض الصالحین (جلد دوم),درجہ ثالثہ,حدیث,اردو شرح,مولانا مفتی محمد امینؒ,https://archive.org/download/DarsENizamiDarjaSalsa3rdYear/RaozatUsSaleheenUrduSharhRiazUsSaleheen2.pdf
946,کنز الدقائق (جلد دوم - مکتبۃ البشریٰ رنگین ایڈیشن),درجہ ثالثہ,فقہ,اصل کتاب,امام ابو البرکات عبد اللہ بن احمد النسفیؒ,https://archive.org/download/DarsENizamiDarjaSalsa3rdYear/KanzUlDaqaiqVol2AlBushraColor.pdf
947,تیسیر الحقائق عربی شرح کنز الدقائق,درجہ ثالثہ,فقہ,عربی شرح,مولانا عبد الرحیمؒ,https://archive.org/download/DarsENizamiDarjaSalsa3rdYear/TAYSIR_UL_HAQAIQ_ARABIC_SHARH_KANZ.pdf
948,النہر الفائق شرح کنز الدقائق (جلد دوم),درجہ ثالثہ,فقہ,عربی شرح,علامہ سراج الدین عمر بن نجیم الحنفیؒ,https://archive.org/download/AlNahrUlFaiq/Al-Nahr-ul-Faiq-Vol-02.pdf
949,معدن الحقائق اردو شرح کنز الدقائق (جلد دوم),درجہ ثالثہ,فقہ,اردو شرح,مولانا مفتی جمیل احمد سکروڈھویؒ,https://archive.org/download/DarsENizamiDarjaSalsa3rdYear/MadinUlHaqaiqUrduSharhKanzUdDaqaiq2.pdf
950,تسہیل الحقائق اردو شرح کنز الدقائق (جلد دوم),درجہ ثالثہ,فقہ,اردو شرح,مولانا عاشق الٰہی بلند شہریؒ,https://archive.org/download/DarsENizamiDarjaSalsa3rdYear/TasheelUlHaqaiqUrduSharhKanzUdDaqaiq2.pdf
951,نوادر الحقائق اردو شرح کنز الدقائق,درجہ ثالثہ,فقہ,اردو شرح,مولانا مفتی اشرف علی قاسمیؒ,https://archive.org/download/DarsENizamiDarjaSalsa3rdYear/NawaderUlHaqaiqUrduSharhKanzUdDaqaiq.pdf
952,احسن المسائل اردو ترجمہ کنز الدقائق,درجہ ثالثہ,فقہ,اردو ترجمہ,مولانا احسن اللہؒ,https://archive.org/download/DarsENizamiDarjaSalsa3rdYear/AhsanUlMasailUrduTarjamaKanzUdDaqaiq.pdf
953,سراج الحقائق شرح کنز الدقائق (جلد دوم),درجہ ثالثہ,فقہ,عربی شرح,مولانا سراج احمدؒ,https://archive.org/download/DarsENizamiDarjaSalsa3rdYear/SIRAJ_UL_HAQAIQ_SHARH_KANZ_VOL_02.pdf
954,الکافیہ فی النحو (مکتبۃ البشریٰ رنگین ایڈیشن),درجہ ثالثہ,نحو,اصل کتاب,علامہ ابن الحاجب النحویؒ,https://archive.org/download/DarsENizamiDarjaSalsa3rdYear/KafiahAlBushraColor.pdf
955,درسِ کافیہ اردو شرح الکافیہ,درجہ ثالثہ,نحو,اردو شرح,مولانا مفتی عبد الرؤف سکھرویؒ,https://archive.org/download/DarsENizamiDarjaSalsa3rdYear/DARS-E-KAFIA-URDU-SHARH.pdf
956,ہادیہ اردو شرح کافیہ,درجہ ثالثہ,نحو,اردو شرح,مولانا مفتی عنایت اللہؒ,https://archive.org/download/DarsENizamiDarjaSalsa3rdYear/HadiaUrduSharhKafia.pdf
957,ایضاح المطالب اردو شرح کافیہ,درجہ ثالثہ,نحو,اردو شرح,مولانا عبد الباریؒ,https://archive.org/download/DarsENizamiDarjaSalsa3rdYear/EizahUlMatalibUrduSharhKafia.pdf
958,درسِ کافیہ اردو شرح کافیہ (جلد دوم),درجہ ثالثہ,نحو,اردو شرح,مولانا مفتی عبد الرؤف سکھرویؒ,https://archive.org/download/DarsENizamiDarjaSalsa3rdYear/DarsEKafiaUrduSharhKafiaVol2.pdf
959,تقریرِ کافیہ اردو شرح کافیہ,درجہ ثالثہ,نحو,اردو تقریر,مولانا محمد ظہورؒ,https://archive.org/download/DarsENizamiDarjaSalsa3rdYear/TaqreerEKafiaUrduSharhKafia2.pdf
960,الدروس الواضحہ اردو شرح کافیہ,درجہ ثالثہ,نحو,اردو شرح,مولانا واضح الحق ندویؒ,https://archive.org/download/DarsENizamiDarjaSalsa3rdYear/AlDuroosUlWazehaUrduSharhKafia.pdf
961,الدروس الوافیہ اردو شرح کافیہ,درجہ ثالثہ,نحو,اردو شرح,مولانا محمد وافیؒ,https://archive.org/download/DarsENizamiDarjaSalsa3rdYear/AlDuroosUlWafiaUrduSharhKafia.pdf
962,کشف المطالب اردو شرح کافیہ,درجہ ثالثہ,نحو,اردو شرح,مولانا کفایت اللہ دہلویؒ,https://archive.org/download/DarsENizamiDarjaSalsa3rdYear/KashfUlMatalibUrduSharhKafia.pdf
963,تہذیب الکافیہ اردو شرح کافیہ,درجہ ثالثہ,نحو,اردو شرح,مولانا عبد الرحیم قاسمیؒ,https://archive.org/download/DarsENizamiDarjaSalsa3rdYear/TahzeebUlKafiaUrduSharhKafia.pdf
964,کاشفہ اردو شرح کافیہ,درجہ ثالثہ,نحو,اردو شرح,مولانا کاشف علیؒ,https://archive.org/download/DarsENizamiDarjaSalsa3rdYear/KashifaUrduSharhKafia.pdf
965,واضحہ اردو شرح کافیہ (جلد دوم),درجہ ثالثہ,نحو,اردو شرح,مولانا محمد انورؒ,https://archive.org/download/DarsENizamiDarjaSalsa3rdYear/WAZIHA_URDU_SHARH_KAFIA_VOL_02.pdf
966,بخدمۃ الکافیہ (مکتبہ رشیدیہ),درجہ ثالثہ,نحو,اصل حاشیہ,مولانا عبد الغفور لاریؒ / مولانا رشید احمدؒ,https://archive.org/download/DarsENizamiDarjaSalsa3rdYear/BeKhadimaTilKafiaRashedia.pdf
967,غایۃ التحقیق حاشیہ کافیہ (مکتبہ رشیدیہ),درجہ ثالثہ,نحو,اصل حاشیہ,علامہ غیاث الدینؒ,https://archive.org/download/DarsENizamiDarjaSalsa3rdYear/GhayatUlTahqeqRashedia.pdf
968,تحریر الصنباطی علی الکافیہ (مکتبہ رشیدیہ),درجہ ثالثہ,نحو,اصل حاشیہ,الشیخ احمد بن عبد الحق الصنباطیؒ,https://archive.org/download/DarsENizamiDarjaSalsa3rdYear/TahreerESanbatRashedia.pdf
969,الوافیہ شرح الکافیہ,درجہ ثالثہ,نحو,عربی شرح,الشیخ ضیاء الدین علی بن محمد الحسینیؒ,https://archive.org/download/darsenizamidarjasalsa3rdyear2/WAFIA_SHARH_KAFIA.pdf
970,شرح التہذیب (مکتبۃ البشریٰ رنگین ایڈیشن),درجہ ثالثہ,منطق,اصل کتاب,علامہ عبد اللہ الیزدیؒ,https://archive.org/download/DarsENizamiDarjaSalsa3rdYear/SharhTahzeebAlBushraColor.pdf
971,شرح التہذیب مع حاشیہ (جامعہ اسلامیہ ڈابھیل),درجہ ثالثہ,منطق,اصل کتاب مع حاشیہ,علامہ عبد اللہ الیزدیؒ,https://archive.org/download/DarsENizamiDarjaSalsa3rdYear/SHARH-E-TAHZEEB-DABHEL.pdf
972,معارف التہذیب شرح شرح التہذیب,درجہ ثالثہ,منطق,اردو شرح,مولانا عبد الحی استوریؒ,https://archive.org/download/DarsENizamiDarjaSalsa3rdYear/MAARIF_AL_TEZEEB_SHARH_SHARH_E_TAHZEEB.pdf
973,التفہیم البالغ شرح شرح التہذیب,درجہ ثالثہ,منطق,اردو شرح,مولانا عبد الحلیم قاسمیؒ,https://archive.org/download/DarsENizamiDarjaSalsa3rdYear/AL_TAFHEEM_UL_BALIGH_SHARH_E_TAHZEEB.pdf
974,مفتاح التہذیب شرح شرح التہذیب,درجہ ثالثہ,منطق,اردو شرح,مولانا مفتاح اللہؒ,https://archive.org/download/DarsENizamiDarjaSalsa3rdYear/MIFTAH_UL_TAHZEEB.pdf
975,التسہیل والترتیب اردو شرح شرح التہذیب,درجہ ثالثہ,منطق,اردو شرح,مولانا مشتاق احمد چرتھاولیؒ,https://archive.org/download/DarsENizamiDarjaSalsa3rdYear/AlTasheelUtTarteebUrduSharhSharhUtTahzeeb.pdf
976,انوار التہذیب اردو شرح شرح التہذیب,درجہ ثالثہ,منطق,اردو شرح,مولانا انوار الحق قاسمیؒ,https://archive.org/download/DarsENizamiDarjaSalsa3rdYear/AnwaarUtTahzeebUrduSharhSharhUtTahzeeb.pdf
977,شرح اللبیب اردو شرح شرح التہذیب,درجہ ثالثہ,منطق,اردو شرح,مولانا لبیب الرحمنؒ,https://archive.org/download/DarsENizamiDarjaSalsa3rdYear/SarhUlLabibUrduSharhSharhUtTahzeeb.pdf
978,سراج التہذیب اردو شرح شرح التہذیب,درجہ ثالثہ,منطق,اردو شرح,مولانا سراج احمدؒ,https://archive.org/download/DarsENizamiDarjaSalsa3rdYear/SirajUtTahzeebUrduSharhSharhUtTahzeeb.pdf
979,التقریب علی شرح التہذیب (میر محمد کتب خانہ),درجہ ثالثہ,منطق,عربی حاشیہ,علامہ میر محمدؒ,https://archive.org/download/DarsENizamiDarjaSalsa3rdYear/AlTaqreebMeerMuhammad.pdf
980,تحفۃ اللبیب شرح شرح التہذیب,درجہ ثالثہ,منطق,اردو شرح,مولانا عبد اللطیفؒ,https://archive.org/download/darsenizamidarjasalsa3rdyear2/TOHFA_TUL_LABIB_SHARHA_SHARH_E_TAHZIB.pdf
981,تقریب التہذیب شرح شرح التہذیب,درجہ ثالثہ,منطق,اردو شرح,مولانا تقریب الحقؒ,https://archive.org/download/DarsENizamiDarjaSalsa3rdYear/TAQRIB_AL_TAHZIB_SHARH_SHARH_E_TAHZIB.pdf
982,متن العقیدۃ الطحاویۃ (مکتبۃ البشریٰ رنگین ایڈیشن),درجہ ثالثہ,عقائد,اصل کتاب,امام ابو جعفر احمد بن محمد الطحاویؒ,https://archive.org/download/DarjaAlSadisa6thYear/MatanUlAqedaTitTahavi-AlBushraColo.pdf
983,العقیدۃ الطحاویۃ (اردو ترجمہ و تشریح),درجہ ثالثہ,عقائد,اردو ترجمہ و تشریح,امام ابو جعفر احمد بن محمد الطحاویؒ,https://archive.org/download/DarjaAlSadisa6thYear/AlAqidaAlTahawiaUrdu.pdf
984,آسان شرح عقیدہ طحاویہ,درجہ ثالثہ,عقائد,اردو شرح,مفتی سعید احمد پالنپوریؒ / علمائے کرام,https://archive.org/download/mufti-sm/ASAAN_SHARH_AQEEDA_TAHAWIYYA.pdf
985,تحفۂ عثمانیہ شرح عقیدہ طحاویہ,درجہ ثالثہ,عقائد,اردو شرح,مولانا مفتی محمد عثمان بستوی مدظلہ,https://www.mediafire.com/file/ek5on6na24qw381/TOHFA_E_USMANIA_SHARAH_AQEEDA_TAHAWIYA.pdf/file
986,نفحۃ العرب (مکتبۃ البشریٰ رنگین ایڈیشن),درجہ ثالثہ,عربی ادب,اصل کتاب,مولانا محمد اعزاز علی امروہویؒ,https://archive.org/download/DarsENizamiDarjaSalsa3rdYear/NafhaTulArabAlBushraColor.pdf
987,تکمیل الادب اردو شرح نفحۃ العرب,درجہ ثالثہ,عربی ادب,اردو شرح,مولانا مفتی عاشق الٰہی بلند شہریؒ,https://archive.org/download/DarsENizamiDarjaSalsa3rdYear/TakmeelUlAdabUrduSharhNafhaTulArab.pdf
988,اشرف الادب اردو شرح نفحۃ العرب,درجہ ثالثہ,عربی ادب,اردو شرح,مولانا مفتی اشرف علی قاسمیؒ,https://archive.org/download/DarsENizamiDarjaSalsa3rdYear/AshrafUlAdabUrduSharhNafhaTulArab.pdf
989,تحفۃ الادب اردو شرح نفحۃ العرب,درجہ ثالثہ,عربی ادب,اردو شرح,مولانا مفتی عبد الرؤف سکھرویؒ,https://archive.org/download/DarsENizamiDarjaSalsa3rdYear/TohfatUlAdabUrduSharhNafhaTulArab.pdf
990,نفحۃ الیمن فیما یزول بذکرہ الشجن,درجہ ثالثہ,عربی ادب,اصل کتاب,الشیخ احمد بن محمد الانصاری الیمنی الشروانیؒ,https://archive.org/download/DarsENizamiDarjaSalsa3rdYear/NafhaTulYamanMeerMuhammad.pdf
991,معلم الانشاء (الجزء الثانی),درجہ ثالثہ,انشاء,اصل کتاب,مولانا عبد الماجد ندویؒ,https://archive.org/download/DarsENizamiDarjaSalsa3rdYear/MUALLIM_UL_INSHA_VOL_2.pdf
992,تسہیل الانشاء اردو شرح معلم الانشاء (جلد دوم),درجہ ثالثہ,انشاء,اردو شرح,مولانا مشتاق احمد چرتھاولیؒ,https://archive.org/download/DarsENizamiDarjaSalsa3rdYear/TasheelUlInshaUrduSharhMuallimUlInsha2.pdf
993,شرح ملا جامی (مکتبۃ البشریٰ رنگین ایڈیشن),درجہ رابعہ,نحو,اصل کتاب,علامہ عبد الرحمن جامیؒ,https://archive.org/download/SHARHJAMI/SHARH_MULLA_JAMI_AL_BUSHRA_COLOR_02.pdf
994,شرح جامی (علوم اسلامیہ),درجہ رابعہ,نحو,اصل کتاب,علامہ عبد الرحمن جامیؒ,https://archive.org/download/SHARHJAMI/SHARH-JAMI-ULOOM-E-ISLAMIA.pdf
995,تحفۂ جامی اردو شرح شرح جامی,درجہ رابعہ,نحو,اردو شرح,مولانا مفتی عبد الرؤف سکھرویؒ,https://archive.org/download/DarsENizamiDarjaRabea4thYear/TOHFA_E_JAMI.pdf
996,التسہیل السامی فی حل شرح الجامی (جلد اول),درجہ رابعہ,نحو,اردو شرح,مولانا سمیع الحقؒ,https://archive.org/download/al-tasheel/AL_TASHEEL_UL_SAMI_VOL_01.pdf
997,درسی تقریر اردو شرح شرح الجامی (جلد اول),درجہ رابعہ,نحو,اردو تقریر,مولانا محمد ظہورؒ,https://archive.org/download/DarsENizamiDarjaRabea4thYear/DarsiTaqreerVol1UrduSharhSharhUlJami.pdf
998,الفہم النامی اردو شرح شرح الجامی,درجہ رابعہ,نحو,اردو شرح,مولانا عبد الحلیم قاسمیؒ,https://archive.org/download/DarsENizamiDarjaRabea4thYear/AlFahmUnNamiUrduSharhSharhUlJami.pdf
999,المفتاح السامی اردو شرح شرح الجامی,درجہ رابعہ,نحو,اردو شرح,مولانا مفتاح اللہؒ,https://archive.org/download/DarsENizamiDarjaRabea4thYear/AlMiftahUsSamiUrduSharhSharhUlJami.pdf
1000,خلاصۃ الجامی اردو شرح شرح الجامی,درجہ رابعہ,نحو,اردو شرح,مولانا عبد الرحیم قاسمیؒ,https://archive.org/download/DarsENizamiDarjaRabea4thYear/KhulasatUlJamiUrduSharhSharhUlJami.pdf
1001,مصباح المعانی اردو شرح شرح الجامی,درجہ رابعہ,نحو,اردو شرح,مولانا مصباح الحسنؒ,https://archive.org/download/DarsENizamiDarjaRabea4thYear/MisbahUlMaaniUrduSharhSharhUlJami.pdf
1002,لطائف المعانی اردو شرح شرح الجامی,درجہ رابعہ,نحو,اردو شرح,مولانا لطیف الرحمنؒ,https://archive.org/download/DarsENizamiDarjaRabea4thYear/LataifUlMaaniUrduSharhSharhUlJami.pdf
1003,غرضِ جامی فی شرح الجامی (اردو جلد دوم),درجہ رابعہ,نحو,اردو شرح,مولانا غرض علیؒ,https://archive.org/download/DarsENizamiDarjaRabea4thYear/GharazEJamiFiSharhUlJamiUrduVol2.pdf
1004,بغیۃ الکامل فی شرح الفوائد الضیائیۃ (عربی شرح),درجہ رابعہ,نحو,عربی شرح,علامہ عبد الغفور اللاریؒ,https://archive.org/download/DarsENizamiDarjaRabea4thYear/BUGHYATUL_KAMIL_ARABIC_SHARH_AL_HASIL_WAL_MAHSOOL_JAMI.pdf
1005,الحل الشافی شرح بحث الفاعل من شرح الجامی,درجہ رابعہ,نحو,اردو شرح,مولانا محمد شفیعؒ,https://archive.org/download/DarsENizamiDarjaRabea4thYear/AL_HALL_AL_SHAFI_SHARH_BAHTH_UL_FAIL_JAMI.pdf
1006,دروس البلاغۃ (مکتبۃ البشریٰ رنگین ایڈیشن),درجہ رابعہ,بلاغت,اصل کتاب,علامہ حفنی ناصف و اخوانہؒ,https://archive.org/download/DarsENizamiDarjaRabea4thYear/DurosUlBalaghaAlBushraColor.pdf
1007,تفہیم البلاغۃ اردو شرح دروس البلاغۃ,درجہ رابعہ,بلاغت,اردو شرح,مولانا عبد الحلیم قاسمیؒ,https://archive.org/download/DarsENizamiDarjaRabea4thYear/TafheemUlBalaghaUrduSharhDuroosUlBalagha.pdf
1008,تہذیب البلاغۃ اردو شرح دروس البلاغۃ,درجہ رابعہ,بلاغت,اردو شرح,مولانا عبد الرحیمؒ,https://archive.org/download/DarsENizamiDarjaRabea4thYear/TahzeebUlBalaghaUrduSharhDuroosUlBalagha.pdf
1009,تحفۃ البلاغۃ اردو شرح دروس البلاغۃ,درجہ رابعہ,بلاغت,اردو شرح,مولانا مفتی عبد الرؤف سکھرویؒ,https://archive.org/download/DarsENizamiDarjaRabea4thYear/TohfatUlBalaghaUrduSharhDuroosUlBalagha.pdf
1010,مفتاح البلاغۃ اردو شرح دروس البلاغۃ,درجہ رابعہ,بلاغت,اردو شرح,مولانا مفتاح الحقؒ,https://archive.org/download/DarsENizamiDarjaRabea4thYear/MiftahUlBalaghaUrduSharhDuroosUlBalagha.pdf
1011,دروس البلاغۃ (میر محمد کتب خانہ),درجہ رابعہ,بلاغت,اصل کتاب,علامہ حفنی ناصف و اخوانہؒ,https://archive.org/download/DarsENizamiDarjaKhamsa5thYear/DurosUlBalaghaMeerMuhammad.pdf
1012,شرح مقامات الحریری (عربی),درجہ رابعہ,عربی ادب,عربی شرح,علامہ ابو العباس الشریشیؒ,https://archive.org/download/DarsENizamiDarjaRabea4thYear/SharhMaqamatUlHareri.pdf
1013,المرآۃ اردو شرح مقامات حریری,درجہ رابعہ,عربی ادب,اردو شرح,مولانا مفتی عاشق الٰہی بلند شہریؒ,https://archive.org/download/DarsENizamiDarjaRabea4thYear/AlMiraatUrduSharhEMaqamaat.pdf
1014,دروسِ مقامات اردو شرح مقامات حریری,درجہ رابعہ,عربی ادب,اردو شرح,مولانا محمد ظہورؒ,https://archive.org/download/DarsENizamiDarjaRabea4thYear/DuroosEMaqamatUrduSharhMaqamat.pdf
1015,درسِ مقامات اردو شرح مقامات حریری,درجہ رابعہ,عربی ادب,اردو شرح,مولانا مفتی عبد الرؤف سکھرویؒ,https://archive.org/download/DarsENizamiDarjaRabea4thYear/DarsEMaqamatUrduSharhMaqamat.pdf
1016,الکمالات الوحیدیہ اردو شرح مقامات حریری,درجہ رابعہ,عربی ادب,اردو شرح,مولانا وحید الزماں کیرانویؒ,https://archive.org/download/DarsENizamiDarjaRabea4thYear/AlKamalatUlWahidiaUrduSharhMaqamat.pdf
1017,تحفۃ المشتاق فی شرح مقامات الحریری,درجہ رابعہ,عربی ادب,اردو شرح,مولانا مشتاق احمد چرتھاولیؒ,https://archive.org/download/DarsENizamiDarjaRabea4thYear/TuhfaTulMushtaaq.pdf
1018,تیسیرِ مقامات اردو شرح مقامات حریری,درجہ رابعہ,عربی ادب,اردو شرح,مولانا مفتی جمیل احمد سکروڈھویؒ,https://archive.org/download/DarsENizamiDarjaRabea4thYear/TaiseerEMaqamatUrduSharhMaqamat.pdf
1019,الافاضات اردو شرح مقامات حریری,درجہ رابعہ,عربی ادب,اردو شرح,مولانا مفتی اشرف علی قاسمیؒ,https://archive.org/download/DarsENizamiDarjaRabea4thYear/AlIfazatUrduSharhMaqamat.pdf
1020,تشریحات اردو شرح مقامات حریری,درجہ رابعہ,عربی ادب,اردو شرح,مولانا عبد الرحیم قاسمیؒ,https://archive.org/download/DarsENizamiDarjaRabea4thYear/TashrihatUrduSharhMaqamat.pdf
1021,القطبی فی المنطق (مکتبۃ البشریٰ رنگین ایڈیشن),درجہ رابعہ,منطق,اصل کتاب,علامہ قطب الدین الرازیؒ,https://archive.org/download/DarsENizamiDarjaRabea4thYear/AlQutbiAlBushraColor.pdf
1022,تسہیلِ قطبی اردو شرح القطبی,درجہ رابعہ,منطق,اردو شرح,مولانا عاشق الٰہی بلند شہریؒ,https://archive.org/download/DarsENizamiDarjaRabea4thYear/TasheelEQutbiUrduSharhAlQutbi.pdf
1023,تسہیل القطبی (بحث تصدیقات),درجہ رابعہ,منطق,اردو شرح,مولانا مشتاق احمد چرتھاولیؒ,https://archive.org/download/DarsENizamiDarjaRabea4thYear/TASHEEL_UL_QUTBI_TASDIQAAT.pdf
1024,اشرف القطبی اردو شرح القطبی,درجہ رابعہ,منطق,اردو شرح,مولانا مفتی اشرف علی قاسمیؒ,https://archive.org/download/DarsENizamiDarjaRabea4thYear/AshrafUlQutbi2.pdf
1025,تیسیرِ قطبی اردو شرح القطبی,درجہ رابعہ,منطق,اردو شرح,مولانا مفتی جمیل احمد سکروڈھویؒ,https://archive.org/download/DarsENizamiDarjaRabea4thYear/TaiseerEQutbi.pdf
1026,خلاصِ قطبی اردو خلاصہ و شرح,درجہ رابعہ,منطق,اردو خلاصہ,مولانا محمد انور شاہ قاسمیؒ,https://archive.org/download/DarsENizamiDarjaRabea4thYear/KHULAS_E_QUTBI.pdf
1027,الہام الباری فی تسہیل القطبی,درجہ رابعہ,منطق,اردو شرح,مولانا الہام اللہؒ,https://archive.org/download/DarsENizamiDarjaRabea4thYear/IlhamUlBariFiTasheelAlQutbi.pdf
1028,خلاصۃ القطبی اردو شرح القطبی,درجہ رابعہ,منطق,اردو شرح,مولانا عبد الرحیمؒ,https://archive.org/download/DarsENizamiDarjaRabea4thYear/KHULASATUL_QUTBI.pdf
1029,تفہیمِ قطبی اردو شرح القطبی,درجہ رابعہ,منطق,اردو شرح,مولانا عبد الحلیم قاسمیؒ,https://archive.org/download/DarsENizamiDarjaRabea4thYear/TAFHIM_E_QUTBI.pdf
1030,قطبی نوٹس و تشریحات,درجہ رابعہ,منطق,درسی نوٹس,علمائے درسِ نظامی,https://archive.org/download/zabooks/QUTBI_NOTES.pdf
1031,حل شدہ پرچہ جات (درجہ رابعہ),درجہ رابعہ,امتحانات,حل شدہ پرچہ جات,وفاق المدارس العربیہ پاکستان,https://archive.org/download/DarsENizamiDarjaRabea4thYear/HAL_SHUDA_PARCHAJAAT_DARJA_RABIA.pdf
1032,آثار السنن (اردو ترجمہ),درجہ خامسہ,حدیث,اردو ترجمہ,علامہ ظہیر احسن شوق نیمویؒ,https://archive.org/download/DarsENizamiDarjaKhamsa5thYear/AasarUsSunanUrdu.pdf
1033,درسِ آثار السنن اردو شرح آثار السنن,درجہ خامسہ,حدیث,اردو شرح,مولانا مفتی عبد الرؤف سکھرویؒ,https://archive.org/download/DarsENizamiDarjaKhamsa5thYear/DarsEAasarUsSunanUrduSharhAasarUsSunan.pdf
1034,تسہیل الآثار اردو شرح آثار السنن,درجہ خامسہ,حدیث,اردو شرح,مولانا عاشق الٰہی بلند شہریؒ,https://archive.org/download/DarsENizamiDarjaKhamsa5thYear/TasheelUlAasarUrduSharhAasarUsSunan.pdf
1035,توضیح السنن اردو شرح آثار السنن (جلد دوم),درجہ خامسہ,حدیث,اردو شرح,مولانا محمد امینؒ,https://archive.org/download/DarsENizamiDarjaKhamsa5thYear/TaozihUsSunanUrduSharhAasarUsSunan2.pdf
1036,الہدایہ فی الفروع (جلد اول - مکتبہ رشیدیہ),درجہ خامسہ,فقہ,اصل کتاب,امام برہان الدین علی بن ابی بکر المرغینانیؒ,https://archive.org/download/DarsENizamiDarjaKhamsa5thYear/AlHidayahRashedaiVol1Rashedia.pdf
1037,احسن الہدایہ اردو شرح الہدایہ (جلد دوم),درجہ خامسہ,فقہ,اردو شرح,مولانا عبد الحلیم قاسمیؒ,https://archive.org/download/DarsENizamiDarjaKhamsa5thYear/AhsanUlHidayaUrduSharhAlHidaya2.pdf
1038,اشرف الہدایہ اردو شرح الہدایہ (جلد دوم),درجہ خامسہ,فقہ,اردو شرح,مولانا مفتی اشرف علی قاسمیؒ,https://archive.org/download/darrs1/ASHRAF_UL_HIDAYAH_VOL_02.pdf
1039,عین الہدایہ اردو شرح الہدایہ (جلد دوم),درجہ خامسہ,فقہ,اردو شرح,مولانا سید امیر علیؒ,https://archive.org/download/DarsENizamiDarjaKhamsa5thYear/EainUlHidayaUrduSharhAlHidayaVol2.pdf
1040,الہدایہ شرح بدایۃ المبتدی (جلد دوم),درجہ خامسہ,فقہ,اصل کتاب,امام برہان الدین علی بن ابی بکر المرغینانیؒ,https://archive.org/download/oct_22/AL_HIDAYAH_SHARH_BIDAYATUL_MUBTADI_VOL_02.pdf
1041,اثمار الہدایہ شرح الہدایہ (جلد اول),درجہ خامسہ,فقہ,اردو شرح,مولانا سمیر الدین قاسمیؒ,https://archive.org/download/maulana-samiruddin-qasmi/ASMAAR_UL_HIDAYA_VOL_01.pdf
1042,ہدایہ پر اعتراضات کا علمی جائزہ,درجہ خامسہ,فقہ,تحقیقی کتاب,مولانا مفتی عبد الواحدؒ,https://archive.org/download/jan_23/HIDAYA_PAR_ITRAZAAT_KA_JAIZA.pdf
1043,الہدایہ مع احادیثہا و اصولہا (جلد دوم),درجہ خامسہ,فقہ,تحقیقی شرح,مولانا سمیر الدین قاسمیؒ,https://archive.org/download/maulana-samiruddin-qasmi/AL_HIDAYAH_MAA_AHADITHIHA_WA_USOOLIHA_VOL_02.pdf
1044,الحسامی النظامی (میر محمد کتب خانہ),درجہ خامسہ,اصول فقہ,اصل کتاب,علامہ حسام الدین اخسیکثیؒ,https://archive.org/download/DarsENizamiDarjaKhamsa5thYear/AlHusamiAlNizamiMeerMuhammad.pdf
1045,حاشیہ مولانا یعقوب علی الحسامی,درجہ خامسہ,اصول فقہ,اصل حاشیہ,مولانا محمد یعقوب نانوتویؒ,https://archive.org/download/DarsENizamiDarjaKhamsa5thYear/AlHashiaLiMaulanaYaqoob.pdf
1046,غایۃ التحقیق حاشیہ حسامی,درجہ خامسہ,اصول فقہ,اصل حاشیہ,علامہ غیاث الدینؒ,https://archive.org/download/DarsENizamiDarjaKhamsa5thYear/GhayatUlTahqeq.pdf
1047,فیضِ سبحانی اردو شرح الحسامی (جلد اول),درجہ خامسہ,اصول فقہ,اردو شرح,مولانا محمد سبحانؒ,https://archive.org/download/DarsENizamiDarjaKhamsa5thYear2/FAIZ_E_SUBHANI_01.pdf
1048,فیضِ سبحانی اردو شرح الحسامی (جلد دوم),درجہ خامسہ,اصول فقہ,اردو شرح,مولانا محمد سبحانؒ,https://archive.org/download/DarsENizamiDarjaKhamsa5thYear2/FAIZ_E_SUBHANI_02.pdf
1049,الفیض الحجاز اردو شرح الحسامی,درجہ خامسہ,اصول فقہ,اردو شرح,مولانا حجاز علی قاسمیؒ,https://archive.org/download/DarsENizamiDarjaKhamsa5thYear/AL-FAIZ-UL-HIJAZ-URDU-SHARH-AL-HUSAMI.pdf
1050,ایضاح الحسامی اردو شرح الحسامی (جلد دوم),درجہ خامسہ,اصول فقہ,اردو شرح,مولانا مفتی عبد الرؤف سکھرویؒ,https://archive.org/download/DarsENizamiDarjaKhamsa5thYear/EizahUlHusamiUrduSharhAlHusami2.pdf
1051,مصباح الحسامی اردو شرح الحسامی,درجہ خامسہ,اصول فقہ,اردو شرح,مولانا مصباح الحقؒ,https://archive.org/download/DarsENizamiDarjaKhamsa5thYear/MisbahUlHusamiUrduSharhAlHusami.pdf
1052,درسِ حسامی اردو شرح الحسامی,درجہ خامسہ,اصول فقہ,اردو تقریر,مولانا محمد ظہورؒ,https://archive.org/download/DarsENizamiDarjaKhamsa5thYear/DaesEHusamiUrduSharhAlHusami.pdf
1053,اصطلاحاتِ حسامی مع فرہنگ,درجہ خامسہ,اصول فقہ,فرہنگ و تسہیل,مولانا مشتاق احمد چرتھاولیؒ,https://archive.org/download/aug-21/ISTILAHAT_E_HUSAMI.pdf
1054,مختصر المعانی (جلد دوم - مکتبۃ البشریٰ رنگین ایڈیشن),درجہ خامسہ,بلاغت,اصل کتاب,علامہ سعد الدین مسعود بن عمر التفتازانیؒ,https://archive.org/download/DarsENizamiDarjaKhamsa5thYear/MukhtasarUlMaaniVol2AlBushraColor.pdf
1055,تکمیل الامانی اردو شرح مختصر المعانی (جلد دوم),درجہ خامسہ,بلاغت,اردو شرح,مولانا مفتی عاشق الٰہی بلند شہریؒ,https://archive.org/download/DarsENizamiDarjaKhamsa5thYear/TakmeelAmaniUrduSharhMukhtasarUlMaani2.pdf
1056,تکملۂ تکمیل الامانی شرح مختصر المعانی,درجہ خامسہ,بلاغت,اردو شرح,مولانا عاشق الٰہی بلند شہریؒ,https://archive.org/download/DarsENizamiDarjaKhamsa5thYear2/TAKMILA_E_TAKMEEL_UL_AMANI.pdf
1057,نیل الامانی اردو شرح مختصر المعانی,درجہ خامسہ,بلاغت,اردو شرح,مولانا مفتی اشرف علی قاسمیؒ,https://archive.org/download/DarsENizamiDarjaKhamsa5thYear/NailUlAmaniUrduSharhMukhtasarUlMaani.pdf
1058,درسی تقریر اردو شرح مختصر المعانی,درجہ خامسہ,بلاغت,اردو تقریر,مولانا محمد ظہورؒ,https://archive.org/download/DarsENizamiDarjaKhamsa5thYear/DarsiTaqreerUrduSharhMukhtasarUlMaani.pdf
1059,ایضاح المعانی اردو شرح مقدمہ مختصر المعانی,درجہ خامسہ,بلاغت,اردو شرح,مولانا مفتی عبد الرؤف سکھرویؒ,https://archive.org/download/DarsENizamiDarjaKhamsa5thYear/EizahUlMaaniUrduSharhMuqaddemaMukhtasarUlMaani.pdf
1060,خلاصۂ مختصر المعانی اردو,درجہ خامسہ,بلاغت,اردو خلاصہ,مولانا عبد الرحیم قاسمیؒ,https://archive.org/download/121.20/KHULASA_E_MUKHTASAR_AL_MAANI.pdf
1061,حل العویص اردو شرح تلخیص المفتاح,درجہ خامسہ,بلاغت,اردو شرح,مولانا محمد اویس قاسمیؒ,https://archive.org/download/DarsENizamiDarjaKhamsa5thYear/HALL_UL_AWEEZ_URDU_SHARH_TALKHEES.pdf
1062,الانتباہات المفیدہ (عربی ترجمہ),درجہ خامسہ,عقائد,اصل کتاب,حکیم الامت مولانا اشرف علی تھانویؒ,https://archive.org/download/BestUrduBooks1017/AL-INTEBAHAAT-UL-MUFEEDAH-ARABIC.pdf
1063,درسِ ہدایۃ الحکمۃ اردو شرح,درجہ خامسہ,منطق,اردو شرح,مولانا مفتی عبد الرؤف سکھرویؒ,https://archive.org/download/Feb2022/DARS_E_HIDAYATUL_HIKMAT.pdf
1064,اساس الحکمۃ اردو شرح ہدایۃ الحکمۃ,درجہ خامسہ,منطق,اردو شرح,مولانا اساس الحق قاسمیؒ,https://archive.org/download/DarsENizamiDarjaKhamsa5thYear/AsasUlHikmatUrduSharhHidayatUlHikmat.pdf
1065,تحقیق الحکمۃ اردو شرح ہدایۃ الحکمۃ,درجہ خامسہ,منطق,اردو شرح,مولانا عبد الرحیمؒ,https://archive.org/download/DarsENizamiDarjaKhamsa5thYear/TahqiqUlHikmatUrduSharhHidayatUlHikmat.pdf
1066,التحفۃ المرضیہ اردو شرح الہدایۃ السعیدیۃ,درجہ خامسہ,منطق,اردو شرح,مولانا رضا الحقؒ,https://archive.org/download/DarsENizamiDarjaKhamsa5thYear/AlTofatUlMarziaUrduSharhAlHadyatUsSaeedia.pdf
1067,الہدایۃ السعیدیۃ (اردو ترجمہ و تسہیل),درجہ خامسہ,منطق,اردو ترجمہ,علامہ فضل حق خیر آبادیؒ,https://archive.org/download/DarsENizamiDarjaKhamsa5thYear/AlHadyatUsSaeediaUrdu.pdf
1068,معین الفلسفہ (مکتبۃ البشریٰ رنگین ایڈیشن),درجہ خامسہ,منطق,اصل کتاب,مولانا معین الدینؒ,https://archive.org/download/DarsENizamiDarjaKhamsa5thYear/MueenUlFalsafaAlBushraColor.pdf
1069,توضیح القصائد المنتخبۃ,درجہ خامسہ,عربی ادب,درسی تشریح,مولانا محمد اعزاز علی امروہویؒ,https://archive.org/download/DarsENizamiDarjaKhamsa5thYear2/TAUZEEH_UL_QASAID_AL_MUNTAKHABA.pdf
1070,التوشیحات علی سبع المعلقات,درجہ خامسہ,عربی ادب,اصل شرح,علامہ ابو عبد اللہ الحسین بن احمد الزوزنیؒ,https://archive.org/download/DarsENizamiDarjaKhamsa5thYear/AlTaoshehatAlaSabIlMuallaqat.pdf
1071,اردو ترجمہ و شرح سبعہ معلقات,درجہ خامسہ,عربی ادب,اردو شرح,مولانا مفتی عبد الرؤف سکھرویؒ,https://archive.org/download/DarsENizamiDarjaKhamsa5thYear/UrduTarjamaOSharhSabaulMuallaqat.pdf
1072,تسہیلات اردو شرح سبعہ معلقات,درجہ خامسہ,عربی ادب,اردو شرح,مولانا مشتاق احمد چرتھاولیؒ,https://archive.org/download/DarsENizamiDarjaKhamsa5thYear/TasheelatUrduSharhSabaulMuallaqat.pdf
1073,تصریحات اردو شرح سبعہ معلقات,درجہ خامسہ,عربی ادب,اردو شرح,مولانا مفتی اشرف علی قاسمیؒ,https://archive.org/download/DarsENizamiDarjaKhamsa5thYear/TasrihatUrduSharhSabaulMuallaqat.pdf
1074,تجلیات اردو شرح المختارات,درجہ خامسہ,عربی ادب,اردو شرح,مولانا تجمل حسین قاسمیؒ,https://archive.org/download/DarsENizamiDarjaKhamsa5thYear/TAJALLIYAT-URDU-SHARH-MUKHTARAT.pdf
1075,لمعات الذہب اردو شرح المختارات,درجہ خامسہ,عربی ادب,اردو شرح,مولانا عبد الرحیم قاسمیؒ,https://archive.org/download/DarsENizamiDarjaKhamsa5thYear/LamaatUzZahabUrduSharhAlMukhtarat.pdf
1076,انوارات اردو شرح المختارات,درجہ خامسہ,عربی ادب,اردو شرح,مولانا انوار الحق قاسمیؒ,https://archive.org/download/DarsENizamiDarjaKhamsa5thYear/AnwaraatUrduSharhAlMukhtarat.pdf
1077,حل شدہ پرچہ جات درجہ خامسہ (2019),درجہ خامسہ,امتحانات,حل شدہ پرچہ جات,وفاق المدارس العربیہ پاکستان,https://archive.org/download/DARSIBOOKS/HALL_SHUDA_PARCHAJAAT_KHAMISA_2019.pdf
1078,تفسیر جمالین شرح جلالین (جلد دوم),درجہ خامسہ,تفسیر,اردو شرح,مولانا محمد جمال بلند شہریؒ,https://archive.org/download/AlSadisah6thYear1/TafseerEJamalainVol02.pdf
1079,تفسیر کمالین شرح جلالین (جلد دوم),درجہ خامسہ,تفسیر,اردو شرح,مولانا محمد سراج الدینؒ,https://archive.org/download/AlSadisah6thYear1/TafseerEKamalainVol02.pdf
1080,مقبولین شرح جلالین (جلد اول),درجہ سادسہ,تفسیر,اردو شرح,مولانا مقبول احمد قاسمیؒ,https://archive.org/download/AlSadisah6thYear1/MAQBOOLAIN_SHARH_JALALAIN_VOL_01.pdf
1081,مقبولین شرح جلالین (جلد دوم),درجہ سادسہ,تفسیر,اردو شرح,مولانا مقبول احمد قاسمیؒ,https://archive.org/download/AlSadisah6thYear1/MAQBOOLAIN_SHARH_JALALAIN_VOL_02.pdf
1082,مقبولین شرح جلالین (جلد سوم),درجہ سادسہ,تفسیر,اردو شرح,مولانا مقبول احمد قاسمیؒ,https://archive.org/download/AlSadisah6thYear1/MAQBOOLAIN_SHARH_JALALAIN_VOL_03.pdf
1083,مقبولین شرح جلالین (جلد چہارم),درجہ سادسہ,تفسیر,اردو شرح,مولانا مقبول احمد قاسمیؒ,https://archive.org/download/AlSadisah6thYear1/MAQBOOLAIN_SHARH_JALALAIN_VOL_04.pdf
1084,مقبولین شرح جلالین (جلد پنجم),درجہ سادسہ,تفسیر,اردو شرح,مولانا مقبول احمد قاسمیؒ,https://archive.org/download/AlSadisah6thYear1/MAQBOOLAIN_SHARH_JALALAIN_VOL_05.pdf
1085,مقبولین شرح جلالین (جلد ششم),درجہ سادسہ,تفسیر,اردو شرح,مولانا مقبول احمد قاسمیؒ,https://archive.org/download/AlSadisah6thYear1/MAQBOOLAIN_SHARH_JALALAIN_VOL_06.pdf
1086,المفصل فی شرح الجلالین,درجہ خامسہ,تفسیر,اردو شرح,مولانا مفصل الحقؒ,https://archive.org/download/besturdubooks3/Al-Mufassal-Jalalain---www.besturdubooks.wordpress.com.pdf
1087,تسہیل الجلالین اردو شرح تفسیر جلالین (جلد اول),درجہ خامسہ,تفسیر,اردو شرح,مولانا عاشق الٰہی بلند شہریؒ,https://archive.org/download/darrs2/TASHEEL_UL_JALALAIN_VOL_01.pdf
1088,مسند ابی حنیفہؒ,درجہ خامسہ,حدیث,اصل کتاب,امام ابو حنیفہ نعمان بن ثابتؒ,https://archive.org/download/besturdubooks3/Musnad-Abi-Hanifa.pdf
1089,مسند الامام الاعظم (اردو ترجمہ),درجہ خامسہ,حدیث,اردو ترجمہ,امام ابو حنیفہ نعمان بن ثابتؒ,https://archive.org/download/DarjaAlSadisa6thYear/MusnadImamAzamUrdu.pdf
1090,شرح مسند الامام الاعظم (ملا علی قاریؒ),درجہ خامسہ,حدیث,عربی شرح,علامہ ملا علی القاریؒ,https://archive.org/download/SharhMusnadImamAzamMullaAliQari/Sharh-Musnad-Imam-Azam-Mulla-Ali-Qari.pdf
1091,درسِ مسند الامام الاعظم اردو شرح,درجہ خامسہ,حدیث,اردو شرح,مولانا مفتی عبد الرؤف سکھرویؒ,https://archive.org/download/DarjaAlSadisa6thYear/DARS-E-MUSNAD-E-IMAM-AZAM.pdf
1092,الطریق الاسلم اردو شرح مسند الامام الاعظم,درجہ خامسہ,حدیث,اردو شرح,مولانا محمد ظفر اقبالؒ,https://archive.org/download/attareequlaslsm/AT%20TAREEQ%20UL%20ASLAM%20URDU%20SHARAH%20MUSNAD%20E%20IMAM%20AAZAM%20BY%20MAOLANA%20MUHAMMED%20ZAFAR%20IQBAL.pdf
1093,خلاصۂ مسند الامام الاعظم اردو,درجہ خامسہ,حدیث,اردو خلاصہ,مولانا عبد الرحیم قاسمیؒ,https://archive.org/download/DarjaAlSadisa6thYear/KhulasaMusnadImamAzamUrdu.pdf
1094,ارشاد الانام شرح مسند الامام,درجہ خامسہ,حدیث,اردو شرح,مولانا ارشاد احمد قاسمیؒ,https://archive.org/download/Feb2022/IRSHAD_UL_ANAAM_SHARH_MUSNAD_UL_IMAM.pdf
1095,مسند الامام الاعظم (مکتبۃ البشریٰ رنگین ایڈیشن),درجہ خامسہ,حدیث,اصل کتاب,امام ابو حنیفہ نعمان بن ثابتؒ,https://archive.org/download/AlSadisah6thYear1/MusnadUlImamIlAazamAlBushraColor.pdf
1096,تبیین الآثار شرح کتاب الآثار,درجہ خامسہ,حدیث,اردو شرح,مولانا مفتی شبیر احمد قاسمیؒ,https://archive.org/download/mufti-sm/TABEEN_UL_ASAAR_SHARH_KITAB_UL_ASAAR.pdf
1097,روضۃ الازہار شرح کتاب الآثار (جلد دوم),درجہ خامسہ,حدیث,اردو شرح,مولانا محمد انور شاہ قاسمیؒ,https://archive.org/download/oct_24/RAOZATUL_AZHAAR_SHARH_KITAB_UL_ASAAR_VOL_02.pdf
1098,مجموعۂ منتخب احادیث عالیہ,درجہ خامسہ,حدیث,احادیث مجموعہ,علمائے دار العلوم دیوبند,https://archive.org/download/jan_25/MAJMUA_MUNTAKHAB_AHADITH_AALIYA.pdf
1099,التعلیق الفصیح اردو شرح التوضیح والتلویح,درجہ خامسہ,اصول فقہ,اردو شرح,مولانا مفتی عبد الرؤف سکھرویؒ,https://archive.org/download/DarjaAlSadisa6thYear/AlTaleeqUlFaseehUrduSharhAlTaozeehWatTalweeh.pdf
1100,المسک الملیح اردو شرح التوضیح والتلویح,درجہ خامسہ,اصول فقہ,اردو شرح,مولانا مفتی عاشق الٰہی بلند شہریؒ,https://archive.org/download/DarjaAlSadisa6thYear/MiskulMaleehUrduSharhAlTaozeehWatTalweeh.pdf
1101,تنقیح التشریح اردو شرح التوضیح والتلویح,درجہ خامسہ,اصول فقہ,اردو شرح,مولانا مفتی اشرف علی قاسمیؒ,https://archive.org/download/DarjaAlSadisa6thYear/TanqeehUtTashreehUrduSharhAlTaozeehWatTalweeh.pdf
1102,الترویح اردو شرح التوضیح والتلویح,درجہ خامسہ,اصول فقہ,اردو شرح,مولانا عبد الرحیم قاسمیؒ,https://archive.org/download/DarjaAlSadisa6thYear/AlTarweehUrduSharhAlTaozeehWatTalweeh.pdf
1103,درسِ تلویح اردو شرح التوضیح والتلویح,درجہ خامسہ,اصول فقہ,اردو تقریر,مولانا محمد ظہورؒ,https://archive.org/download/DarjaAlSadisa6thYear/DarsETalweehUrduSharhAlTaozeehWatTalweeh.pdf
1104,معین الاصول (مکتبۃ البشریٰ رنگین ایڈیشن),درجہ خامسہ,اصول فقہ,اصل کتاب,مولانا معین الدینؒ,https://archive.org/download/AlSadisah6thYear1/MueenUlUsoolAlBushraColor.pdf
1105,التوضیح فی حل غوامض التنقیح مع التلویح (المصباح ایڈیشن),درجہ سادسہ,اصول فقہ,اصل کتاب مع شرح,امام صدر الشریعۃ عبید اللہ بن مسعود المحبوبیؒ / علامہ سعد الدین تفتازانیؒ,https://archive.org/download/AlTaozeehWatTalweeh/AL%20TAOZEEH%20WAT%20TALWEEH%20AL%20MISBAH.pdf
1106,التوضیح والتلویح (جلد دوم - قدیمی کتب خانہ),درجہ خامسہ,اصول فقہ,اصل کتاب,امام صدر الشریعۃ عبید اللہ بن مسعود المحبوبیؒ / علامہ تفتازانیؒ,https://archive.org/download/AlTaozeehWatTalweeh/AL%20TAOZEEH%20WAT%20TALWEEH%20VOL%202-%20QADEMI.pdf
1107,الہدایہ (جلد سوم - مکتبۃ البشریٰ رنگین ایڈیشن),درجہ خامسہ,فقہ,اصل کتاب,امام برہان الدین علی بن ابی بکر المرغینانیؒ,https://archive.org/download/AlSadisah6thYear1/AlHidayahVol3AlBushraColor.pdf
1108,اشرف الہدایہ اردو شرح الہدایہ (جلد پنجم),درجہ خامسہ,فقہ,اردو شرح,مولانا مفتی اشرف علی قاسمیؒ,https://archive.org/download/darrs1/ASHRAF_UL_HIDAYAH_VOL_05.pdf
1109,احسن الہدایہ اردو شرح الہدایہ (جلد پنجم),درجہ خامسہ,فقہ,اردو شرح,مولانا عبد الحلیم قاسمیؒ,https://archive.org/download/DarjaAlSadisa6thYear/AhsanUlHidayaVol5UrduSharhAlHidaya.pdf
1110,عین الہدایہ اردو شرح الہدایہ (جلد پنجم),درجہ خامسہ,فقہ,اردو شرح,مولانا سید امیر علیؒ,https://archive.org/download/DarjaAlSadisa6thYear/AinUlHidayaUrduSharhAlHidayaVol5.pdf
1111,اثمار الہدایہ شرح الہدایہ (جلد ہفتم),درجہ خامسہ,فقہ,اردو شرح,مولانا سمیر الدین قاسمیؒ,https://archive.org/download/maulana-samiruddin-qasmi/ASMAAR_UL_HIDAYA_VOL_07.pdf
1112,اصولِ ہدایت (جلد دوم),درجہ خامسہ,فقہ,اردو شرح,مولانا عبد الرحمنؒ,https://archive.org/download/AlSadisah6thYear1/USOOL_E_HIDAYAH_VOL_02.pdf
1113,تشریح الہدایہ شرح الہدایہ (جلد دوم),درجہ خامسہ,فقہ,اردو شرح,مولانا مفتی محمد عبد اللہؒ,https://archive.org/download/DarsENizamiDarjaSabeaaMaoqoofAlai7thYear01/TASHREEH_UL_HIDAYA_VOL_02.pdf
1114,العقائد النسفیۃ مع الفوائد الامدادیۃ,درجہ خامسہ,عقائد,اصل کتاب مع حاشیہ,علامہ نجم الدین عمر النسفیؒ / مولانا امداد اللہؒ,https://archive.org/download/DarjaAlSadisa6thYear/AL-AQAID-UN-NASAFIA-AL-FAWAID-UL-IMDADIYA.pdf
1115,شرح العقائد النسفیۃ (علامہ سعد الدین التفتازانیؒ),درجہ خامسہ,عقائد,اصل کتاب,علامہ سعد الدین مسعود بن عمر التفتازانیؒ,https://archive.org/download/DarjaAlSadisa6thYear/SHARH_UL_AQAID.pdf
1116,النبراس شرح شرح العقائد (علامہ عبد العزیز الفرہاریؒ),درجہ خامسہ,عقائد,عربی شرح,علامہ عبد العزیز الفرہاریؒ,https://archive.org/download/BayanUlFawaid/Al%20Nibraas%20Arabic%20Sharh%20Sharh%20ul%20Aqaid.pdf
1117,الجواہر البہیۃ فی تراجم الحنفیۃ (جلد دوم),درجہ خامسہ,اخلاقیات,تاریخ و تراجم,علامہ عبد القادر بن محمد القرشی الحنفیؒ,https://archive.org/download/DarjaAlSadisa6thYear/AL-JAWAHIR-UL-BAHIYAH-VOL-02.pdf
1118,تفسیر جلالین (جلد اول - مکتبۃ البشریٰ رنگین ایڈیشن),درجہ سادسہ,تفسیر,اصل کتاب,امام جلال الدین المحلیؒ و امام جلال الدین السیوطیؒ,https://archive.org/download/AlSadisah6thYear1/TafseerUlJalalainVol1AlBushraColor.pdf
1119,تفسیر جلالین (جلد دوم - مکتبۃ البشریٰ رنگین ایڈیشن),درجہ سادسہ,تفسیر,اصل کتاب,امام جلال الدین المحلیؒ و امام جلال الدین السیوطیؒ,https://archive.org/download/AlSadisah6thYear1/TafseerUlJalalainVol2AlBushraColor.pdf
1120,تفسیر جلالین (جلد سوم - مکتبۃ البشریٰ رنگین ایڈیشن),درجہ سادسہ,تفسیر,اصل کتاب,امام جلال الدین المحلیؒ و امام جلال الدین السیوطیؒ,https://archive.org/download/AlSadisah6thYear1/TafseerUlJalalainVol3AlBushraColor.pdf
1121,المفصل فی شرح الجلالین,درجہ سادسہ,تفسیر,اردو شرح,مولانا مفصل الحقؒ,https://archive.org/download/besturdubooks3/Al-Mufassal-Jalalain---www.besturdubooks.wordpress.com.pdf
1122,تفسیر جمالین شرح جلالین (جلد اول),درجہ سادسہ,تفسیر,اردو شرح,مولانا محمد جمال بلند شہریؒ,https://archive.org/download/AlSadisah6thYear1/TafseerEJamalainVol01.pdf
1123,تفسیر جمالین شرح جلالین (جلد دوم),درجہ سادسہ,تفسیر,اردو شرح,مولانا محمد جمال بلند شہریؒ,https://archive.org/download/AlSadisah6thYear1/TafseerEJamalainVol02.pdf
1124,تفسیر جمالین شرح جلالین (جلد سوم),درجہ سادسہ,تفسیر,اردو شرح,مولانا محمد جمال بلند شہریؒ,https://archive.org/download/AlSadisah6thYear1/TafseerEJamalainVol03.pdf
1125,تفسیر جمالین شرح جلالین (جلد چہارم),درجہ سادسہ,تفسیر,اردو شرح,مولانا محمد جمال بلند شہریؒ,https://archive.org/download/AlSadisah6thYear1/TafseerEJamalainVol04.pdf
1126,تفسیر جمالین شرح جلالین (جلد پنجم),درجہ سادسہ,تفسیر,اردو شرح,مولانا محمد جمال بلند شہریؒ,https://archive.org/download/AlSadisah6thYear1/TafseerEJamalainVol05.pdf
1127,تفسیر جمالین شرح جلالین (جلد ششم),درجہ سادسہ,تفسیر,اردو شرح,مولانا محمد جمال بلند شہریؒ,https://archive.org/download/AlSadisah6thYear1/TafseerEJamalainVol06.pdf
1128,تفسیر کمالین شرح جلالین (جلد اول),درجہ سادسہ,تفسیر,اردو شرح,مولانا محمد سراج الدینؒ,https://archive.org/download/AlSadisah6thYear1/TafseerEKamalainVol01.pdf
1129,تفسیر کمالین شرح جلالین (جلد دوم),درجہ سادسہ,تفسیر,اردو شرح,مولانا محمد سراج الدینؒ,https://archive.org/download/AlSadisah6thYear1/TafseerEKamalainVol02.pdf
1130,تفسیر کمالین شرح جلالین (جلد سوم),درجہ سادسہ,تفسیر,اردو شرح,مولانا محمد سراج الدینؒ,https://archive.org/download/AlSadisah6thYear1/TafseerEKamalainVol03.pdf
1131,تفسیر کمالین شرح جلالین (جلد چہارم),درجہ سادسہ,تفسیر,اردو شرح,مولانا محمد سراج الدینؒ,https://archive.org/download/AlSadisah6thYear1/TafseerEKamalainVol04.pdf
1132,تفسیر کمالین شرح جلالین (جلد پنجم),درجہ سادسہ,تفسیر,اردو شرح,مولانا محمد سراج الدینؒ,https://archive.org/download/AlSadisah6thYear1/TafseerEKamalainVol05.pdf
1133,تفسیر کمالین شرح جلالین (جلد ششم و ہفتم - مکمل),درجہ سادسہ,تفسیر,اردو شرح,مولانا محمد سراج الدینؒ,https://archive.org/download/AlSadisah6thYear1/TafseerEKamalainVol06-07.pdf
1134,مقبولین شرح جلالین (جلد دوم),درجہ سادسہ,تفسیر,اردو شرح,مولانا مقبول احمد قاسمیؒ,https://archive.org/download/AlSadisah6thYear1/MAQBOOLAIN_SHARH_JALALAIN_VOL_02.pdf
1135,تسہیل الجلالین اردو شرح تفسیر جلالین (جلد اول),درجہ سادسہ,تفسیر,اردو شرح,مولانا عاشق الٰہی بلند شہریؒ,https://archive.org/download/darrs2/TASHEEL_UL_JALALAIN_VOL_01.pdf
1136,الفوز الکبیر فی اصول التفسیر (مکتبۃ البشریٰ رنگین ایڈیشن),درجہ سادسہ,تفسیر,اصول تفسیر,امام الہند شاہ ولی اللہ دہلویؒ,https://archive.org/download/AlSadisah6thYear1/AlFaozUlKabeerAlBushraColor.pdf
1137,مسند ابی حنیفہؒ,درجہ سادسہ,حدیث,اصل کتاب,امام ابو حنیفہ نعمان بن ثابتؒ,https://archive.org/download/besturdubooks3/Musnad-Abi-Hanifa.pdf
1138,مسند الامام الاعظم (اردو ترجمہ),درجہ سادسہ,حدیث,اردو ترجمہ,امام ابو حنیفہ نعمان بن ثابتؒ,https://archive.org/download/Besturdubooks1/Musnad-e-Imam-Azam.pdf
1139,شرح مسند الامام الاعظم (ملا علی قاریؒ),درجہ سادسہ,حدیث,عربی شرح,علامہ ملا علی القاریؒ,https://archive.org/download/SharhMusnadImamAzamMullaAliQari/Sharh-Musnad-Imam-Azam-Mulla-Ali-Qari.pdf
1140,درسِ مسند الامام الاعظم اردو شرح,درجہ سادسہ,حدیث,اردو شرح,مولانا مفتی عبد الرؤف سکھرویؒ,https://archive.org/download/DarjaAlSadisa6thYear/DARS-E-MUSNAD-E-IMAM-AZAM.pdf
1141,مسند امام اعظم اردو,درجہ سادسہ,حدیث,اردو ترجمہ و تشریح,امام ابو حنیفہ نعمان بن ثابتؒ,https://archive.org/download/DarjaAlSadisa6thYear/MusnadImamAzamUrdu.pdf
1142,الطریق الاسلم اردو شرح مسند الامام الاعظم,درجہ سادسہ,حدیث,اردو شرح,مولانا محمد ظفر اقبالؒ,https://archive.org/download/attareequlaslsm/AT%20TAREEQ%20UL%20ASLAM%20URDU%20SHARAH%20MUSNAD%20E%20IMAM%20AAZAM%20BY%20MAOLANA%20MUHAMMED%20ZAFAR%20IQBAL.pdf
1143,خلاصۂ مسند الامام الاعظم اردو,درجہ سادسہ,حدیث,اردو خلاصہ,مولانا عبد الرحیم قاسمیؒ,https://archive.org/download/DarjaAlSadisa6thYear/KhulasaMusnadImamAzamUrdu.pdf
1144,ارشاد الانام شرح مسند الامام,درجہ سادسہ,حدیث,اردو شرح,مولانا ارشاد احمد قاسمیؒ,https://archive.org/download/Feb2022/IRSHAD_UL_ANAAM_SHARH_MUSNAD_UL_IMAM.pdf
1145,التوضیح والتلویح (جلد دوم - قدیمی کتب خانہ),درجہ سادسہ,اصول فقہ,اصل کتاب,امام صدر الشریعۃ المحبوبیؒ / علامہ تفتازانیؒ,https://archive.org/download/AlTaozeehWatTalweeh/AL%20TAOZEEH%20WAT%20TALWEEH%20VOL%202-%20QADEMI.pdf
1146,التعلیق الفصیح اردو شرح التوضیح والتلویح,درجہ سادسہ,اصول فقہ,اردو شرح,مولانا مفتی عبد الرؤف سکھرویؒ,https://archive.org/download/DarjaAlSadisa6thYear/AlTaleeqUlFaseehUrduSharhAlTaozeehWatTalweeh.pdf
1147,المسک الملیح اردو شرح التوضیح والتلویح,درجہ سادسہ,اصول فقہ,اردو شرح,مولانا مفتی عاشق الٰہی بلند شہریؒ,https://archive.org/download/DarjaAlSadisa6thYear/MiskulMaleehUrduSharhAlTaozeehWatTalweeh.pdf
1148,تنقیح التشریح اردو شرح التوضیح والتلویح,درجہ سادسہ,اصول فقہ,اردو شرح,مولانا مفتی اشرف علی قاسمیؒ,https://archive.org/download/DarjaAlSadisa6thYear/TanqeehUtTashreehUrduSharhAlTaozeehWatTalweeh.pdf
1149,الترویح اردو شرح التوضیح والتلویح,درجہ سادسہ,اصول فقہ,اردو شرح,مولانا عبد الرحیم قاسمیؒ,https://archive.org/download/DarjaAlSadisa6thYear/AlTarweehUrduSharhAlTaozeehWatTalweeh.pdf
1150,درسِ تلویح اردو شرح التوضیح والتلویح,درجہ سادسہ,اصول فقہ,اردو تقریر,مولانا محمد ظہورؒ,https://archive.org/download/DarjaAlSadisa6thYear/DarsETalweehUrduSharhAlTaozeehWatTalweeh.pdf
1151,الہدایہ (جلد چہارم - مکتبۃ البشریٰ رنگین ایڈیشن),درجہ سادسہ,فقہ,اصل کتاب,امام برہان الدین علی بن ابی بکر المرغینانیؒ,https://archive.org/download/AlSadisah6thYear1/AlHidayahVol4AlBushraColor.pdf
1152,اشرف الہدایہ اردو شرح الہدایہ (جلد چہارم),درجہ سادسہ,فقہ,اردو شرح,مولانا مفتی اشرف علی قاسمیؒ,https://archive.org/download/darrs1/ASHRAF_UL_HIDAYAH_VOL_04.pdf
1153,اشرف الہدایہ اردو شرح الہدایہ (جلد پنجم),درجہ سادسہ,فقہ,اردو شرح,مولانا مفتی اشرف علی قاسمیؒ,https://archive.org/download/darrs1/ASHRAF_UL_HIDAYAH_VOL_05.pdf
1154,اشرف الہدایہ اردو شرح الہدایہ (جلد ششم),درجہ سادسہ,فقہ,اردو شرح,مولانا مفتی اشرف علی قاسمیؒ,https://archive.org/download/darrs1/ASHRAF_UL_HIDAYAH_VOL_06.pdf
1155,اشرف الہدایہ اردو شرح الہدایہ (جلد ہفتم),درجہ سادسہ,فقہ,اردو شرح,مولانا مفتی اشرف علی قاسمیؒ,https://archive.org/download/darrs1/ASHRAF_UL_HIDAYAH_VOL_07.pdf
1156,احسن الہدایہ اردو شرح الہدایہ (جلد چہارم),درجہ سادسہ,فقہ,اردو شرح,مولانا عبد الحلیم قاسمیؒ,https://archive.org/download/DarjaAlSadisa6thYear/AhsanUlHidayaVol4UrduSharhAlHidaya.pdf
1157,احسن الہدایہ اردو شرح الہدایہ (جلد پنجم),درجہ سادسہ,فقہ,اردو شرح,مولانا عبد الحلیم قاسمیؒ,https://archive.org/download/DarjaAlSadisa6thYear/AhsanUlHidayaVol5UrduSharhAlHidaya.pdf
1158,احسن الہدایہ اردو شرح الہدایہ (جلد ششم),درجہ سادسہ,فقہ,اردو شرح,مولانا عبد الحلیم قاسمیؒ,https://archive.org/download/DarjaAlSadisa6thYear/AhsanUlHidayaVol6UrduSharhAlHidaya.pdf
1159,احسن الہدایہ اردو شرح الہدایہ (جلد ہفتم),درجہ سادسہ,فقہ,اردو شرح,مولانا عبد الحلیم قاسمیؒ,https://archive.org/download/DarjaAlSadisa6thYear/AhsanUlHidayaVol7UrduSharhAlHidaya.pdf
1160,عین الہدایہ اردو شرح الہدایہ (جلد چہارم),درجہ سادسہ,فقہ,اردو شرح,مولانا سید امیر علیؒ,https://archive.org/download/DarjaAlSadisa6thYear/AinUlHidayaUrduSharhAlHidayaVol4.pdf
1161,عین الہدایہ اردو شرح الہدایہ (جلد پنجم),درجہ سادسہ,فقہ,اردو شرح,مولانا سید امیر علیؒ,https://archive.org/download/DarjaAlSadisa6thYear/AinUlHidayaUrduSharhAlHidayaVol5.pdf
1162,اصولِ ہدایت (جلد دوم),درجہ سادسہ,فقہ,اصول فقہ,مولانا عبد الرحمنؒ,https://archive.org/download/AlSadisah6thYear1/USOOL_E_HIDAYAH_VOL_02.pdf
1163,الہدایہ شرح بدایۃ المبتدی (جلد دوم),درجہ سادسہ,فقہ,اصل کتاب,امام برہان الدین المرغینانیؒ,https://archive.org/download/oct_22/AL_HIDAYAH_SHARH_BIDAYATUL_MUBTADI_VOL_02.pdf
1164,تشریح الہدایہ شرح الہدایہ (جلد اول),درجہ سادسہ,فقہ,اردو شرح,مولانا مفتی محمد عبد اللہؒ,https://archive.org/download/DarsENizamiDarjaSabeaaMaoqoofAlai7thYear01/TASHREEH_UL_HIDAYA_VOL_01.pdf
1165,تشریح الہدایہ شرح الہدایہ (جلد دوم),درجہ سادسہ,فقہ,اردو شرح,مولانا مفتی محمد عبد اللہؒ,https://archive.org/download/DarsENizamiDarjaSabeaaMaoqoofAlai7thYear01/TASHREEH_UL_HIDAYA_VOL_02.pdf
1166,تشریح الہدایہ شرح الہدایہ (جلد سوم),درجہ سادسہ,فقہ,اردو شرح,مولانا مفتی محمد عبد اللہؒ,https://archive.org/download/DarsENizamiDarjaSabeaaMaoqoofAlai7thYear01/TASHREEH_UL_HIDAYA_VOL_03.pdf
1167,تشریح الہدایہ شرح الہدایہ (جلد چہارم),درجہ سادسہ,فقہ,اردو شرح,مولانا مفتی محمد عبد اللہؒ,https://archive.org/download/DarsENizamiDarjaSabeaaMaoqoofAlai7thYear01/TASHREEH_UL_HIDAYA_VOL_04.pdf
1168,تشریح الہدایہ شرح الہدایہ (جلد پنجم),درجہ سادسہ,فقہ,اردو شرح,مولانا مفتی محمد عبد اللہؒ,https://archive.org/download/DarsENizamiDarjaSabeaaMaoqoofAlai7thYear01/TASHREEH_UL_HIDAYA_VOL_05.pdf
1169,تشریح الہدایہ شرح الہدایہ (جلد ششم),درجہ سادسہ,فقہ,اردو شرح,مولانا مفتی محمد عبد اللہؒ,https://archive.org/download/DarsENizamiDarjaSabeaaMaoqoofAlai7thYear01/TASHREEH_UL_HIDAYA_VOL_06.pdf
1170,تشریح الہدایہ شرح الہدایہ (جلد ہفتم),درجہ سادسہ,فقہ,اردو شرح,مولانا مفتی محمد عبد اللہؒ,https://archive.org/download/DarsENizamiDarjaSabeaaMaoqoofAlai7thYear01/TASHREEH_UL_HIDAYA_VOL_07.pdf
1171,تشریح الہدایہ شرح الہدایہ (جلد ہشتم),درجہ سادسہ,فقہ,اردو شرح,مولانا مفتی محمد عبد اللہؒ,https://archive.org/download/DarsENizamiDarjaSabeaaMaoqoofAlai7thYear01/TASHREEH_UL_HIDAYA_VOL_08.pdf
1172,تشریح الہدایہ شرح الہدایہ (جلد نہم),درجہ سادسہ,فقہ,اردو شرح,مولانا مفتی محمد عبد اللہؒ,https://archive.org/download/DarsENizamiDarjaSabeaaMaoqoofAlai7thYear01/TASHREEH_UL_HIDAYA_VOL_09.pdf
1173,تشریح الہدایہ شرح الہدایہ (جلد دہم),درجہ سادسہ,فقہ,اردو شرح,مولانا مفتی محمد عبد اللہؒ,https://archive.org/download/DarsENizamiDarjaSabeaaMaoqoofAlai7thYear01/TASHREEH_UL_HIDAYA_VOL_10.pdf
1174,تشریح الہدایہ شرح الہدایہ (جلد یازدہم),درجہ سادسہ,فقہ,اردو شرح,مولانا مفتی محمد عبد اللہؒ,https://archive.org/download/DarsENizamiDarjaSabeaaMaoqoofAlai7thYear01/TASHREEH_UL_HIDAYA_VOL_11.pdf
1175,العقائد النسفیۃ مع الفوائد الامدادیۃ,درجہ سادسہ,عقائد,اصل متن و شرح,علامہ نجم الدین عمر النسفیؒ / مولانا امداد اللہؒ,https://archive.org/download/DarjaAlSadisa6thYear/AL-AQAID-UN-NASAFIA-AL-FAWAID-UL-IMDADIYA.pdf
1176,شرح العقائد النسفیۃ,درجہ سادسہ,عقائد,اصل کتاب,علامہ سعد الدین مسعود بن عمر التفتازانیؒ,https://archive.org/download/DarjaAlSadisa6thYear/SHARH_UL_AQAID.pdf
1177,النبراس شرح شرح العقائد,درجہ سادسہ,عقائد,عربی شرح,علامہ عبد العزیز الفرہاریؒ,https://archive.org/download/BayanUlFawaid/Al%20Nibraas%20Arabic%20Sharh%20Sharh%20ul%20Aqaid.pdf
1178,الجواہر البہیۃ فی تراجم الحنفیۃ (جلد دوم),درجہ سادسہ,اخلاقیات,تاریخ و تراجم,علامہ عبد القادر بن محمد القرشی الحنفیؒ,https://archive.org/download/DarjaAlSadisa6thYear/AL-JAWAHIR-UL-BAHIYAH-VOL-02.pdf
1179,النکت والفوائد شرح شرح العقائد (عربی),درجہ سادسہ,عقائد,عربی حاشیہ,علامہ عبد الحکیم سیالکوٹیؒ,https://archive.org/download/DarjaAlSadisa6thYear/AL-NUKAT-WAL-FAWAID-SHARH-UL-AQAID-ARABIC.pdf
1180,الفرائد البہیۃ اردو شرح شرح العقائد,درجہ سادسہ,عقائد,اردو شرح,مولانا مفتی عبد الرؤف سکھرویؒ,https://archive.org/download/DarjaAlSadisa6thYear/AL_FARAID_UL_BAHIYAH_UR_SHRH_SHARH_UL_AQAID.pdf
1181,شمس الفوائد شرح شرح العقائد,درجہ سادسہ,عقائد,اردو شرح,مولانا شمس الحق قاسمیؒ,https://archive.org/download/AlSadisah6thYear1/SHAMSUL_FAWAID_SHARH_SHARHUL_AQAID.pdf
1182,بیان الفوائد اردو شرح شرح العقائد (جلد اول و دوم),درجہ سادسہ,عقائد,اردو شرح,مولانا مجیب اللہ گونڈویؒ,https://archive.org/download/BayanUlFawaid/Bayan%20ul%20Fawaid%20Sharh%20Urdu%20Sharh%20ul%20Aqaid%201%2C2%20By%20Maulana%20Mujibullah.pdf
1183,العقیدۃ الطحاویۃ (اردو ترجمہ و تشریح),درجہ سادسہ,عقائد,اردو شرح,امام ابو جعفر الطحاویؒ,https://archive.org/download/DarjaAlSadisa6thYear/AlAqidaAlTahawiaUrdu.pdf
1184,شرح العقیدۃ الطحاویۃ (عربی),درجہ سادسہ,عقائد,عربی شرح,علامہ ابن ابی العز الحنفیؒ,https://archive.org/download/AlSadisah6thYear1/SHARH_UL_AQIDAH_AL_TAHAWIYAH.pdf
1185,شرح الطحاویۃ للمیدانی,درجہ سادسہ,عقائد,عربی شرح,علامہ عبد الغنی المیدانی الدمشقیؒ,https://archive.org/download/besturdubooks2/Sharh_Tahawiya_Al_Maidani.pdf
1186,شرح عقیدۃ الطحاوی للغزنوی,درجہ سادسہ,عقائد,عربی شرح,علامہ سراج الدین عمر الغزنوی الحنفیؒ,https://archive.org/download/besturdubooks2/Sharh-Aqeeda-Al-Tahawi-Al-Ghaznavi.pdf
1187,العصیدۃ السماویۃ اردو شرح عقیدہ طحاویہ (جلد اول),درجہ سادسہ,عقائد,اردو شرح,مولانا مفتی رضا الحقؒ,https://archive.org/download/darul-uloom-zakariyya/AL_ASIDATUL_SAMAWIYAH_URDU_SHARHA_AL_AQEEDA_AL_TAHAWIA_VOL_01.pdf
1188,العصیدۃ السماویۃ اردو شرح عقیدہ طحاویہ (جلد دوم),درجہ سادسہ,عقائد,اردو شرح,مولانا مفتی رضا الحقؒ,https://archive.org/download/darul-uloom-zakariyya/AL_ASIDATUL_SAMAWIYAH_URDU_SHARHA_AL_AQEEDA_AL_TAHAWIA_VOL_02.pdf
1189,الوضاحۃ الکاملۃ اردو شرح العقیدۃ الطحاویۃ,درجہ سادسہ,عقائد,اردو شرح,مولانا عبد الرحیم قاسمیؒ,https://archive.org/download/DarjaAlSadisa6thYear/AlWazahatUlKamelaUrduSharhAlAqidaAlTahawia.pdf
1190,الدرس الحاوی اردو شرح العقیدۃ الطحاویۃ,درجہ سادسہ,عقائد,اردو شرح,مولانا مفتی عبد الرؤف سکھرویؒ,https://archive.org/download/DarjaAlSadisa6thYear/AlDarsUlHaviUrduSharhAlAqidaAlTahawia.pdf
1191,الفوائد الدارسیۃ اردو شرح العقیدۃ الطحاویۃ,درجہ سادسہ,عقائد,اردو شرح,مولانا محمد ظہورؒ,https://archive.org/download/DarjaAlSadisa6thYear/AlFawaidUdDarasiaUrduSharhAlAqidaAlTahawia.pdf
1192,تنظیم اللآلی شرح عقیدہ طحاویہ,درجہ سادسہ,عقائد,اردو شرح,مولانا مفتی عبد الرؤف سکھرویؒ,https://archive.org/download/AlSadisah6thYear1/TANZIM_UL_LUALI_SHARH_AQEEDA_TAHAWI.pdf
1193,جواہر الفرائد اردو شرح شرح العقائد,درجہ سادسہ,عقائد,اردو شرح,مولانا مفتی جمیل احمد سکروڈھویؒ,https://archive.org/download/DarjaAlSadisa6thYear/JawahirUlFaraidUrduSharhSharhUlAqaid.pdf
1194,کشف الفرائد اردو شرح شرح العقائد,درجہ سادسہ,عقائد,اردو شرح,مولانا عاشق الٰہی بلند شہریؒ,https://archive.org/download/DarjaAlSadisa6thYear/KashfUlFaraidUrduSharhSharhUlAqaid.pdf
1195,اشرف الفوائد اردو شرح شرح العقائد,درجہ سادسہ,عقائد,اردو شرح,مولانا مفتی اشرف علی قاسمیؒ,https://archive.org/download/DarjaAlSadisa6thYear/AshrafulFawaidUrduSharhSharhUlAqaid.pdf
1196,توضیح العقائد اردو شرح شرح العقائد,درجہ سادسہ,عقائد,اردو شرح,مولانا عبد الحلیم قاسمیؒ,https://archive.org/download/DarjaAlSadisa6thYear/TaozeehUlAqaidUrduSharhSharhUlAqaid.pdf
1197,نشر الفوائد اردو شرح شرح العقائد,درجہ سادسہ,عقائد,اردو شرح,مولانا انوار الحق قاسمیؒ,https://archive.org/download/DarjaAlSadisa6thYear/NashrUlFawaidUrduSharhSharhUlAqaid.pdf
1198,السراجی فی المیراث (مکتبہ رحمانیہ),درجہ سادسہ,فقہ,اصل کتاب,علامہ سراج الدین محمد بن محمد السجاوندیؒ,https://archive.org/download/DarjaAlSadisa6thYear/AlSirajiFilMerasRahmania.pdf
1199,کتاب الفرائض آسان سراجی,درجہ سادسہ,فقہ,اردو شرح و تسہیل,مولانا مفتی جمیل احمد سکروڈھویؒ,https://archive.org/download/AlSadisah6thYear1/KITAB_UL_FARAIZ_ASAN_SIRAJI.pdf
1200,افضل الراجی اردو شرح سراجی (جلد اول),درجہ سادسہ,فقہ,اردو شرح,مولانا افضل حسینؒ,https://archive.org/download/DarjaAlSadisa6thYear/AFZAL-UR-RAJI-URDU-SHARH-SIRAJI-VOL-1.pdf
1201,افضل الراجی اردو شرح سراجی (جلد دوم),درجہ سادسہ,فقہ,اردو شرح,مولانا افضل حسینؒ,https://archive.org/download/DarjaAlSadisa6thYear/AFZAL-UR-RAJI-URDU-SHARH-SIRAJI-VOL-2.pdf
1202,تلخیص الفرائض خلاصۂ سراجی,درجہ سادسہ,فقہ,اردو خلاصہ,مولانا عبد الرحیم قاسمیؒ,https://archive.org/download/AlSadisah6thYear1/TALKHEES_UL_FARAIZ_KHULASA_SIRAJI.pdf
1203,مشکوٰۃ السراج اردو شرح سراجی,درجہ سادسہ,فقہ,اردو شرح,مولانا مشتاق احمد چرتھاولیؒ,https://archive.org/download/DarjaAlSadisa6thYear/MishkatUsSirajUrduSharhSiraji.pdf
1204,درسِ سراجی اردو شرح السراجی,درجہ سادسہ,فقہ,اردو تقریر,مولانا محمد ظہورؒ,https://archive.org/download/DarjaAlSadisa6thYear/DarsESirajiUrduSharhAlSiraji.pdf
1205,طرازی شرح سراجی,درجہ سادسہ,فقہ,عربی شرح,علامہ سید محمود الطرازیؒ,https://archive.org/download/DarjaAlSadisa6thYear/TARAZI_SHARH_SIRAJI.pdf
1206,معین السراجی,درجہ سادسہ,فقہ,اردو شرح,مولانا معین الدینؒ,https://archive.org/download/BestUrduBooks917/MOEEN-US-SIRAJI.pdf
1207,العباسیۃ اردو شرح السراجی,درجہ سادسہ,فقہ,اردو شرح,مولانا مفتی عباس علیؒ,https://archive.org/download/DarjaAlSadisa6thYear/AlAbasiaUrduSharhAlSiraji.pdf
1208,المنحۃ الالہیۃ اردو شرح السراجی,درجہ سادسہ,فقہ,اردو شرح,مولانا مفتی عاشق الٰہی بلند شہریؒ,https://archive.org/download/DarjaAlSadisa6thYear/AlMinhatUlEilahiaUrduSharhAlSiraji.pdf
1209,تشریح السراجی اردو شرح السراجی,درجہ سادسہ,فقہ,اردو شرح,مولانا مفتی اشرف علی قاسمیؒ,https://archive.org/download/DarjaAlSadisa6thYear/TashrihUsSirajiUrduSharhAlSiraji.pdf
1210,تسہیل السراجی اردو شرح السراجی,درجہ سادسہ,فقہ,اردو شرح,مولانا عبد الحلیم قاسمیؒ,https://archive.org/download/DarjaAlSadisa6thYear/TasheelUsSirajiUrduSharhAlSiraji.pdf
1211,آسان میراث,درجہ سادسہ,فقہ,علم الفرائض,مولانا محمد عثمانؒ,https://archive.org/download/ASAANMIRAS/ASAAN%20MIRAS%20BY%20MAULANA%20MUHAMMED%20USMAN.pdf
1212,سراجی کا حساب,درجہ سادسہ,فقہ,علم الفرائض,مولانا محمد سلیمانؒ,https://archive.org/download/AlSadisah6thYear1/SIRAJI_KA_HISAB.pdf
1213,آدھے گھنٹے میں سراجی حل,درجہ سادسہ,فقہ,علم الفرائض,مولانا قاری محمد یاسینؒ,https://archive.org/download/AlSadisah6thYear1/AADHE_GANTE_ME_SIRAJI_HAL.pdf
1214,شرح دیوان الحماسہ (عربی),درجہ سادسہ,عربی ادب,عربی شرح,علامہ ابو علی احمد بن محمد المرزوقیؒ,https://archive.org/download/besturdubooks2/Sharh-Diwan-Al-Hamasa.pdf
1215,توضیح الدراسہ اردو شرح الحماسہ,درجہ سادسہ,عربی ادب,اردو شرح,مولانا مفتی عبد الرؤف سکھرویؒ,https://archive.org/download/DarjaAlSadisa6thYear/TaozeehUdDarasaUrduSharhAlHamasa.pdf
1216,مطر السماء اردو شرح الحماسہ,درجہ سادسہ,عربی ادب,اردو شرح,مولانا مفتی اشرف علی قاسمیؒ,https://archive.org/download/DarjaAlSadisa6thYear/MatarUsSamaUrduSharhAlHamasa.pdf
1217,الدرس الکافی اردو شرح متن الکافی,درجہ سادسہ,عربی ادب,علم العروض,مولانا مفتی عبد الرؤف سکھرویؒ,https://archive.org/download/DarjaAlSadisa6thYear/AlDarsUlKafiUrduSharhMatnUlKafi.pdf
1218,الشافی اردو شرح متن الکافی,درجہ سادسہ,عربی ادب,علم العروض,مولانا عاشق الٰہی بلند شہریؒ,https://archive.org/download/DarjaAlSadisa6thYear/AlShafiUrduSharhMatnUlKafi.pdf
1219,شرح اردو متن الکافی فی العروض والقوافی,درجہ سادسہ,عربی ادب,علم العروض,مولانا محمد ظہورؒ,https://archive.org/download/DarjaAlSadisa6thYear/SharhUrduMatnUlKafi.pdf
1220,تلخیص الفلکیات,درجہ سادسہ,اخلاقیات,علم الفلکیات,مولانا مفتی محمد عبد اللہؒ,https://archive.org/download/Besturdubooks317/TALKHEES-UL-FALKIAT.pdf
1221,حل شدہ پرچہ جات درجہ سادسہ (2021),درجہ سادسہ,امتحانات,حل شدہ پرچہ جات,وفاق المدارس العربیہ پاکستان,https://archive.org/download/DarjaAlSadisa6thYear/PARCHAJAAT_SADISAH_2021.pdf
1222,تفسیر البیضاوی (انوار التنزیل واسرار التاویل),درجہ سابعہ,تفسیر,اصل کتاب,امام قاضی ناصر الدین البیضاویؒ,https://archive.org/download/DarsENizamiDarjaSabeaaMaoqoofAlai7thYear01/COPY_TAFSEER_E_BAIZAWI.pdf
1223,حاشیہ علامہ سیالکوٹی علی البیضاوی,درجہ سابعہ,تفسیر,عربی حاشیہ,علامہ عبد الحکیم سیالکوٹیؒ,https://archive.org/download/DarsENizamiDarjaSabeaaMaoqoofAlai7thYear/HASHIA-SIALKOTI-ALAL-BAIZAWI.pdf
1224,حاشیہ القونوی علی تفسیر البیضاوی (جلد اول),درجہ سابعہ,تفسیر,عربی حاشیہ,علامہ عصام الدین القونویؒ,https://archive.org/download/HashiaAlQonaviAlBaizavi/Hashia_Al_Qonavi_Al_Baizavi_01.pdf
1225,حاشیہ القونوی علی تفسیر البیضاوی (جلد دوم),درجہ سابعہ,تفسیر,عربی حاشیہ,علامہ عصام الدین القونویؒ,https://archive.org/download/HashiaAlQonaviAlBaizavi/Hashia_Al_Qonavi_Al_Baizavi_02.pdf
1226,حاشیہ القونوی علی تفسیر البیضاوی (جلد سوم),درجہ سابعہ,تفسیر,عربی حاشیہ,علامہ عصام الدین القونویؒ,https://archive.org/download/HashiaAlQonaviAlBaizavi/Hashia_Al_Qonavi_Al_Baizavi_03.pdf
1227,حاشیہ القونوی علی تفسیر البیضاوی (جلد چہارم),درجہ سابعہ,تفسیر,عربی حاشیہ,علامہ عصام الدین القونویؒ,https://archive.org/download/HashiaAlQonaviAlBaizavi/Hashia_Al_Qonavi_Al_Baizavi_04.pdf
1228,حاشیہ القونوی علی تفسیر البیضاوی (جلد پنجم),درجہ سابعہ,تفسیر,عربی حاشیہ,علامہ عصام الدین القونویؒ,https://archive.org/download/HashiaAlQonaviAlBaizavi/Hashia_Al_Qonavi_Al_Baizavi_05.pdf
1229,حاشیہ القونوی علی تفسیر البیضاوی (جلد ششم),درجہ سابعہ,تفسیر,عربی حاشیہ,علامہ عصام الدین القونویؒ,https://archive.org/download/HashiaAlQonaviAlBaizavi/Hashia_Al_Qonavi_Al_Baizavi_06.pdf
1230,حاشیہ القونوی علی تفسیر البیضاوی (جلد ہفتم),درجہ سابعہ,تفسیر,عربی حاشیہ,علامہ عصام الدین القونویؒ,https://archive.org/download/HashiaAlQonaviAlBaizavi/Hashia_Al_Qonavi_Al_Baizavi_07.pdf
1231,حاشیہ القونوی علی تفسیر البیضاوی (جلد ہشتم),درجہ سابعہ,تفسیر,عربی حاشیہ,علامہ عصام الدین القونویؒ,https://archive.org/download/HashiaAlQonaviAlBaizavi/Hashia_Al_Qonavi_Al_Baizavi_08.pdf
1232,حاشیہ القونوی علی تفسیر البیضاوی (جلد نہم),درجہ سابعہ,تفسیر,عربی حاشیہ,علامہ عصام الدین القونویؒ,https://archive.org/download/HashiaAlQonaviAlBaizavi/Hashia_Al_Qonavi_Al_Baizavi_09.pdf
1233,حاشیہ القونوی علی تفسیر البیضاوی (جلد دہم),درجہ سابعہ,تفسیر,عربی حاشیہ,علامہ عصام الدین القونویؒ,https://archive.org/download/HashiaAlQonaviAlBaizavi/Hashia_Al_Qonavi_Al_Baizavi_10.pdf
1234,حاشیہ القونوی علی تفسیر البیضاوی (جلد یازدہم),درجہ سابعہ,تفسیر,عربی حاشیہ,علامہ عصام الدین القونویؒ,https://archive.org/download/HashiaAlQonaviAlBaizavi/Hashia_Al_Qonavi_Al_Baizavi_11.pdf
1235,حاشیہ القونوی علی تفسیر البیضاوی (جلد دوازدہم),درجہ سابعہ,تفسیر,عربی حاشیہ,علامہ عصام الدین القونویؒ,https://archive.org/download/HashiaAlQonaviAlBaizavi/Hashia_Al_Qonavi_Al_Baizavi_12.pdf
1236,حاشیہ القونوی علی تفسیر البیضاوی (جلد سیزدہم),درجہ سابعہ,تفسیر,عربی حاشیہ,علامہ عصام الدین القونویؒ,https://archive.org/download/HashiaAlQonaviAlBaizavi/Hashia_Al_Qonavi_Al_Baizavi_13.pdf
1237,حاشیہ القونوی علی تفسیر البیضاوی (جلد چہاردہم),درجہ سابعہ,تفسیر,عربی حاشیہ,علامہ عصام الدین القونویؒ,https://archive.org/download/HashiaAlQonaviAlBaizavi/Hashia_Al_Qonavi_Al_Baizavi_14.pdf
1238,حاشیہ القونوی علی تفسیر البیضاوی (جلد پانزدہم),درجہ سابعہ,تفسیر,عربی حاشیہ,علامہ عصام الدین القونویؒ,https://archive.org/download/HashiaAlQonaviAlBaizavi/Hashia_Al_Qonavi_Al_Baizavi_15.pdf
1239,حاشیہ القونوی علی تفسیر البیضاوی (جلد شانزدہم),درجہ سابعہ,تفسیر,عربی حاشیہ,علامہ عصام الدین القونویؒ,https://archive.org/download/HashiaAlQonaviAlBaizavi/Hashia_Al_Qonavi_Al_Baizavi_16.pdf
1240,حاشیہ القونوی علی تفسیر البیضاوی (جلد ہفدہم),درجہ سابعہ,تفسیر,عربی حاشیہ,علامہ عصام الدین القونویؒ,https://archive.org/download/HashiaAlQonaviAlBaizavi/Hashia_Al_Qonavi_Al_Baizavi_17.pdf
1241,حاشیہ القونوی علی تفسیر البیضاوی (جلد ہجدہم),درجہ سابعہ,تفسیر,عربی حاشیہ,علامہ عصام الدین القونویؒ,https://archive.org/download/HashiaAlQonaviAlBaizavi/Hashia_Al_Qonavi_Al_Baizavi_18.pdf
1242,حاشیہ القونوی علی تفسیر البیضاوی (جلد نوزدہم),درجہ سابعہ,تفسیر,عربی حاشیہ,علامہ عصام الدین القونویؒ,https://archive.org/download/HashiaAlQonaviAlBaizavi/Hashia_Al_Qonavi_Al_Baizavi_19.pdf
1243,حاشیہ القونوی علی تفسیر البیضاوی (جلد بیستم),درجہ سابعہ,تفسیر,عربی حاشیہ,علامہ عصام الدین القونویؒ,https://archive.org/download/HashiaAlQonaviAlBaizavi/Hashia_Al_Qonavi_Al_Baizavi_20.pdf
1244,حاشیہ شیخ زادہ علی تفسیر البیضاوی (جلد اول),درجہ سابعہ,تفسیر,عربی حاشیہ,علامہ محمد بن مصلح الدین شیخ زادہؒ,https://archive.org/download/HashiaShaykhZadaSharhAlBaizawi/Hashia_Shaykh_Zada_Sharh_Al_%20Baizawi_Vol_1.pdf
1245,حاشیہ شیخ زادہ علی تفسیر البیضاوی (جلد دوم),درجہ سابعہ,تفسیر,عربی حاشیہ,علامہ محمد بن مصلح الدین شیخ زادہؒ,https://archive.org/download/HashiaShaykhZadaSharhAlBaizawi/Hashia_Shaykh_Zada_Sharh_Al_%20Baizawi_Vol_2.pdf
1246,حاشیہ شیخ زادہ علی تفسیر البیضاوی (جلد سوم),درجہ سابعہ,تفسیر,عربی حاشیہ,علامہ محمد بن مصلح الدین شیخ زادہؒ,https://archive.org/download/HashiaShaykhZadaSharhAlBaizawi/Hashia_Shaykh_Zada_Sharh_Al_%20Baizawi_Vol_3.pdf
1247,حاشیہ شیخ زادہ علی تفسیر البیضاوی (جلد چہارم),درجہ سابعہ,تفسیر,عربی حاشیہ,علامہ محمد بن مصلح الدین شیخ زادہؒ,https://archive.org/download/HashiaShaykhZadaSharhAlBaizawi/Hashia_Shaykh_Zada_Sharh_Al_%20Baizawi_Vol_4.pdf
1248,حاشیہ شیخ زادہ علی تفسیر البیضاوی (جلد پنجم),درجہ سابعہ,تفسیر,عربی حاشیہ,علامہ محمد بن مصلح الدین شیخ زادہؒ,https://archive.org/download/HashiaShaykhZadaSharhAlBaizawi/Hashia_Shaykh_Zada_Sharh_Al_%20Baizawi_Vol_5.pdf
1249,حاشیہ شیخ زادہ علی تفسیر البیضاوی (جلد ششم),درجہ سابعہ,تفسیر,عربی حاشیہ,علامہ محمد بن مصلح الدین شیخ زادہؒ,https://archive.org/download/HashiaShaykhZadaSharhAlBaizawi/Hashia_Shaykh_Zada_Sharh_Al_%20Baizawi_Vol_6.pdf
1250,حاشیہ شیخ زادہ علی تفسیر البیضاوی (جلد ہفتم),درجہ سابعہ,تفسیر,عربی حاشیہ,علامہ محمد بن مصلح الدین شیخ زادہؒ,https://archive.org/download/HashiaShaykhZadaSharhAlBaizawi/Hashia_Shaykh_Zada_Sharh_Al_%20Baizawi_Vol_7.pdf
1251,حاشیہ شیخ زادہ علی تفسیر البیضاوی (جلد ہشتم),درجہ سابعہ,تفسیر,عربی حاشیہ,علامہ محمد بن مصلح الدین شیخ زادہؒ,https://archive.org/download/HashiaShaykhZadaSharhAlBaizawi/Hashia_Shaykh_Zada_Sharh_Al_%20Baizawi_Vol_8.pdf
1252,حاشیہ الشہاب الخفاجی علی تفسیر البیضاوی (جلد اول),درجہ سابعہ,تفسیر,عربی حاشیہ,علامہ شہاب الدین احمد الخفاجیؒ,https://archive.org/download/HashiaAlShihabAlBaizavi/Hashia_Al_Shihab_Al_Baizavi_1.pdf
1253,حاشیہ الشہاب الخفاجی علی تفسیر البیضاوی (جلد دوم),درجہ سابعہ,تفسیر,عربی حاشیہ,علامہ شہاب الدین احمد الخفاجیؒ,https://archive.org/download/HashiaAlShihabAlBaizavi/Hashia_Al_Shihab_Al_Baizavi_2.pdf
1254,حاشیہ الشہاب الخفاجی علی تفسیر البیضاوی (جلد سوم),درجہ سابعہ,تفسیر,عربی حاشیہ,علامہ شہاب الدین احمد الخفاجیؒ,https://archive.org/download/HashiaAlShihabAlBaizavi/Hashia_Al_Shihab_Al_Baizavi_3.pdf
1255,حاشیہ الشہاب الخفاجی علی تفسیر البیضاوی (جلد چہارم),درجہ سابعہ,تفسیر,عربی حاشیہ,علامہ شہاب الدین احمد الخفاجیؒ,https://archive.org/download/HashiaAlShihabAlBaizavi/Hashia_Al_Shihab_Al_Baizavi_4.pdf
1256,حاشیہ الشہاب الخفاجی علی تفسیر البیضاوی (جلد پنجم),درجہ سابعہ,تفسیر,عربی حاشیہ,علامہ شہاب الدین احمد الخفاجیؒ,https://archive.org/download/HashiaAlShihabAlBaizavi/Hashia_Al_Shihab_Al_Baizavi_5.pdf
1257,حاشیہ الشہاب الخفاجی علی تفسیر البیضاوی (جلد ششم),درجہ سابعہ,تفسیر,عربی حاشیہ,علامہ شہاب الدین احمد الخفاجیؒ,https://archive.org/download/HashiaAlShihabAlBaizavi/Hashia_Al_Shihab_Al_Baizavi_6.pdf
1258,حاشیہ الشہاب الخفاجی علی تفسیر البیضاوی (جلد ہفتم),درجہ سابعہ,تفسیر,عربی حاشیہ,علامہ شہاب الدین احمد الخفاجیؒ,https://archive.org/download/HashiaAlShihabAlBaizavi/Hashia_Al_Shihab_Al_Baizavi_7.pdf
1259,حاشیہ الشہاب الخفاجی علی تفسیر البیضاوی (جلد ہشتم),درجہ سابعہ,تفسیر,عربی حاشیہ,علامہ شہاب الدین احمد الخفاجیؒ,https://archive.org/download/HashiaAlShihabAlBaizavi/Hashia_Al_Shihab_Al_Baizavi_8.pdf
1260,تشریحاتِ نثاری فی تفسیر البیضاوی,درجہ سابعہ,تفسیر,اردو شرح,مولانا محمد نثار احمد قاسمیؒ,https://archive.org/download/maulana-m-nisar/TASHRIHAT_E_NISARI_FI_TAFSIR_AL_BAIZAWI.pdf
1261,تسہیل البیضاوی اردو شرح تفسیر البیضاوی,درجہ سابعہ,تفسیر,اردو شرح,مولانا عاشق الٰہی بلند شہریؒ,https://archive.org/download/DarsENizamiDarjaSabeaaMaoqoofAlai7thYear01/TASHEEL_E_BAIZAWI_URDU.pdf
1262,تقریرِ شاہی تفسیر البیضاوی,درجہ سابعہ,تفسیر,اردو تقریر,مولانا شاہ عبد الرحیمؒ,https://archive.org/download/DarsENizamiDarjaSabeaaMaoqoofAlai7thYear01/TAQRIR_E_SHAHI_TAFSIR_E_BAIZAWI.pdf
1263,درسِ بیضاوی اردو شرح تفسیر البیضاوی,درجہ سابعہ,تفسیر,اردو شرح,مولانا مفتی محمد عبد اللہؒ,https://archive.org/download/jun_21/DARS_E_BAIZAWI.pdf
1264,التقریر الحاوی اردو شرح تفسیر البیضاوی,درجہ سابعہ,تفسیر,اردو شرح,مولانا مفتی عبد الرؤف سکھرویؒ,https://archive.org/download/DarsENizamiDarjaSabeaaMaoqoofAlai7thYear/AlTaqreerUlHaviUrduSharhTafseerUlBaizavi.pdf
1265,النظر الحاوی اردو شرح تفسیر البیضاوی,درجہ سابعہ,تفسیر,اردو شرح,مولانا عبد الحلیم قاسمیؒ,https://archive.org/download/DarsENizamiDarjaSabeaaMaoqoofAlai7thYear/AlNazarUlHaviUrduSharhTafseerUlBaizavi.pdf
1266,مقدمہ شرح البیضاوی (جلد دوم),درجہ سابعہ,تفسیر,اصل کتاب,علامہ قاضی ناصر الدین البیضاویؒ,https://archive.org/download/DarsENizamiDarjaSabeaaMaoqoofAlai7thYear/MUQADDEMA-SHARH-UL-BAIZAWI-VOL-02.pdf
1267,الشرح الصافی اردو شرح تفسیر البیضاوی,درجہ سابعہ,تفسیر,اردو شرح,مولانا صفی اللہ قاسمیؒ,https://archive.org/download/DarsENizamiDarjaSabeaaMaoqoofAlai7thYear01/AL_SHARH_AL_SAFI_TAFSIR_E_BAIZAWI_URDU.pdf
1268,نسیم البیان اردو شرح التبیان فی علوم القرآن,درجہ سابعہ,تفسیر,علوم القرآن,مولانا مفتی عبد الرؤف سکھرویؒ,https://archive.org/download/DarsENizamiDarjaSabeaaMaoqoofAlai7thYear/NASEEM_UL_BAYAN_URDU_SHARH_AL_TIBYAN.pdf
1269,اللمعان اردو شرح التبیان فی علوم القرآن,درجہ سابعہ,تفسیر,علوم القرآن,مولانا عاشق الٰہی بلند شہریؒ,https://archive.org/download/DarsENizamiDarjaSabeaaMaoqoofAlai7thYear/AlLamaanUrduSharhAlTibyan.pdf
1270,مرقاۃ المفاتیح شرح مشکوٰۃ المصابیح (جلد اول),درجہ سابعہ,حدیث,عربی شرح,علامہ ملا علی القاریؒ,https://archive.org/download/MirqatUlMafateeh/Mirqat_Ul_Mafateeh_Vol_01.pdf
1271,مرقاۃ المفاتیح شرح مشکوٰۃ المصابیح (جلد دوم),درجہ سابعہ,حدیث,عربی شرح,علامہ ملا علی القاریؒ,https://archive.org/download/MirqatUlMafateeh/Mirqat_Ul_Mafateeh_Vol_02.pdf
1272,مرقاۃ المفاتیح شرح مشکوٰۃ المصابیح (جلد سوم),درجہ سابعہ,حدیث,عربی شرح,علامہ ملا علی القاریؒ,https://archive.org/download/MirqatUlMafateeh/Mirqat_Ul_Mafateeh_Vol_03.pdf
1273,مرقاۃ المفاتیح شرح مشکوٰۃ المصابیح (جلد چہارم),درجہ سابعہ,حدیث,عربی شرح,علامہ ملا علی القاریؒ,https://archive.org/download/MirqatUlMafateeh/Mirqat_Ul_Mafateeh_Vol_04.pdf
1274,مرقاۃ المفاتیح شرح مشکوٰۃ المصابیح (جلد پنجم),درجہ سابعہ,حدیث,عربی شرح,علامہ ملا علی القاریؒ,https://archive.org/download/MirqatUlMafateeh/Mirqat_Ul_Mafateeh_Vol_05.pdf
1275,مرقاۃ المفاتیح شرح مشکوٰۃ المصابیح (جلد ششم),درجہ سابعہ,حدیث,عربی شرح,علامہ ملا علی القاریؒ,https://archive.org/download/MirqatUlMafateeh/Mirqat_Ul_Mafateeh_Vol_06.pdf
1276,مرقاۃ المفاتیح شرح مشکوٰۃ المصابیح (جلد ہفتم),درجہ سابعہ,حدیث,عربی شرح,علامہ ملا علی القاریؒ,https://archive.org/download/MirqatUlMafateeh/Mirqat_Ul_Mafateeh_Vol_07.pdf
1277,مرقاۃ المفاتیح شرح مشکوٰۃ المصابیح (جلد ہشتم),درجہ سابعہ,حدیث,عربی شرح,علامہ ملا علی القاریؒ,https://archive.org/download/MirqatUlMafateeh/Mirqat_Ul_Mafateeh_Vol_08.pdf
1278,مرقاۃ المفاتیح شرح مشکوٰۃ المصابیح (جلد نہم),درجہ سابعہ,حدیث,عربی شرح,علامہ ملا علی القاریؒ,https://archive.org/download/MirqatUlMafateeh/Mirqat_Ul_Mafateeh_Vol_09.pdf
1279,مرقاۃ المفاتیح شرح مشکوٰۃ المصابیح (جلد دہم),درجہ سابعہ,حدیث,عربی شرح,علامہ ملا علی القاریؒ,https://archive.org/download/MirqatUlMafateeh/Mirqat_Ul_Mafateeh_Vol_10.pdf
1280,مرقاۃ المفاتیح شرح مشکوٰۃ المصابیح (جلد یازدہم),درجہ سابعہ,حدیث,عربی شرح,علامہ ملا علی القاریؒ,https://archive.org/download/MirqatUlMafateeh/Mirqat_Ul_Mafateeh_Vol_11.pdf
1281,مرقاۃ المفاتیح شرح مشکوٰۃ المصابیح (جلد دوازدہم),درجہ سابعہ,حدیث,عربی شرح,علامہ ملا علی القاریؒ,https://archive.org/download/MirqatUlMafateeh/Mirqat_Ul_Mafateeh_Vol_12.pdf
1282,التعلیق الصبیح علی مشکوٰۃ المصابیح (جلد اول),درجہ سابعہ,حدیث,عربی شرح,علامہ محمد ادریس کاندھلویؒ,https://archive.org/download/AlTaleeqAlSabeeh/Al-Taleeq-Al-Sabeeh-01.pdf
1283,التعلیق الصبیح علی مشکوٰۃ المصابیح (جلد دوم),درجہ سابعہ,حدیث,عربی شرح,علامہ محمد ادریس کاندھلویؒ,https://archive.org/download/AlTaleeqAlSabeeh/Al-Taleeq-Al-Sabeeh-02.pdf
1284,التعلیق الصبیح علی مشکوٰۃ المصابیح (جلد سوم),درجہ سابعہ,حدیث,عربی شرح,علامہ محمد ادریس کاندھلویؒ,https://archive.org/download/AlTaleeqAlSabeeh/Al-Taleeq-Al-Sabeeh-03.pdf
1285,التعلیق الصبیح علی مشکوٰۃ المصابیح (جلد چہارم),درجہ سابعہ,حدیث,عربی شرح,علامہ محمد ادریس کاندھلویؒ,https://archive.org/download/AlTaleeqAlSabeeh/Al-Taleeq-Al-Sabeeh-04.pdf
1286,المطیع شرح المصابیح (جلد دوم),درجہ سابعہ,حدیث,عربی شرح,علامہ مطیع اللہ البخاریؒ,https://archive.org/download/besturdubooks2/Al-Mateeh-Sharh-Al-Masabeeh-Vol-2.pdf
1287,التقریر الرفیع علی مشکوٰۃ المصابیح (جلد اول - عربی),درجہ سابعہ,حدیث,عربی شرح,علامہ عبد العلی بحر العلومؒ,https://archive.org/download/DarsENizamiDarjaSabeaaMaoqoofAlai7thYear/AlTaqreerUrRafeeVol1ArabicSharhMishkatUlMasabeeh.pdf
1288,التقریر الرفیع علی مشکوٰۃ المصابیح (جلد دوم - عربی),درجہ سابعہ,حدیث,عربی شرح,علامہ عبد العلی بحر العلومؒ,https://archive.org/download/DarsENizamiDarjaSabeaaMaoqoofAlai7thYear/AlTaqreerUrRafeeVol2ArabicSharhMishkatUlMasabeeh.pdf
1289,مشکوٰۃ المصابیح مع اردو ترجمہ و تشریح (جلد اول),درجہ سابعہ,حدیث,اردو ترجمہ و تشریح,امام ولی الدین محمد بن عبد اللہ الخطیب التبریزیؒ,https://archive.org/download/DarsENizamiDarjaSabeaaMaoqoofAlai7thYear/MishkatUlMasabeehUrduVol1.pdf
1290,مشکوٰۃ المصابیح مع اردو ترجمہ و تشریح (جلد دوم),درجہ سابعہ,حدیث,اردو ترجمہ و تشریح,امام ولی الدین محمد بن عبد اللہ الخطیب التبریزیؒ,https://archive.org/download/DarsENizamiDarjaSabeaaMaoqoofAlai7thYear/MishkatUlMasabeehUrduVol2.pdf
1291,مشکوٰۃ المصابیح مع اردو ترجمہ و تشریح (جلد سوم),درجہ سابعہ,حدیث,اردو ترجمہ و تشریح,امام ولی الدین محمد بن عبد اللہ الخطیب التبریزیؒ,https://archive.org/download/DarsENizamiDarjaSabeaaMaoqoofAlai7thYear/MishkatUlMasabeehUrduVol3.pdf
1292,نفحات التنقیح شرح اردو مشکوٰۃ المصابیح (جلد اول),درجہ سابعہ,حدیث,اردو شرح,مولانا مفتی عبد الرؤف سکھرویؒ,https://archive.org/download/DarsENizamiDarjaSabeaaMaoqoofAlai7thYear01/NAFAHAAT_AL_TANQEEH_SHARH_MISHKAT_VOL_01.pdf
1293,نفحات التنقیح شرح اردو مشکوٰۃ المصابیح (جلد دوم),درجہ سابعہ,حدیث,اردو شرح,مولانا مفتی عبد الرؤف سکھرویؒ,https://archive.org/download/DarsENizamiDarjaSabeaaMaoqoofAlai7thYear01/NAFAHAAT_AL_TANQEEH_SHARH_MISHKAT_VOL_02.pdf
1294,نفحات التنقیح شرح اردو مشکوٰۃ المصابیح (جلد سوم),درجہ سابعہ,حدیث,اردو شرح,مولانا مفتی عبد الرؤف سکھرویؒ,https://archive.org/download/DarsENizamiDarjaSabeaaMaoqoofAlai7thYear01/NAFAHAAT_AL_TANQEEH_SHARH_MISHKAT_VOL_03.pdf
1295,نفحات التنقیح شرح اردو مشکوٰۃ المصابیح (جلد چہارم),درجہ سابعہ,حدیث,اردو شرح,مولانا مفتی عبد الرؤف سکھرویؒ,https://archive.org/download/DarsENizamiDarjaSabeaaMaoqoofAlai7thYear01/NAFAHAAT_AL_TANQEEH_SHARH_MISHKAT_VOL_04.pdf
1296,نفحات التنقیح شرح اردو مشکوٰۃ المصابیح (جلد پنجم),درجہ سابعہ,حدیث,اردو شرح,مولانا مفتی عبد الرؤف سکھرویؒ,https://archive.org/download/DarsENizamiDarjaSabeaaMaoqoofAlai7thYear01/NAFAHAAT_AL_TANQEEH_SHARH_MISHKAT_VOL_05.pdf
1297,نفحات التنقیح شرح اردو مشکوٰۃ المصابیح (جلد ششم),درجہ سابعہ,حدیث,اردو شرح,مولانا مفتی عبد الرؤف سکھرویؒ,https://archive.org/download/DarsENizamiDarjaSabeaaMaoqoofAlai7thYear01/NAFAHAAT_AL_TANQEEH_SHARH_MISHKAT_VOL_06.pdf
1298,اشرف التوضیح اردو تقریر مشکوٰۃ المصابیح (جلد اول),درجہ سابعہ,حدیث,اردو تقریر,مولانا مفتی اشرف علی قاسمیؒ,https://archive.org/download/DarsENizamiDarjaSabeaaMaoqoofAlai7thYear/AshrafUtTaozeehVol1UrduTaqreerMishkatUlMasabeeh.pdf
1299,اشرف التوضیح اردو تقریر مشکوٰۃ المصابیح (جلد دوم),درجہ سابعہ,حدیث,اردو تقریر,مولانا مفتی اشرف علی قاسمیؒ,https://archive.org/download/DarsENizamiDarjaSabeaaMaoqoofAlai7thYear/AshrafUtTaozeehVol2UrduTaqreerMishkatUlMasabeeh.pdf
1300,اشرف التوضیح اردو تقریر مشکوٰۃ المصابیح (جلد سوم),درجہ سابعہ,حدیث,اردو تقریر,مولانا مفتی اشرف علی قاسمیؒ,https://archive.org/download/DarsENizamiDarjaSabeaaMaoqoofAlai7thYear/AshrafUtTaozeehVol3UrduTaqreerMishkatUlMasabeeh.pdf
1301,اشرف التوضیح اردو تقریر مشکوٰۃ المصابیح (جلد چہارم),درجہ سابعہ,حدیث,اردو تقریر,مولانا مفتی اشرف علی قاسمیؒ,https://archive.org/download/DarsENizamiDarjaSabeaaMaoqoofAlai7thYear/Ashraf%20ut%20Taozeeh%20Vol%204%20Urdu%20Taqreer%20Mishkat%20ul%20Masabeeh.pdf
1302,اسعد المفاتیح اردو شرح مشکوٰۃ المصابیح (جلد اول),درجہ سابعہ,حدیث,اردو شرح,مولانا مفتی اسعد اللہ رامپوریؒ,https://archive.org/download/DarsENizamiDarjaSabeaaMaoqoofAlai7thYear/AsaadUlMafateehVol1UrduSharhMishkatUlMasabeeh.pdf
1303,اسعد المفاتیح اردو شرح مشکوٰۃ المصابیح (جلد دوم),درجہ سابعہ,حدیث,اردو شرح,مولانا مفتی اسعد اللہ رامپوریؒ,https://archive.org/download/DarsENizamiDarjaSabeaaMaoqoofAlai7thYear/AsaadUlMafateehVol2UrduSharhMishkatUlMasabeeh.pdf
1304,خیر المفاتیح اردو شرح مشکوٰۃ المصابیح (جلد اول),درجہ سابعہ,حدیث,اردو شرح,مولانا خیر محمد جالندھریؒ,https://archive.org/download/DarsENizamiDarjaSabeaaMaoqoofAlai7thYear/KhairUlMafateehVol1UrduSharhMishkatUlMasabeeh.pdf
1305,خیر المفاتیح اردو شرح مشکوٰۃ المصابیح (جلد دوم),درجہ سابعہ,حدیث,اردو شرح,مولانا خیر محمد جالندھریؒ,https://archive.org/download/DarsENizamiDarjaSabeaaMaoqoofAlai7thYear/KhairUlMafateehVol2UrduSharhMishkatUlMasabeeh.pdf
1306,خیر المفاتیح اردو شرح مشکوٰۃ المصابیح (جلد سوم),درجہ سابعہ,حدیث,اردو شرح,مولانا خیر محمد جالندھریؒ,https://archive.org/download/DarsENizamiDarjaSabeaaMaoqoofAlai7thYear/KhairUlMafateehVol3UrduSharhMishkatUlMasabeeh.pdf
1307,خیر المفاتیح اردو شرح مشکوٰۃ المصابیح (جلد چہارم),درجہ سابعہ,حدیث,اردو شرح,مولانا خیر محمد جالندھریؒ,https://archive.org/download/DarsENizamiDarjaSabeaaMaoqoofAlai7thYear/KhairUlMafateehVol4UrduSharhMishkatUlMasabeeh.pdf
1308,خیر المفاتیح اردو شرح مشکوٰۃ المصابیح (جلد پنجم),درجہ سابعہ,حدیث,اردو شرح,مولانا خیر محمد جالندھریؒ,https://archive.org/download/DarsENizamiDarjaSabeaaMaoqoofAlai7thYear/KhairUlMafateehVol5UrduSharhMishkatUlMasabeeh.pdf
1309,خیر المفاتیح اردو شرح مشکوٰۃ المصابیح (جلد ششم),درجہ سابعہ,حدیث,اردو شرح,مولانا خیر محمد جالندھریؒ,https://archive.org/download/DarsENizamiDarjaSabeaaMaoqoofAlai7thYear/KhairUlMafateehVol6UrduSharhMishkatUlMasabeeh.pdf
1310,توضیحات اردو شرح مشکوٰۃ المصابیح (جلد اول),درجہ سابعہ,حدیث,اردو شرح,مولانا عبد الحلیم قاسمیؒ,https://archive.org/download/DarsENizamiDarjaSabeaaMaoqoofAlai7thYear/TaozihaatVol1UrduSharhMishkatUlMasabeeh.pdf
1311,توضیحات اردو شرح مشکوٰۃ المصابیح (جلد دوم),درجہ سابعہ,حدیث,اردو شرح,مولانا عبد الحلیم قاسمیؒ,https://archive.org/download/DarsENizamiDarjaSabeaaMaoqoofAlai7thYear/TaozihaatVol2UrduSharhMishkatUlMasabeeh.pdf
1312,توضیحات اردو شرح مشکوٰۃ المصابیح (جلد سوم),درجہ سابعہ,حدیث,اردو شرح,مولانا عبد الحلیم قاسمیؒ,https://archive.org/download/DarsENizamiDarjaSabeaaMaoqoofAlai7thYear/TaozihaatVol3UrduSharhMishkatUlMasabeeh.pdf
1313,توضیحات اردو شرح مشکوٰۃ المصابیح (جلد چہارم),درجہ سابعہ,حدیث,اردو شرح,مولانا عبد الحلیم قاسمیؒ,https://archive.org/download/DarsENizamiDarjaSabeaaMaoqoofAlai7thYear/TaozihaatVol4UrduSharhMishkatUlMasabeeh.pdf
1314,توضیحات اردو شرح مشکوٰۃ المصابیح (جلد پنجم),درجہ سابعہ,حدیث,اردو شرح,مولانا عبد الحلیم قاسمیؒ,https://archive.org/download/DarsENizamiDarjaSabeaaMaoqoofAlai7thYear/TaozihaatVol5UrduSharhMishkatUlMasabeeh.pdf
1315,توضیحات اردو شرح مشکوٰۃ المصابیح (جلد ششم),درجہ سابعہ,حدیث,اردو شرح,مولانا عبد الحلیم قاسمیؒ,https://archive.org/download/DarsENizamiDarjaSabeaaMaoqoofAlai7thYear/TaozihaatVol6UrduSharhMishkatUlMasabeeh.pdf
1316,توضیحات اردو شرح مشکوٰۃ المصابیح (جلد ہفتم),درجہ سابعہ,حدیث,اردو شرح,مولانا عبد الحلیم قاسمیؒ,https://archive.org/download/DarsENizamiDarjaSabeaaMaoqoofAlai7thYear/TaozihaatVol7UrduSharhMishkatUlMasabeeh.pdf
1317,توضیحات اردو شرح مشکوٰۃ المصابیح (جلد ہشتم),درجہ سابعہ,حدیث,اردو شرح,مولانا عبد الحلیم قاسمیؒ,https://archive.org/download/DarsENizamiDarjaSabeaaMaoqoofAlai7thYear/TaozihaatVol8UrduSharhMishkatUlMasabeeh.pdf
1318,ایضاح المشکوٰۃ اردو شرح مشکوٰۃ المصابیح (جلد اول),درجہ سابعہ,حدیث,اردو شرح,مولانا عاشق الٰہی بلند شہریؒ,https://archive.org/download/151119/EIZAHUL_MISHKAT_VOL_01.pdf
1319,ایضاح المشکوٰۃ اردو شرح مشکوٰۃ المصابیح (جلد دوم),درجہ سابعہ,حدیث,اردو شرح,مولانا عاشق الٰہی بلند شہریؒ,https://archive.org/download/151119/EIZAHUL_MISHKAT_VOL_02.pdf
1320,ایضاح المشکوٰۃ اردو شرح مشکوٰۃ المصابیح (جلد سوم و چہارم - مکمل),درجہ سابعہ,حدیث,اردو شرح,مولانا عاشق الٰہی بلند شہریؒ,https://archive.org/download/151119/EIZAHUL_MISHKAT_VOL_03_04.pdf
1321,مظاہرِ حق جدید اردو شرح مشکوٰۃ المصابیح (جلد اول),درجہ سابعہ,حدیث,اردو شرح,علامہ نواب قطب الدین خان دہلویؒ / مولانا عبد اللہؒ,https://archive.org/download/DarsENizamiDarjaSabeaaMaoqoofAlai7thYear/MuzaherEHaqVol1UrduSharhMishkatUlMasabeeh.pdf
1322,مظاہرِ حق جدید اردو شرح مشکوٰۃ المصابیح (جلد دوم),درجہ سابعہ,حدیث,اردو شرح,علامہ نواب قطب الدین خان دہلویؒ / مولانا عبد اللہؒ,https://archive.org/download/DarsENizamiDarjaSabeaaMaoqoofAlai7thYear/MuzaherEHaqVol2UrduSharhMishkatUlMasabeeh.pdf
1323,مظاہرِ حق جدید اردو شرح مشکوٰۃ المصابیح (جلد سوم),درجہ سابعہ,حدیث,اردو شرح,علامہ نواب قطب الدین خان دہلویؒ / مولانا عبد اللہؒ,https://archive.org/download/DarsENizamiDarjaSabeaaMaoqoofAlai7thYear/MuzaherEHaqVol3UrduSharhMishkatUlMasabeeh.pdf
1324,مظاہرِ حق جدید اردو شرح مشکوٰۃ المصابیح (جلد چہارم),درجہ سابعہ,حدیث,اردو شرح,علامہ نواب قطب الدین خان دہلویؒ / مولانا عبد اللہؒ,https://archive.org/download/DarsENizamiDarjaSabeaaMaoqoofAlai7thYear/MuzaherEHaqVol4UrduSharhMishkatUlMasabeeh.pdf
1325,مظاہرِ حق جدید اردو شرح مشکوٰۃ المصابیح (جلد پنجم),درجہ سابعہ,حدیث,اردو شرح,علامہ نواب قطب الدین خان دہلویؒ / مولانا عبد اللہؒ,https://archive.org/download/DarsENizamiDarjaSabeaaMaoqoofAlai7thYear/MuzaherEHaqVol5UrduSharhMishkatUlMasabeeh.pdf
1326,تحفۃ المرآۃ دروسِ مشکوٰۃ,درجہ سابعہ,حدیث,اردو تقریر,مولانا مفتی عبد الرؤف سکھرویؒ,https://archive.org/download/DarsENizamiDarjaSabeaaMaoqoofAlai7thYear01/TOHFA_TUL_MIRAT_DUROOS_MISHKAT.pdf
1327,درسِ مشکوٰۃ جدید (جلد اول),درجہ سابعہ,حدیث,اردو تقریر,مولانا محمد ظہورؒ,https://archive.org/download/DarsENizamiDarjaSabeaaMaoqoofAlai7thYear/DarsEMishkatJadeedVol1UrduSharhMishkatUlMasabeeh.pdf
1328,درسِ مشکوٰۃ جدید (جلد دوم),درجہ سابعہ,حدیث,اردو تقریر,مولانا محمد ظہورؒ,https://archive.org/download/DarsENizamiDarjaSabeaaMaoqoofAlai7thYear/DarsEMishkatJadeedVol2UrduSharhMishkatUlMasabeeh.pdf
1329,درسِ مشکوٰۃ کامل اردو شرح مشکوٰۃ المصابیح (جلد اول),درجہ سابعہ,حدیث,اردو شرح و افادات,مولانا مفتی محمد تقی عثمانی مدظلہم,https://archive.org/download/DarsENizamiDarjaSabeaaMaoqoofAlai7thYear/DarsEMishkatKamilVol1UrduSharhMishkatUlMasabeeh.pdf
1330,درسِ مشکوٰۃ کامل اردو شرح مشکوٰۃ المصابیح (جلد دوم),درجہ سابعہ,حدیث,اردو شرح و افادات,مولانا مفتی محمد تقی عثمانی مدظلہم,https://archive.org/download/DarsENizamiDarjaSabeaaMaoqoofAlai7thYear/DarsEMishkatKamilVol2UrduSharhMishkatUlMasabeeh.pdf
1331,درسِ مشکوٰۃ کامل اردو شرح مشکوٰۃ المصابیح (جلد سوم),درجہ سابعہ,حدیث,اردو شرح و افادات,مولانا مفتی محمد تقی عثمانی مدظلہم,https://archive.org/download/DarsENizamiDarjaSabeaaMaoqoofAlai7thYear/DarsEMishkatKamilVol3UrduSharhMishkatUlMasabeeh.pdf
1332,ضیاء الصبیح اردو شرح مشکوٰۃ المصابیح,درجہ سابعہ,حدیث,اردو شرح,مولانا ضیاء الحق قاسمیؒ,https://archive.org/download/DarsENizamiDarjaSabeaaMaoqoofAlai7thYear/ZiaUsSabeehUrduSharhMishkatUlMasabeeh.pdf
1333,مصفاۃ الینابیع اردو شرح مشکوٰۃ المصابیح (جلد اول),درجہ سابعہ,حدیث,اردو شرح,مولانا مفتی محمد عبد اللہؒ,https://archive.org/download/DarsENizamiDarjaSabeaaMaoqoofAlai7thYear01/MISFATUL_YANABEE_VOL_01.pdf
1334,فیوضات شرح مشکوٰۃ المصابیح (جلد اول),درجہ سابعہ,حدیث,اردو شرح,مولانا محمد فیض احمد قاسمیؒ,https://archive.org/download/dec_22/FUYOOZAT_SHARH_E_MISHKAT_VOL_01.pdf
1335,فیضِ مشکوٰۃ اردو شرح مشکوٰۃ المصابیح (جلد اول),درجہ سابعہ,حدیث,اردو شرح,مولانا فیض الرحمن قاسمیؒ,https://archive.org/download/DarsENizamiDarjaSabeaaMaoqoofAlai7thYear01/FAIZ_E_MISHKAT_URDU_SHARH_MISHKAT_VOL_01.pdf
1336,فیضِ مشکوٰۃ اردو شرح مشکوٰۃ المصابیح (جلد دوم),درجہ سابعہ,حدیث,اردو شرح,مولانا فیض الرحمن قاسمیؒ,https://archive.org/download/DarsENizamiDarjaSabeaaMaoqoofAlai7thYear01/FAIZ_E_MISHKAT_URDU_SHARH_MISHKAT_VOL_02.pdf
1337,فیضِ مشکوٰۃ اردو شرح مشکوٰۃ المصابیح (جلد سوم),درجہ سابعہ,حدیث,اردو شرح,مولانا فیض الرحمن قاسمیؒ,https://archive.org/download/DarsENizamiDarjaSabeaaMaoqoofAlai7thYear01/FAIZ_E_MISHKAT_URDU_SHARH_MISHKAT_VOL_03.pdf
1338,فیضِ مشکوٰۃ اردو شرح مشکوٰۃ المصابیح (جلد چہارم),درجہ سابعہ,حدیث,اردو شرح,مولانا فیض الرحمن قاسمیؒ,https://archive.org/download/DarsENizamiDarjaSabeaaMaoqoofAlai7thYear01/FAIZ_E_MISHKAT_URDU_SHARH_MISHKAT_VOL_04.pdf
1339,فیضِ مشکوٰۃ اردو شرح مشکوٰۃ المصابیح (جلد پنجم),درجہ سابعہ,حدیث,اردو شرح,مولانا فیض الرحمن قاسمیؒ,https://archive.org/download/DarsENizamiDarjaSabeaaMaoqoofAlai7thYear01/FAIZ_E_MISHKAT_URDU_SHARH_MISHKAT_VOL_05.pdf
1340,فیضِ مشکوٰۃ اردو شرح مشکوٰۃ المصابیح (جلد ہشتم),درجہ سابعہ,حدیث,اردو شرح,مولانا فیض الرحمن قاسمیؒ,https://archive.org/download/DarsENizamiDarjaSabeaaMaoqoofAlai7thYear01/FAIZ_E_MISHKAT_URDU_SHARH_MISHKAT_VOL_08.pdf
1341,فیضِ مشکوٰۃ اردو شرح مشکوٰۃ المصابیح (جلد یازدہم),درجہ سابعہ,حدیث,اردو شرح,مولانا فیض الرحمن قاسمیؒ,https://archive.org/download/DarsENizamiDarjaSabeaaMaoqoofAlai7thYear01/FAIZ_E_MISHKAT_URDU_SHARH_MISHKAT_VOL_11.pdf
1342,نزہۃ النظر فی توضیح نخبۃ الفکر (عربی),درجہ سابعہ,حدیث,اصل کتاب و شرح,حافظ ابن حجر العسقلانیؒ,https://archive.org/download/DarsENizamiDarjaSabeaaMaoqoofAlai7thYear01/NUDHRATUN_NAZAR_SHARH_NUKHBATUL_FIKAR.pdf
1343,تحفۃ القمر اردو شرح نزہۃ النظر,درجہ سابعہ,حدیث,اصول حدیث,مولانا قمر الدین قاسمیؒ,https://archive.org/download/DarsENizamiDarjaSabeaaMaoqoofAlai7thYear01/TUHFAT_UL_QAMAR_URDU_SHARH_NUZHATUN_NAZAR.pdf
1344,تسہیل النظر فی شرح نخبۃ الفکر,درجہ سابعہ,حدیث,اصول حدیث,مولانا عبد الرحیم قاسمیؒ,https://archive.org/download/DarsENizamiDarjaSabeaaMaoqoofAlai7thYear01/TASHEEL_UN_NAZAR.pdf
1345,شرح اردو نخبۃ الفکر فی مصطلح اہل الاثر,درجہ سابعہ,حدیث,اصول حدیث,مولانا محمد ظہورؒ,https://archive.org/download/DarsENizamiDarjaSabeaaMaoqoofAlai7thYear/SHARH_URDU_NUHBA_TUL_FIKAR.pdf
1346,وسیلۃ الظفر اردو شرح نخبۃ الفکر,درجہ سابعہ,حدیث,اصول حدیث,مولانا مفتی ظفر احمد عثمانیؒ,https://archive.org/download/BestUrduBooks717/WASILAT-UZ-ZAFAR-URDU-SHARH-NUKHBAT-UL-FIKR.pdf
1347,قطرۃ العطر اردو شرح نخبۃ الفکر,درجہ سابعہ,حدیث,اصول حدیث,مولانا مفتی عبد الرؤف سکھرویؒ,https://archive.org/download/DarsENizamiDarjaSabeaaMaoqoofAlai7thYear/QatratUlEtarUrduSharhNuhbatUlFikar.pdf
1348,بہجۃ الدرر اردو شرح نخبۃ الفکر,درجہ سابعہ,حدیث,اصول حدیث,مولانا مفتی اشرف علی قاسمیؒ,https://archive.org/download/DarsENizamiDarjaSabeaaMaoqoofAlai7thYear/BahjatUdDurarUrduSharhNuhbatUlFikar.pdf
1349,تحفۃ الدرر اردو شرح نخبۃ الفکر,درجہ سابعہ,حدیث,اصول حدیث,مولانا عاشق الٰہی بلند شہریؒ,https://archive.org/download/DarsENizamiDarjaSabeaaMaoqoofAlai7thYear/TohfatUdDurarUrduSharhNuhbatUlFikar.pdf
1350,عمدۃ النظر اردو شرح نخبۃ الفکر,درجہ سابعہ,حدیث,اصول حدیث,مولانا عبد الحلیم قاسمیؒ,https://archive.org/download/DarsENizamiDarjaSabeaaMaoqoofAlai7thYear/UmdatUnNazarUrduSharhNuhbatUlFikar.pdf
1351,صلوۃ القربۃ اردو شرح نخبۃ الفکر,درجہ سابعہ,حدیث,اصول حدیث,مولانا مشتاق احمد چرتھاولیؒ,https://archive.org/download/DarsENizamiDarjaSabeaaMaoqoofAlai7thYear/SalatUlQurbahUrduSharhNuhbatUlFikar.pdf
1352,آسان اصطلاحاتِ حدیث,درجہ سابعہ,حدیث,اصول حدیث,مولانا محمد عثمان قاسمیؒ,https://archive.org/download/www.besturdubooks.net/ASAN-ISTELAHAAT-E-HADEES.pdf
1353,مبادیاتِ حدیث,درجہ سابعہ,حدیث,اصول حدیث,مولانا مفتی عبد الرؤف سکھرویؒ,https://archive.org/download/Besturdubooks317/MABADIYAT-HADITH.pdf
1354,نخبۃ الفکر کی آسان درسی شرح,درجہ سابعہ,حدیث,اصول حدیث,مولانا انوار الحق قاسمیؒ,https://archive.org/download/DarsENizamiDarjaSabeaaMaoqoofAlai7thYear01/SHARH_NUKHBA_TUL_FIKAR_KI_ASAN_SHARH.pdf
1355,نور القمر شرح نزہۃ النظر,درجہ سابعہ,حدیث,اصول حدیث,مولانا نور الہدیٰ قاسمیؒ,https://archive.org/download/DarsENizamiDarjaSabeaaMaoqoofAlai7thYear01/NOORUL_QAMAR_SHARH_NUZHATUN_NAZAR.pdf
1356,شرح نزہۃ النظر فی توضیح نخبۃ الفکر,درجہ سابعہ,حدیث,اصول حدیث,مولانا مفتی عبد الرؤف سکھرویؒ,https://archive.org/download/DarsENizamiDarjaSabeaaMaoqoofAlai7thYear01/SHARH_NUZHA_TUN_NAZAR.pdf
1357,ایمان النظر عربی شرح شرح نخبۃ الفکر,درجہ سابعہ,حدیث,اصول حدیث,علامہ محمد بن اسماعیل الصنعانیؒ,https://archive.org/download/DarsENizamiDarjaSabeaaMaoqoofAlai7thYear01/IMAAN_UN_NAZAR_ARABIC_SHARH_SHARH_E_NUKHBAH.pdf
1358,بہجۃ النظر عربی شرح شرح نخبۃ الفکر,درجہ سابعہ,حدیث,اصول حدیث,علامہ علی بن سلطان القاریؒ,https://archive.org/download/DarsENizamiDarjaSabeaaMaoqoofAlai7thYear01/BAHJAH_TUN_NAZAR_ARABIC_SHARH_SHARH_E_NUKHBAH.pdf
1359,ہدایہ پر اعتراضات کا علمی جائزہ,درجہ سابعہ,فقہ,تحقیقی جائزہ,مولانا مفتی عبد الواحدؒ,https://archive.org/download/jan_23/HIDAYA_PAR_ITRAZAAT_KA_JAIZA.pdf
1360,احسن الہدایہ اردو شرح الہدایہ (جلد ہشتم),درجہ سابعہ,فقہ,اردو شرح,مولانا عبد الحلیم قاسمیؒ,https://archive.org/download/DarsENizamiDarjaSabeaaMaoqoofAlai7thYear/AhsanUlHidayaVol8UrduSharhAlHidaya.pdf
1361,احسن الہدایہ اردو شرح الہدایہ (جلد نہم),درجہ سابعہ,فقہ,اردو شرح,مولانا عبد الحلیم قاسمیؒ,https://archive.org/download/DarsENizamiDarjaSabeaaMaoqoofAlai7thYear/AhsanUlHidayaVol9UrduSharhAlHidaya.pdf
1362,احسن الہدایہ اردو شرح الہدایہ (جلد دہم),درجہ سابعہ,فقہ,اردو شرح,مولانا عبد الحلیم قاسمیؒ,https://archive.org/download/DarsENizamiDarjaSabeaaMaoqoofAlai7thYear/AhsanUlHidayaVol10UrduSharhAlHidaya.pdf
1363,احسن الہدایہ اردو شرح الہدایہ (جلد یازدہم),درجہ سابعہ,فقہ,اردو شرح,مولانا عبد الحلیم قاسمیؒ,https://archive.org/download/DarsENizamiDarjaSabeaaMaoqoofAlai7thYear/AhsanUlHidayaVol11UrduSharhAlHidaya.pdf
1364,احسن الہدایہ اردو شرح الہدایہ (جلد دوازدہم),درجہ سابعہ,فقہ,اردو شرح,مولانا عبد الحلیم قاسمیؒ,https://archive.org/download/DarsENizamiDarjaSabeaaMaoqoofAlai7thYear/AhsanUlHidayaVol12UrduSharhAlHidaya.pdf
1365,احسن الہدایہ اردو شرح الہدایہ (جلد سیزدہم),درجہ سابعہ,فقہ,اردو شرح,مولانا عبد الحلیم قاسمیؒ,https://archive.org/download/DarsENizamiDarjaSabeaaMaoqoofAlai7thYear/AhsanUlHidayaVol13UrduSharhAlHidaya.pdf
1366,احسن الہدایہ اردو شرح الہدایہ (جلد چہاردہم),درجہ سابعہ,فقہ,اردو شرح,مولانا عبد الحلیم قاسمیؒ,https://archive.org/download/DarsENizamiDarjaSabeaaMaoqoofAlai7thYear/AhsanUlHidayaVol14UrduSharhAlHidaya.pdf
1367,احسن الہدایہ اردو شرح الہدایہ (جلد پانزدہم),درجہ سابعہ,فقہ,اردو شرح,مولانا عبد الحلیم قاسمیؒ,https://archive.org/download/DarsENizamiDarjaSabeaaMaoqoofAlai7thYear/AhsanUlHidayaVol15UrduSharhAlHidaya.pdf
1368,احسن الہدایہ اردو شرح الہدایہ (جلد شانزدہم),درجہ سابعہ,فقہ,اردو شرح,مولانا عبد الحلیم قاسمیؒ,https://archive.org/download/DarsENizamiDarjaSabeaaMaoqoofAlai7thYear/AhsanUlHidayaVol16UrduSharhAlHidaya.pdf
1369,اشرف الہدایہ اردو شرح الہدایہ (جلد ہشتم),درجہ سابعہ,فقہ,اردو شرح,مولانا مفتی اشرف علی قاسمیؒ,https://archive.org/download/darrs1/ASHRAF_UL_HIDAYAH_VOL_08.pdf
1370,اشرف الہدایہ اردو شرح الہدایہ (جلد نہم),درجہ سابعہ,فقہ,اردو شرح,مولانا مفتی اشرف علی قاسمیؒ,https://archive.org/download/darrs1/ASHRAF_UL_HIDAYAH_VOL_09.pdf
1371,اشرف الہدایہ اردو شرح الہدایہ (جلد دہم),درجہ سابعہ,فقہ,اردو شرح,مولانا مفتی اشرف علی قاسمیؒ,https://archive.org/download/darrs1/ASHRAF_UL_HIDAYAH_VOL_10.pdf
1372,اشرف الہدایہ اردو شرح الہدایہ (جلد یازدہم),درجہ سابعہ,فقہ,اردو شرح,مولانا مفتی اشرف علی قاسمیؒ,https://archive.org/download/darrs1/ASHRAF_UL_HIDAYAH_VOL_11.pdf
1373,اشرف الہدایہ اردو شرح الہدایہ (جلد دوازدہم),درجہ سابعہ,فقہ,اردو شرح,مولانا مفتی اشرف علی قاسمیؒ,https://archive.org/download/darrs1/ASHRAF_UL_HIDAYAH_VOL_12.pdf
1374,اشرف الہدایہ اردو شرح الہدایہ (جلد سیزدہم),درجہ سابعہ,فقہ,اردو شرح,مولانا مفتی اشرف علی قاسمیؒ,https://archive.org/download/darrs1/ASHRAF_UL_HIDAYAH_VOL_13.pdf
1375,اشرف الہدایہ اردو شرح الہدایہ (جلد چہاردہم),درجہ سابعہ,فقہ,اردو شرح,مولانا مفتی اشرف علی قاسمیؒ,https://archive.org/download/darrs1/ASHRAF_UL_HIDAYAH_VOL_14.pdf
1376,اشرف الہدایہ اردو شرح الہدایہ (جلد پانزدہم),درجہ سابعہ,فقہ,اردو شرح,مولانا مفتی اشرف علی قاسمیؒ,https://archive.org/download/darrs1/ASHRAF_UL_HIDAYAH_VOL_15.pdf
1377,اشرف الہدایہ اردو شرح الہدایہ (جلد شانزدہم),درجہ سابعہ,فقہ,اردو شرح,مولانا مفتی اشرف علی قاسمیؒ,https://archive.org/download/darrs1/ASHRAF_UL_HIDAYAH_VOL_16.pdf
1378,اثمار الہدایہ شرح الہدایہ (جلد ہشتم),درجہ سابعہ,فقہ,اردو شرح,مولانا سمیر الدین قاسمیؒ,https://archive.org/download/maulana-samiruddin-qasmi/ASMAAR_UL_HIDAYA_VOL_08.pdf
1379,اثمار الہدایہ شرح الہدایہ (جلد نہم),درجہ سابعہ,فقہ,اردو شرح,مولانا سمیر الدین قاسمیؒ,https://archive.org/download/maulana-samiruddin-qasmi/ASMAAR_UL_HIDAYA_VOL_09.pdf
1380,اثمار الہدایہ شرح الہدایہ (جلد دہم),درجہ سابعہ,فقہ,اردو شرح,مولانا سمیر الدین قاسمیؒ,https://archive.org/download/maulana-samiruddin-qasmi/ASMAAR_UL_HIDAYA_VOL_10.pdf
1381,اثمار الہدایہ شرح الہدایہ (جلد یازدہم),درجہ سابعہ,فقہ,اردو شرح,مولانا سمیر الدین قاسمیؒ,https://archive.org/download/maulana-samiruddin-qasmi/ASMAAR_UL_HIDAYA_VOL_11.pdf
1382,اثمار الہدایہ شرح الہدایہ (جلد دوازدہم),درجہ سابعہ,فقہ,اردو شرح,مولانا سمیر الدین قاسمیؒ,https://archive.org/download/maulana-samiruddin-qasmi/ASMAAR_UL_HIDAYA_VOL_12.pdf
1383,اثمار الہدایہ شرح الہدایہ (جلد سیزدہم),درجہ سابعہ,فقہ,اردو شرح,مولانا سمیر الدین قاسمیؒ,https://archive.org/download/maulana-samiruddin-qasmi/ASMAAR_UL_HIDAYA_VOL_13.pdf
1384,اثمار الہدایہ شرح الہدایہ (جلد چہاردہم),درجہ سابعہ,فقہ,اردو شرح,مولانا سمیر الدین قاسمیؒ,https://archive.org/download/maulana-samiruddin-qasmi/ASMAAR_UL_HIDAYA_VOL_14.pdf
1385,اثمار الہدایہ شرح الہدایہ (جلد پانزدہم),درجہ سابعہ,فقہ,اردو شرح,مولانا سمیر الدین قاسمیؒ,https://archive.org/download/maulana-samiruddin-qasmi/ASMAAR_UL_HIDAYA_VOL_15.pdf
1386,عین الہدایہ اردو شرح الہدایہ (جلد ششم),درجہ سابعہ,فقہ,اردو شرح,مولانا سید امیر علیؒ,https://archive.org/download/DarsENizamiDarjaSabeaaMaoqoofAlai7thYear/AenUlHidayaVol6UrduSharhAlHidaya.pdf
1387,عین الہدایہ اردو شرح الہدایہ (جلد ہفتم),درجہ سابعہ,فقہ,اردو شرح,مولانا سید امیر علیؒ,https://archive.org/download/DarsENizamiDarjaSabeaaMaoqoofAlai7thYear/AenUlHidayaVol7UrduSharhAlHidaya.pdf
1388,عین الہدایہ اردو شرح الہدایہ (جلد ہشتم),درجہ سابعہ,فقہ,اردو شرح,مولانا سید امیر علیؒ,https://archive.org/download/DarsENizamiDarjaSabeaaMaoqoofAlai7thYear/AenUlHidayaVol8UrduSharhAlHidaya.pdf
1389,تنظیم الدرایہ فی تخریج احادیث الہدایہ,درجہ سابعہ,فقہ,اصول فقہ و تخریج,علامہ ابن حجر العسقلانیؒ / مولانا عبد الرحیمؒ,https://archive.org/download/TanzeemUdDirayah/Tanzeem_ud_Dirayah.pdf
1390,اصولِ ہدایت (جلد سوم و چہارم),درجہ سابعہ,فقہ,اصول فقہ,مولانا عبد الرحمنؒ,https://archive.org/download/DarsENizamiDarjaSabeaaMaoqoofAlai7thYear01/USOOL_E_HIDAYAH_VOL_03-04.pdf
1391,تفہیم الہدایہ شرح الہدایہ رابع,درجہ سابعہ,فقہ,اردو شرح,مولانا مفتی عبد الرؤف سکھرویؒ,https://archive.org/download/DarsENizamiDarjaSabeaaMaoqoofAlai7thYear01/TAFHIM_UL_HIDAYAH_SHARH_HIDAYA_RABE.pdf
1392,البنایۃ فی شرح الہدایہ (جلد اول - حقانیہ),درجہ سابعہ,فقہ,عربی شرح,علامہ بدر الدین العینیؒ,https://archive.org/download/bhidaya/AL_BINAYA_FI_SHARH_AL_HIDAYA_HAQQANIA_VOL_01.pdf
1393,البنایۃ فی شرح الہدایہ (جلد دوم - حقانیہ),درجہ سابعہ,فقہ,عربی شرح,علامہ بدر الدین العینیؒ,https://archive.org/download/bhidaya/AL_BINAYA_FI_SHARH_AL_HIDAYA_HAQQANIA_VOL_02.pdf
1394,البنایۃ فی شرح الہدایہ (جلد سوم - حقانیہ),درجہ سابعہ,فقہ,عربی شرح,علامہ بدر الدین العینیؒ,https://archive.org/download/bhidaya/AL_BINAYA_FI_SHARH_AL_HIDAYA_HAQQANIA_VOL_03.pdf
1395,البنایۃ فی شرح الہدایہ (جلد چہارم - حقانیہ),درجہ سابعہ,فقہ,عربی شرح,علامہ بدر الدین العینیؒ,https://archive.org/download/bhidaya/AL_BINAYA_FI_SHARH_AL_HIDAYA_HAQQANIA_VOL_04.pdf
1396,البنایۃ فی شرح الہدایہ (جلد پنجم - حقانیہ),درجہ سابعہ,فقہ,عربی شرح,علامہ بدر الدین العینیؒ,https://archive.org/download/bhidaya/AL_BINAYA_FI_SHARH_AL_HIDAYA_HAQQANIA_VOL_05.pdf
1397,البنایۃ فی شرح الہدایہ (جلد ششم - حقانیہ),درجہ سابعہ,فقہ,عربی شرح,علامہ بدر الدین العینیؒ,https://archive.org/download/bhidaya/AL_BINAYA_FI_SHARH_AL_HIDAYA_HAQQANIA_VOL_06.pdf
1398,البنایۃ فی شرح الہدایہ (جلد ہفتم - حقانیہ),درجہ سابعہ,فقہ,عربی شرح,علامہ بدر الدین العینیؒ,https://archive.org/download/bhidaya/AL_BINAYA_FI_SHARH_AL_HIDAYA_HAQQANIA_VOL_07.pdf
1399,البنایۃ فی شرح الہدایہ (جلد ہشتم - حقانیہ),درجہ سابعہ,فقہ,عربی شرح,علامہ بدر الدین العینیؒ,https://archive.org/download/bhidaya/AL_BINAYA_FI_SHARH_AL_HIDAYA_HAQQANIA_VOL_08.pdf
1400,البنایۃ فی شرح الہدایہ (جلد نہم - حقانیہ),درجہ سابعہ,فقہ,عربی شرح,علامہ بدر الدین العینیؒ,https://archive.org/download/bhidaya/AL_BINAYA_FI_SHARH_AL_HIDAYA_HAQQANIA_VOL_09.pdf
1401,البنایۃ فی شرح الہدایہ (جلد دہم - حقانیہ),درجہ سابعہ,فقہ,عربی شرح,علامہ بدر الدین العینیؒ,https://archive.org/download/bhidaya/AL_BINAYA_FI_SHARH_AL_HIDAYA_HAQQANIA_VOL_10.pdf
1402,البنایۃ فی شرح الہدایہ (جلد یازدہم - حقانیہ),درجہ سابعہ,فقہ,عربی شرح,علامہ بدر الدین العینیؒ,https://archive.org/download/bhidaya/AL_BINAYA_FI_SHARH_AL_HIDAYA_HAQQANIA_VOL_11.pdf
1403,البنایۃ فی شرح الہدایہ (جلد دوازدہم - حقانیہ),درجہ سابعہ,فقہ,عربی شرح,علامہ بدر الدین العینیؒ,https://archive.org/download/bhidaya/AL_BINAYA_FI_SHARH_AL_HIDAYA_HAQQANIA_VOL_12.pdf
1404,البنایۃ فی شرح الہدایہ (جلد سیزدہم - حقانیہ),درجہ سابعہ,فقہ,عربی شرح,علامہ بدر الدین العینیؒ,https://archive.org/download/bhidaya/AL_BINAYA_FI_SHARH_AL_HIDAYA_HAQQANIA_VOL_13.pdf
1405,البنایۃ فی شرح الہدایہ (جلد چہاردہم - حقانیہ),درجہ سابعہ,فقہ,عربی شرح,علامہ بدر الدین العینیؒ,https://archive.org/download/bhidaya/AL_BINAYA_FI_SHARH_AL_HIDAYA_HAQQANIA_VOL_14.pdf
1406,البنایۃ فی شرح الہدایہ (جلد پانزدہم - حقانیہ),درجہ سابعہ,فقہ,عربی شرح,علامہ بدر الدین العینیؒ,https://archive.org/download/bhidaya/AL_BINAYA_FI_SHARH_AL_HIDAYA_HAQQANIA_VOL_15.pdf
1407,البنایۃ فی شرح الہدایہ (جلد شانزدہم - حقانیہ),درجہ سابعہ,فقہ,عربی شرح,علامہ بدر الدین العینیؒ,https://archive.org/download/bhidaya/AL_BINAYA_FI_SHARH_AL_HIDAYA_HAQQANIA_VOL_16.pdf
1408,فتح القدیر للعاجز الفقیر شرح الہدایہ (جلد اول),درجہ سابعہ,فقہ,عربی شرح,امام کمال الدین محمد بن عبد الواحد ابن الہمام الحنفیؒ,https://archive.org/download/FathHulQadeerSharhAlHidayah/Fath_hul_Qadeer_Sharh_Al_Hidayah_01.pdf
1409,فتح القدیر للعاجز الفقیر شرح الہدایہ (جلد دوم),درجہ سابعہ,فقہ,عربی شرح,امام کمال الدین محمد بن عبد الواحد ابن الہمام الحنفیؒ,https://archive.org/download/FathHulQadeerSharhAlHidayah/Fath_hul_Qadeer_Sharh_Al_Hidayah_02.pdf
1410,فتح القدیر للعاجز الفقیر شرح الہدایہ (جلد سوم),درجہ سابعہ,فقہ,عربی شرح,امام کمال الدین محمد بن عبد الواحد ابن الہمام الحنفیؒ,https://archive.org/download/FathHulQadeerSharhAlHidayah/Fath_hul_Qadeer_Sharh_Al_Hidayah_03.pdf
1411,فتح القدیر للعاجز الفقیر شرح الہدایہ (جلد چہارم),درجہ سابعہ,فقہ,عربی شرح,امام کمال الدین محمد بن عبد الواحد ابن الہمام الحنفیؒ,https://archive.org/download/FathHulQadeerSharhAlHidayah/Fath_hul_Qadeer_Sharh_Al_Hidayah_04.pdf
1412,فتح القدیر للعاجز الفقیر شرح الہدایہ (جلد پنجم),درجہ سابعہ,فقہ,عربی شرح,امام کمال الدین محمد بن عبد الواحد ابن الہمام الحنفیؒ,https://archive.org/download/FathHulQadeerSharhAlHidayah/Fath_hul_Qadeer_Sharh_Al_Hidayah_05.pdf
1413,فتح القدیر للعاجز الفقیر شرح الہدایہ (جلد ششم),درجہ سابعہ,فقہ,عربی شرح,امام کمال الدین محمد بن عبد الواحد ابن الہمام الحنفیؒ,https://archive.org/download/FathHulQadeerSharhAlHidayah/Fath_hul_Qadeer_Sharh_Al_Hidayah_06.pdf
1414,فتح القدیر للعاجز الفقیر شرح الہدایہ (جلد ہفتم),درجہ سابعہ,فقہ,عربی شرح,امام کمال الدین محمد بن عبد الواحد ابن الہمام الحنفیؒ,https://archive.org/download/FathHulQadeerSharhAlHidayah/Fath_hul_Qadeer_Sharh_Al_Hidayah_07.pdf
1415,فتح القدیر للعاجز الفقیر شرح الہدایہ (جلد ہشتم),درجہ سابعہ,فقہ,عربی شرح,امام کمال الدین محمد بن عبد الواحد ابن الہمام الحنفیؒ,https://archive.org/download/FathHulQadeerSharhAlHidayah/Fath_hul_Qadeer_Sharh_Al_Hidayah_08.pdf
1416,فتح القدیر للعاجز الفقیر شرح الہدایہ (جلد نہم),درجہ سابعہ,فقہ,عربی شرح,امام کمال الدین محمد بن عبد الواحد ابن الہمام الحنفیؒ,https://archive.org/download/FathHulQadeerSharhAlHidayah/Fath_hul_Qadeer_Sharh_Al_Hidayah_09.pdf
1417,فتح القدیر للعاجز الفقیر شرح الہدایہ (جلد دہم),درجہ سابعہ,فقہ,عربی شرح,امام کمال الدین محمد بن عبد الواحد ابن الہمام الحنفیؒ,https://archive.org/download/FathHulQadeerSharhAlHidayah/Fath_hul_Qadeer_Sharh_Al_Hidayah_10.pdf
1418,تسہیل النظر فی شرح نخبۃ الفکر,درجہ سابعہ,اصول حدیث,اردو شرح,مولانا مفتی ابو لبابہ شاہ منصور مدظلہم,https://archive.org/download/DarsENizamiDarjaSabeaaMaoqoofAlai7thYear01/TASHEEL_UN_NAZAR.pdf
1419,حاشیہ علی المطول فی البلاغۃ,درجہ سابعہ,بلاغت,عربی حاشیہ,علامہ میر سید شریف جرجانیؒ,https://archive.org/download/HashiaAlalMutawwal/Hashia_Alal_Mutawwal.pdf
1420,حل شدہ پرچہ جات درجہ سابعہ (2021),درجہ سابعہ,امتحانات,حل شدہ پرچہ جات,وفاق المدارس العربیہ پاکستان,https://archive.org/download/DarsENizamiDarjaSabeaaMaoqoofAlai7thYear01/PARCHAJAAT_SABIA_2021.pdf
1421,درسِ بخاری شریف,درجہ ثامنہ,حدیث,اردو درسی افادات,حضرت مولانا مفتی نظام الدین شامزئیؒ,https://archive.org/download/DarsEBukhari/DarsEBukhariByMuftiNizamUdDinShamzai.pdf
1422,نبراس الساری فی ریاض البخاری (جلد اول),درجہ ثامنہ,حدیث,عربی شرح,علامہ عبد العزیز الفرہاریؒ / شیخ سراج احمدؒ,https://archive.org/download/DarsENizamiDoraeHadees8thYear01/NIBRAS_AL_SARI_FI_RIAZ_AL_BUKHARI_01.pdf
1423,نبراس الساری فی ریاض البخاری (جلد دوم),درجہ ثامنہ,حدیث,عربی شرح,علامہ عبد العزیز الفرہاریؒ / شیخ سراج احمدؒ,https://archive.org/download/DarsENizamiDoraeHadees8thYear01/NIBRAS_AL_SARI_FI_RIAZ_AL_BUKHARI_02.pdf
1424,نبراس الساری فی ریاض البخاری (جلد سوم),درجہ ثامنہ,حدیث,عربی شرح,علامہ عبد العزیز الفرہاریؒ / شیخ سراج احمدؒ,https://archive.org/download/DarsENizamiDoraeHadees8thYear01/NIBRAS_AL_SARI_FI_RIAZ_AL_BUKHARI_03.pdf
1425,عمدۃ القاری شرح صحیح البخاری (جلد اول),درجہ ثامنہ,حدیث,عربی شرح,علامہ بدر الدین العینیؒ,https://archive.org/download/UmdatUlQari/Umdat_Ul_Qari_Vol_01.pdf
1426,عمدۃ القاری شرح صحیح البخاری (جلد دوم),درجہ ثامنہ,حدیث,عربی شرح,علامہ بدر الدین العینیؒ,https://archive.org/download/UmdatUlQari/Umdat_Ul_Qari_Vol_02.pdf
1427,عمدۃ القاری شرح صحیح البخاری (جلد سوم),درجہ ثامنہ,حدیث,عربی شرح,علامہ بدر الدین العینیؒ,https://archive.org/download/UmdatUlQari/Umdat_Ul_Qari_Vol_03.pdf
1428,عمدۃ القاری شرح صحیح البخاری (جلد چہارم),درجہ ثامنہ,حدیث,عربی شرح,علامہ بدر الدین العینیؒ,https://archive.org/download/UmdatUlQari/Umdat_Ul_Qari_Vol_04.pdf
1429,عمدۃ القاری شرح صحیح البخاری (جلد پنجم),درجہ ثامنہ,حدیث,عربی شرح,علامہ بدر الدین العینیؒ,https://archive.org/download/UmdatUlQari/Umdat_Ul_Qari_Vol_05.pdf
1430,عمدۃ القاری شرح صحیح البخاری (جلد ششم),درجہ ثامنہ,حدیث,عربی شرح,علامہ بدر الدین العینیؒ,https://archive.org/download/UmdatUlQari/Umdat_Ul_Qari_Vol_06.pdf
1431,عمدۃ القاری شرح صحیح البخاری (جلد ہفتم),درجہ ثامنہ,حدیث,عربی شرح,علامہ بدر الدین العینیؒ,https://archive.org/download/UmdatUlQari/Umdat_Ul_Qari_Vol_07.pdf
1432,عمدۃ القاری شرح صحیح البخاری (جلد ہشتم),درجہ ثامنہ,حدیث,عربی شرح,علامہ بدر الدین العینیؒ,https://archive.org/download/UmdatUlQari/Umdat_Ul_Qari_Vol_08.pdf
1433,عمدۃ القاری شرح صحیح البخاری (جلد نہم),درجہ ثامنہ,حدیث,عربی شرح,علامہ بدر الدین العینیؒ,https://archive.org/download/UmdatUlQari/Umdat_Ul_Qari_Vol_09.pdf
1434,عمدۃ القاری شرح صحیح البخاری (جلد دہم),درجہ ثامنہ,حدیث,عربی شرح,علامہ بدر الدین العینیؒ,https://archive.org/download/UmdatUlQari/Umdat_Ul_Qari_Vol_10.pdf
1435,عمدۃ القاری شرح صحیح البخاری (جلد یازدہم (۱۱)),درجہ ثامنہ,حدیث,عربی شرح,علامہ بدر الدین العینیؒ,https://archive.org/download/UmdatUlQari/Umdat_Ul_Qari_Vol_11.pdf
1436,عمدۃ القاری شرح صحیح البخاری (جلد دوازدہم (۱۲)),درجہ ثامنہ,حدیث,عربی شرح,علامہ بدر الدین العینیؒ,https://archive.org/download/UmdatUlQari/Umdat_Ul_Qari_Vol_12.pdf
1437,عمدۃ القاری شرح صحیح البخاری (جلد سیزدہم (۱۳)),درجہ ثامنہ,حدیث,عربی شرح,علامہ بدر الدین العینیؒ,https://archive.org/download/UmdatUlQari/Umdat_Ul_Qari_Vol_13.pdf
1438,عمدۃ القاری شرح صحیح البخاری (جلد چہاردہم (۱۴)),درجہ ثامنہ,حدیث,عربی شرح,علامہ بدر الدین العینیؒ,https://archive.org/download/UmdatUlQari/Umdat_Ul_Qari_Vol_14.pdf
1439,عمدۃ القاری شرح صحیح البخاری (جلد پانزدہم (۱۵)),درجہ ثامنہ,حدیث,عربی شرح,علامہ بدر الدین العینیؒ,https://archive.org/download/UmdatUlQari/Umdat_Ul_Qari_Vol_15.pdf
1440,عمدۃ القاری شرح صحیح البخاری (جلد شانزدہم (۱۶)),درجہ ثامنہ,حدیث,عربی شرح,علامہ بدر الدین العینیؒ,https://archive.org/download/UmdatUlQari/Umdat_Ul_Qari_Vol_16.pdf
1441,عمدۃ القاری شرح صحیح البخاری (جلد ہفدہم (۱۷)),درجہ ثامنہ,حدیث,عربی شرح,علامہ بدر الدین العینیؒ,https://archive.org/download/UmdatUlQari/Umdat_Ul_Qari_Vol_17.pdf
1442,عمدۃ القاری شرح صحیح البخاری (جلد ہجدہم (۱۸)),درجہ ثامنہ,حدیث,عربی شرح,علامہ بدر الدین العینیؒ,https://archive.org/download/UmdatUlQari/Umdat_Ul_Qari_Vol_18.pdf
1443,عمدۃ القاری شرح صحیح البخاری (جلد نوزدہم (۱۹)),درجہ ثامنہ,حدیث,عربی شرح,علامہ بدر الدین العینیؒ,https://archive.org/download/UmdatUlQari/Umdat_Ul_Qari_Vol_19.pdf
1444,عمدۃ القاری شرح صحیح البخاری (جلد بستم (۲۰)),درجہ ثامنہ,حدیث,عربی شرح,علامہ بدر الدین العینیؒ,https://archive.org/download/UmdatUlQari/Umdat_Ul_Qari_Vol_20.pdf
1445,عمدۃ القاری شرح صحیح البخاری (جلد بیست و یکم (۲۱)),درجہ ثامنہ,حدیث,عربی شرح,علامہ بدر الدین العینیؒ,https://archive.org/download/UmdatUlQari/Umdat_Ul_Qari_Vol_21.pdf
1446,عمدۃ القاری شرح صحیح البخاری (جلد بیست و دوم (۲۲)),درجہ ثامنہ,حدیث,عربی شرح,علامہ بدر الدین العینیؒ,https://archive.org/download/UmdatUlQari/Umdat_Ul_Qari_Vol_22.pdf
1447,عمدۃ القاری شرح صحیح البخاری (جلد بیست و سوم (۲۳)),درجہ ثامنہ,حدیث,عربی شرح,علامہ بدر الدین العینیؒ,https://archive.org/download/UmdatUlQari/Umdat_Ul_Qari_Vol_23.pdf
1448,عمدۃ القاری شرح صحیح البخاری (جلد بیست و چہارم (۲۴)),درجہ ثامنہ,حدیث,عربی شرح,علامہ بدر الدین العینیؒ,https://archive.org/download/UmdatUlQari/Umdat_Ul_Qari_Vol_24.pdf
1449,عمدۃ القاری شرح صحیح البخاری (جلد بیست و پنجم (۲۵)),درجہ ثامنہ,حدیث,عربی شرح,علامہ بدر الدین العینیؒ,https://archive.org/download/UmdatUlQari/Umdat_Ul_Qari_Vol_25.pdf
1450,فیض الباری علی صحیح البخاری (جلد اول - عربی),درجہ ثامنہ,حدیث,عربی شرح و افادات,علامہ انور شاہ کشمیریؒ / مولانا بدر عالم میرٹھیؒ,https://archive.org/download/FaizUlBari/Faiz_Ul_Bari_Vol_1.pdf
1451,فیض الباری علی صحیح البخاری (جلد دوم - عربی),درجہ ثامنہ,حدیث,عربی شرح و افادات,علامہ انور شاہ کشمیریؒ / مولانا بدر عالم میرٹھیؒ,https://archive.org/download/FaizUlBari/Faiz_Ul_Bari_Vol_2.pdf
1452,فیض الباری علی صحیح البخاری (جلد سوم - عربی),درجہ ثامنہ,حدیث,عربی شرح و افادات,علامہ انور شاہ کشمیریؒ / مولانا بدر عالم میرٹھیؒ,https://archive.org/download/FaizUlBari/Faiz_Ul_Bari_Vol_3.pdf
1453,فیض الباری علی صحیح البخاری (جلد چہارم - عربی),درجہ ثامنہ,حدیث,عربی شرح و افادات,علامہ انور شاہ کشمیریؒ / مولانا بدر عالم میرٹھیؒ,https://archive.org/download/FaizUlBari/Faiz_Ul_Bari_Vol_4.pdf
1454,فیض الباری علی صحیح البخاری (جلد پنجم - عربی),درجہ ثامنہ,حدیث,عربی شرح و افادات,علامہ انور شاہ کشمیریؒ / مولانا بدر عالم میرٹھیؒ,https://archive.org/download/FaizUlBari/Faiz_Ul_Bari_Vol_5.pdf
1455,فیض الباری علی صحیح البخاری (جلد ششم - عربی),درجہ ثامنہ,حدیث,عربی شرح و افادات,علامہ انور شاہ کشمیریؒ / مولانا بدر عالم میرٹھیؒ,https://archive.org/download/FaizUlBari/Faiz_Ul_Bari_Vol_6.pdf
1456,تحفۃ القاری شرح صحیح البخاری (جلد اول - عربی),درجہ ثامنہ,حدیث,عربی شرح,علامہ زکریا الانصاریؒ,https://archive.org/download/DarsENizamiDoraEHadees8thYear/TohfatUlQariArabicSharhSahihUlBukhariVol1.pdf
1457,تحفۃ القاری شرح صحیح البخاری (جلد دوم - عربی),درجہ ثامنہ,حدیث,عربی شرح,علامہ زکریا الانصاریؒ,https://archive.org/download/DarsENizamiDoraEHadees8thYear/TohfatUlQariArabicSharhSahihUlBukhariVol2.pdf
1458,تحفۃ القاری شرح صحیح البخاری (جلد سوم - عربی),درجہ ثامنہ,حدیث,عربی شرح,علامہ زکریا الانصاریؒ,https://archive.org/download/DarsENizamiDoraEHadees8thYear/TohfatUlQariArabicSharhSahihUlBukhariVol3.pdf
1459,فتح الباری شرح صحیح البخاری (جلد اول),درجہ ثامنہ,حدیث,عربی شرح,حافظ ابن حجر العسقلانیؒ,https://archive.org/download/8_20200602_202006/%D9%81%D8%AA%D8%AD%20%D8%A7%D9%84%D8%A8%D8%A7%D8%B1%DB%8C%20%D8%B4%D8%B1%D8%AD%20%D8%B5%D8%AD%DB%8C%D8%AD%20%D8%A8%D8%AE%D8%A7%D8%B1%DB%8C%20%281%29.pdf
1460,فتح الباری شرح صحیح البخاری (جلد دوم),درجہ ثامنہ,حدیث,عربی شرح,حافظ ابن حجر العسقلانیؒ,https://archive.org/download/8_20200602_202006/%D9%81%D8%AA%D8%AD%20%D8%A7%D9%84%D8%A8%D8%A7%D8%B1%DB%8C%20%D8%B4%D8%B1%D8%AD%20%D8%B5%D8%AD%DB%8C%D8%AD%20%D8%A8%D8%AE%D8%A7%D8%B1%DB%8C%20%282%29.pdf
1461,فتح الباری شرح صحیح البخاری (جلد سوم),درجہ ثامنہ,حدیث,عربی شرح,حافظ ابن حجر العسقلانیؒ,https://archive.org/download/8_20200602_202006/%D9%81%D8%AA%D8%AD%20%D8%A7%D9%84%D8%A8%D8%A7%D8%B1%DB%8C%20%D8%B4%D8%B1%D8%AD%20%D8%B5%D8%AD%DB%8C%D8%AD%20%D8%A8%D8%AE%D8%A7%D8%B1%DB%8C%20%283%29.pdf
1462,فتح الباری شرح صحیح البخاری (جلد چہارم),درجہ ثامنہ,حدیث,عربی شرح,حافظ ابن حجر العسقلانیؒ,https://archive.org/download/8_20200602_202006/%D9%81%D8%AA%D8%AD%20%D8%A7%D9%84%D8%A8%D8%A7%D8%B1%DB%8C%20%D8%B4%D8%B1%D8%AD%20%D8%B5%D8%AD%DB%8C%D8%AD%20%D8%A8%D8%AE%D8%A7%D8%B1%DB%8C%20%284%29.pdf
1463,فتح الباری شرح صحیح البخاری (جلد پنجم),درجہ ثامنہ,حدیث,عربی شرح,حافظ ابن حجر العسقلانیؒ,https://archive.org/download/8_20200602_202006/%D9%81%D8%AA%D8%AD%20%D8%A7%D9%84%D8%A8%D8%A7%D8%B1%DB%8C%20%D8%B4%D8%B1%D8%AD%20%D8%B5%D8%AD%DB%8C%D8%AD%20%D8%A8%D8%AE%D8%A7%D8%B1%DB%8C%20%285%29.pdf
1464,فتح الباری شرح صحیح البخاری (جلد ششم),درجہ ثامنہ,حدیث,عربی شرح,حافظ ابن حجر العسقلانیؒ,https://archive.org/download/8_20200602_202006/%D9%81%D8%AA%D8%AD%20%D8%A7%D9%84%D8%A8%D8%A7%D8%B1%DB%8C%20%D8%B4%D8%B1%D8%AD%20%D8%B5%D8%AD%DB%8C%D8%AD%20%D8%A8%D8%AE%D8%A7%D8%B1%DB%8C%20%286%29.pdf
1465,فتح الباری شرح صحیح البخاری (جلد ہفتم),درجہ ثامنہ,حدیث,عربی شرح,حافظ ابن حجر العسقلانیؒ,https://archive.org/download/8_20200602_202006/%D9%81%D8%AA%D8%AD%20%D8%A7%D9%84%D8%A8%D8%A7%D8%B1%DB%8C%20%D8%B4%D8%B1%D8%AD%20%D8%B5%D8%AD%DB%8C%D8%AD%20%D8%A8%D8%AE%D8%A7%D8%B1%DB%8C%20%287%29.pdf
1466,فتح الباری شرح صحیح البخاری (جلد ہشتم),درجہ ثامنہ,حدیث,عربی شرح,حافظ ابن حجر العسقلانیؒ,https://archive.org/download/8_20200602_202006/8%D9%81%D8%AA%D8%AD%20%D8%A7%D9%84%D8%A8%D8%A7%D8%B1%DB%8C%20%D8%B4%D8%B1%D8%AD%20%D8%B5%D8%AD%DB%8C%D8%AD%20%D8%A8%D8%AE%D8%A7%D8%B1%DB%8C.pdf
1467,فتح الباری شرح صحیح البخاری (جلد نہم),درجہ ثامنہ,حدیث,عربی شرح,حافظ ابن حجر العسقلانیؒ,https://archive.org/download/8_20200602_202006/%D9%81%D8%AA%D8%AD%20%D8%A7%D9%84%D8%A8%D8%A7%D8%B1%DB%8C%20%D8%B4%D8%B1%D8%AD%20%D8%B5%D8%AD%DB%8C%D8%AD%20%D8%A8%D8%AE%D8%A7%D8%B1%DB%8C%20%289%29.pdf
1468,فتح الباری شرح صحیح البخاری (جلد دہم),درجہ ثامنہ,حدیث,عربی شرح,حافظ ابن حجر العسقلانیؒ,https://archive.org/download/8_20200602_202006/%D9%81%D8%AA%D8%AD%20%D8%A7%D9%84%D8%A8%D8%A7%D8%B1%DB%8C%20%D8%B4%D8%B1%D8%AD%20%D8%B5%D8%AD%DB%8C%D8%AD%20%D8%A8%D8%AE%D8%A7%D8%B1%DB%8C%20%2810%29.pdf
1469,فتح الباری شرح صحیح البخاری (جلد یازدہم (۱۱)),درجہ ثامنہ,حدیث,عربی شرح,حافظ ابن حجر العسقلانیؒ,https://archive.org/download/8_20200602_202006/11_2032.pdf
1470,فتح الباری شرح صحیح البخاری (جلد دوازدہم (۱۲)),درجہ ثامنہ,حدیث,عربی شرح,حافظ ابن حجر العسقلانیؒ,https://archive.org/download/8_20200602_202006/%D9%81%D8%AA%D8%AD%20%D8%A7%D9%84%D8%A8%D8%A7%D8%B1%DB%8C%20%D8%B4%D8%B1%D8%AD%20%D8%B5%D8%AD%DB%8C%D8%AD%20%D8%A8%D8%AE%D8%A7%D8%B1%DB%8C%20%2812%29.pdf
1471,فتح الباری شرح صحیح البخاری (جلد سیزدہم (۱۳)),درجہ ثامنہ,حدیث,عربی شرح,حافظ ابن حجر العسقلانیؒ,https://archive.org/download/8_20200602_202006/%D9%81%D8%AA%D8%AD%20%D8%A7%D9%84%D8%A8%D8%A7%D8%B1%DB%8C%20%D8%B4%D8%B1%D8%AD%20%D8%B5%D8%AD%DB%8C%D8%AD%20%D8%A8%D8%AE%D8%A7%D8%B1%DB%8C%20%2813%29.pdf
1472,کشف الالتباس فی شرح ابواب البخاری,درجہ ثامنہ,حدیث,درسی شرح و تحقیق,مولانا مفتی عبد الرؤف سکھرویؒ,https://archive.org/download/DarsENizamiDoraEHadees8thYear/KASHF-UL-ILTEBAS.pdf
1473,الابواب والتراجم لصحیح البخاری (شرح تراجم ابواب بخاری),درجہ ثامنہ,حدیث,تراجم البخاری,امام الہند شاہ ولی اللہ دہلویؒ / مولانا زکریا کاندھلویؒ,https://archive.org/download/DarsENizamiDoraeHadees8thYear01/AL_ABWAB_WA_AL_TARAJIM_BUKHARI.pdf
1474,الابواب والتراجم لصحیح البخاری (جلد دوم),درجہ ثامنہ,حدیث,تراجم البخاری,امام الہند شاہ ولی اللہ دہلویؒ / مولانا زکریا کاندھلویؒ,https://archive.org/download/AlAbwabWatTarajimLiSahihulBukhari/Al_Abwab_Wat_Tarajim_Li_Sahihul_Bukhari_2.pdf
1475,القول النصیح فی حل مشکلات الصحیح (جلد اول),درجہ ثامنہ,حدیث,اردو شرح,مولانا محمد عبد الرحمنؒ,https://archive.org/download/DarsENizamiDoraeHadees8thYear01/AL_QAWL_UN_NASEEH_VOL_01.pdf
1476,القول الفصیح فی غریب الصحیح,درجہ ثامنہ,حدیث,لغات الحدیث,مولانا مفتی جمیل احمد سکروڈھویؒ,https://archive.org/download/DarsENizamiDoraeHadees8thYear01/AL_QAWL_UL_FASEEH.pdf
1477,الفیض الجاری فی شرح صحیح البخاری (جلد دوم),درجہ ثامنہ,حدیث,عربی شرح,علامہ اسماعیل بن محمد العجلونیؒ,https://archive.org/download/dars-e-nizami-dora-e-hadees-8th-year-04/AL_FAIZ_UL_JARI_SHARAH_SAHI_BUKHARI_VOL_02.pdf
1478,فیض الباری اردو شرح صحیح البخاری (جلد اول),درجہ ثامنہ,حدیث,اردو ترجمہ و شرح,علامہ انور شاہ کشمیریؒ / ترجمہ: مولانا عبد الرزاقؒ,https://archive.org/download/dars-e-nizami-dora-e-hadees-8th-year-04/FAIZ_UL_BARI_URDU_VOL_01.pdf
1479,فیض الباری اردو شرح صحیح البخاری (جلد دوم),درجہ ثامنہ,حدیث,اردو ترجمہ و شرح,علامہ انور شاہ کشمیریؒ / ترجمہ: مولانا عبد الرزاقؒ,https://archive.org/download/dars-e-nizami-dora-e-hadees-8th-year-04/FAIZ_UL_BARI_URDU_VOL_02.pdf
1480,فضل الباری فی درسِ صحیح البخاری (جلد اول),درجہ ثامنہ,حدیث,اردو شرح,مولانا مفتی عبد الرؤف سکھرویؒ,https://archive.org/download/dars-e-nizami-dora-e-hadees-8th-year-04/FAZLUL_BARI_SHARH_SAHIH_BUKHARI_VOL_01.pdf
1481,فضل الباری فی درسِ صحیح البخاری (جلد دوم),درجہ ثامنہ,حدیث,اردو شرح,مولانا مفتی عبد الرؤف سکھرویؒ,https://archive.org/download/dars-e-nizami-dora-e-hadees-8th-year-04/FAZLUL_BARI_SHARH_SAHIH_BUKHARI_VOL_02.pdf
1482,فضل الباری فی درسِ صحیح البخاری (جلد سوم),درجہ ثامنہ,حدیث,اردو شرح,مولانا مفتی عبد الرؤف سکھرویؒ,https://archive.org/download/dars-e-nizami-dora-e-hadees-8th-year-04/FAZLUL_BARI_SHARH_SAHIH_BUKHARI_VOL_03.pdf
1483,مقدمہ صحیح البخاری مع اردو تشریح,درجہ ثامنہ,حدیث,مقدمہ و تعارف,امام ابو عبد اللہ محمد بن اسماعیل البخاریؒ / مولانا عبد الحق حقانیؒ,https://archive.org/download/june_22/MUQADDIMA_E_SAHIH_BUKHARI.pdf
1484,عنایت الباری اردو شرح صحیح البخاری,درجہ ثامنہ,حدیث,اردو شرح,مولانا عنایت اللہ قاسمیؒ,https://archive.org/download/DarsENizamiDoraeHadees8thYear01/INAYAT_UL_BARI.pdf
1485,ارشاد القاری فی شرح صحیح البخاری,درجہ ثامنہ,حدیث,اردو شرح و افادات,مولانا مفتی رشید احمد لدھیانویؒ,https://archive.org/download/DarsENizamiDoraeHadees8thYear01/IRSHAD_UL_QARI.pdf
1486,کشف الباری فی شرح صحیح البخاری (جلد اول - کتاب بدء الوحی والایمان),درجہ ثامنہ,حدیث,اردو درسی شرح,مولانا سلیم اللہ خانؒ,https://archive.org/download/kbari/KASHF_UL_BARI_VOL_01_KITAB_BADAUL_WAHI_AL_IMAN.pdf
1487,کشف الباری فی شرح صحیح البخاری (جلد دوم - کتاب الایمان),درجہ ثامنہ,حدیث,اردو درسی شرح,مولانا سلیم اللہ خانؒ,https://archive.org/download/kbari/KASHF_UL_BARI_VOL_02_KITAB_AL_IMAN.pdf
1488,کشف الباری فی شرح صحیح البخاری (جلد سوم - کتاب العلم ۱),درجہ ثامنہ,حدیث,اردو درسی شرح,مولانا سلیم اللہ خانؒ,https://archive.org/download/kbari/KASHF_UL_BARI_VOL_03_KITAB_UL_ILAM.pdf
1489,کشف الباری فی شرح صحیح البخاری (جلد چہارم - کتاب العلم ۲),درجہ ثامنہ,حدیث,اردو درسی شرح,مولانا سلیم اللہ خانؒ,https://archive.org/download/kbari/KASHF_UL_BARI_VOL_04_KITAB_UL_ILAM.pdf
1490,کشف الباری فی شرح صحیح البخاری (جلد پنجم - کتاب الوضوء ۱),درجہ ثامنہ,حدیث,اردو درسی شرح,مولانا سلیم اللہ خانؒ,https://archive.org/download/kbari/KASHF_UL_BARI_VOL_05_KITAB_WUDHU_1.pdf
1491,کشف الباری فی شرح صحیح البخاری (کتاب الغسل),درجہ ثامنہ,حدیث,اردو درسی شرح,مولانا سلیم اللہ خانؒ,https://archive.org/download/kbari/KASHF_UL_BARI_KITAB_AL_GHUSAL.pdf
1492,کشف الباری فی شرح صحیح البخاری (کتاب الحیض),درجہ ثامنہ,حدیث,اردو درسی شرح,مولانا سلیم اللہ خانؒ,https://archive.org/download/kbari/KASHF_UL_BARI_KITAB_AL_HAIDH.pdf
1493,کشف الباری فی شرح صحیح البخاری (کتاب التیمم),درجہ ثامنہ,حدیث,اردو درسی شرح,مولانا سلیم اللہ خانؒ,https://archive.org/download/kbari/KASHF_UL_BARI_KITAB_AL_TAYAMMUM.pdf
1494,کشف الباری فی شرح صحیح البخاری (کتاب الصلاۃ - جلد اول),درجہ ثامنہ,حدیث,اردو درسی شرح,مولانا سلیم اللہ خانؒ,https://archive.org/download/kbari/KASHF_UL_BARI_KITAB_AL_SALAH_VOL_01.pdf
1495,کشف الباری فی شرح صحیح البخاری (کتاب الصلاۃ - جلد دوم),درجہ ثامنہ,حدیث,اردو درسی شرح,مولانا سلیم اللہ خانؒ,https://archive.org/download/kbari/KASHF_UL_BARI_KITAB_AL_SALAH_VOL_02.pdf
1496,کشف الباری فی شرح صحیح البخاری (کتاب البیوع),درجہ ثامنہ,حدیث,اردو درسی شرح,مولانا سلیم اللہ خانؒ,https://archive.org/download/kbari/KASHF_UL_BARI_KITAB_AL_BUYOO.pdf
1497,کشف الباری فی شرح صحیح البخاری (کتاب الجہاد والسیر - جلد اول),درجہ ثامنہ,حدیث,اردو درسی شرح,مولانا سلیم اللہ خانؒ,https://archive.org/download/kbari/KASHF_UL_BARI_KITAB_AL_JIHAD_VOL_01.pdf
1498,کشف الباری فی شرح صحیح البخاری (کتاب الجہاد والسیر - جلد دوم),درجہ ثامنہ,حدیث,اردو درسی شرح,مولانا سلیم اللہ خانؒ,https://archive.org/download/kbari/KASHF_UL_BARI_KITAB_AL_JIHAD_VOL_02.pdf
1499,کشف الباری فی شرح صحیح البخاری (کتاب الجہاد والسیر - جلد سوم),درجہ ثامنہ,حدیث,اردو درسی شرح,مولانا سلیم اللہ خانؒ,https://archive.org/download/kbari/KASHF_UL_BARI_KITAB_AL_JIHAD_VOL_03.pdf
1500,کشف الباری فی شرح صحیح البخاری (کتاب بدء الخلق),درجہ ثامنہ,حدیث,اردو درسی شرح,مولانا سلیم اللہ خانؒ,https://archive.org/download/kbari/KASHF_UL_BARI_KITAB_BADUL_KHALQ.pdf
1501,کشف الباری فی شرح صحیح البخاری (کتاب مناقب الصحابة),درجہ ثامنہ,حدیث,اردو درسی شرح,مولانا سلیم اللہ خانؒ,https://archive.org/download/kbari/KASHF_UL_BARI_FAZAIL_AL_SAHABAH.pdf
1502,کشف الباری فی شرح صحیح البخاری (کتاب المغازی),درجہ ثامنہ,حدیث,اردو درسی شرح,مولانا سلیم اللہ خانؒ,https://archive.org/download/kbari/KASHF_UL_BARI_KITAB_UL_MAGHAZI.pdf
1503,کشف الباری فی شرح صحیح البخاری (کتاب التفسیر),درجہ ثامنہ,حدیث,اردو درسی شرح,مولانا سلیم اللہ خانؒ,https://archive.org/download/kbari/KASHF_UL_BARI_KITAB_AL_TAFSEER.pdf
1504,کشف الباری فی شرح صحیح البخاری (فضائل القرآن، النکاح والطلاق),درجہ ثامنہ,حدیث,اردو درسی شرح,مولانا سلیم اللہ خانؒ,https://archive.org/download/kbari/KASHF_UL_BARI_FAZAIL_E_QURAN_AL_NIKAH_AL_TALAAQ.pdf
1505,کشف الباری فی شرح صحیح البخاری (النفقات، الاطعمہ، العقیقہ، الذبائح والصید),درجہ ثامنہ,حدیث,اردو درسی شرح,مولانا سلیم اللہ خانؒ,https://archive.org/download/kbari/KASHF_UL_BARI_KITAB_AL_NAFAQAAT_AL_ATEMAH_AL_AQEEQAH_AL_ZABAIH_AL_SAID_AL_AZAHI_AL_ASHRIBA_AL_MARZA_AL_TIB.pdf
1506,کشف الباری فی شرح صحیح البخاری (الطب، اللباس والادب),درجہ ثامنہ,حدیث,اردو درسی شرح,مولانا سلیم اللہ خانؒ,https://archive.org/download/kbari/KASHF_UL_BARI_KITAB_AL_TIB_AL_LIBAS_AL_ADAB.pdf
1507,کشف الباری فی شرح صحیح البخاری (الاستئذان، الدعوات والرقاق),درجہ ثامنہ,حدیث,اردو درسی شرح,مولانا سلیم اللہ خانؒ,https://archive.org/download/kbari/KASHF_UL_BARI_KITAB_UL_ISTEEZAN_DAWAAT_RIQAQ.pdf
1508,تشریحاتِ بخاری اردو ترجمہ و شرح صحیح البخاری (جلد اول),درجہ ثامنہ,حدیث,اردو ترجمہ و تشریح,مولانا مفتی جمیل احمد سکروڈھویؒ,https://archive.org/download/DarsENizamiDoraEHadees8thYear/TashrihaatEBukhariUrduTarjamaAlSahihUlBukhariVol1.pdf
1509,تشریحاتِ بخاری اردو ترجمہ و شرح صحیح البخاری (جلد دوم),درجہ ثامنہ,حدیث,اردو ترجمہ و تشریح,مولانا مفتی جمیل احمد سکروڈھویؒ,https://archive.org/download/DarsENizamiDoraEHadees8thYear/TashrihaatEBukhariUrduTarjamaAlSahihUlBukhariVol2.pdf
1510,تشریحاتِ بخاری اردو ترجمہ و شرح صحیح البخاری (جلد سوم),درجہ ثامنہ,حدیث,اردو ترجمہ و تشریح,مولانا مفتی جمیل احمد سکروڈھویؒ,https://archive.org/download/DarsENizamiDoraEHadees8thYear/TashrihaatEBukhariUrduTarjamaAlSahihUlBukhariVol3.pdf
1511,تشریحاتِ بخاری اردو ترجمہ و شرح صحیح البخاری (جلد چہارم),درجہ ثامنہ,حدیث,اردو ترجمہ و تشریح,مولانا مفتی جمیل احمد سکروڈھویؒ,https://archive.org/download/DarsENizamiDoraEHadees8thYear/TashrihaatEBukhariUrduTarjamaAlSahihUlBukhariVol4.pdf
1512,تشریحاتِ بخاری اردو ترجمہ و شرح صحیح البخاری (جلد پنجم),درجہ ثامنہ,حدیث,اردو ترجمہ و تشریح,مولانا مفتی جمیل احمد سکروڈھویؒ,https://archive.org/download/DarsENizamiDoraEHadees8thYear/TashrihaatEBukhariUrduTarjamaAlSahihUlBukhariVol5.pdf
1513,تشریحاتِ بخاری اردو ترجمہ و شرح صحیح البخاری (جلد ششم),درجہ ثامنہ,حدیث,اردو ترجمہ و تشریح,مولانا مفتی جمیل احمد سکروڈھویؒ,https://archive.org/download/DarsENizamiDoraEHadees8thYear/TashrihaatEBukhariUrduTarjamaAlSahihUlBukhariVol6.pdf
1514,تشریحاتِ بخاری اردو ترجمہ و شرح صحیح البخاری (جلد ہفتم),درجہ ثامنہ,حدیث,اردو ترجمہ و تشریح,مولانا مفتی جمیل احمد سکروڈھویؒ,https://archive.org/download/DarsENizamiDoraEHadees8thYear/TashrihaatEBukhariUrduTarjamaAlSahihUlBukhariVol7.pdf
1515,نصر الباری اردو شرح صحیح البخاری (جلد اول),درجہ ثامنہ,حدیث,اردو شرح,مولانا محمد عثمان عثمانیؒ,https://archive.org/download/DarsENizamiDoraEHadees8thYear/NasrUlBariUrduSharhAlSahihUlBukhariVol1.pdf
1516,نصر الباری اردو شرح صحیح البخاری (جلد دوم),درجہ ثامنہ,حدیث,اردو شرح,مولانا محمد عثمان عثمانیؒ,https://archive.org/download/DarsENizamiDoraEHadees8thYear/NasrUlBariUrduSharhAlSahihUlBukhariVol2.pdf
1517,نصر الباری اردو شرح صحیح البخاری (جلد سوم),درجہ ثامنہ,حدیث,اردو شرح,مولانا محمد عثمان عثمانیؒ,https://archive.org/download/DarsENizamiDoraEHadees8thYear/NasrUlBariUrduSharhAlSahihUlBukhariVol3.pdf
1518,نصر الباری اردو شرح صحیح البخاری (جلد چہارم),درجہ ثامنہ,حدیث,اردو شرح,مولانا محمد عثمان عثمانیؒ,https://archive.org/download/DarsENizamiDoraEHadees8thYear/NasrUlBariUrduSharhAlSahihUlBukhariVol4.pdf
1519,نصر الباری اردو شرح صحیح البخاری (جلد پنجم),درجہ ثامنہ,حدیث,اردو شرح,مولانا محمد عثمان عثمانیؒ,https://archive.org/download/DarsENizamiDoraEHadees8thYear/NasrUlBariUrduSharhAlSahihUlBukhariVol5.pdf
1520,نصر الباری اردو شرح صحیح البخاری (جلد ششم),درجہ ثامنہ,حدیث,اردو شرح,مولانا محمد عثمان عثمانیؒ,https://archive.org/download/DarsENizamiDoraEHadees8thYear/NasrUlBariUrduSharhAlSahihUlBukhariVol6.pdf
1521,نصر الباری اردو شرح صحیح البخاری (جلد ہفتم),درجہ ثامنہ,حدیث,اردو شرح,مولانا محمد عثمان عثمانیؒ,https://archive.org/download/DarsENizamiDoraEHadees8thYear/NasrUlBariUrduSharhAlSahihUlBukhariVol7.pdf
1522,نصر الباری اردو شرح صحیح البخاری (جلد ہشتم),درجہ ثامنہ,حدیث,اردو شرح,مولانا محمد عثمان عثمانیؒ,https://archive.org/download/DarsENizamiDoraEHadees8thYear/NasrUlBariUrduSharhAlSahihUlBukhariVol8.pdf
1523,نصر الباری اردو شرح صحیح البخاری (جلد نہم),درجہ ثامنہ,حدیث,اردو شرح,مولانا محمد عثمان عثمانیؒ,https://archive.org/download/DarsENizamiDoraEHadees8thYear/NasrUlBariUrduSharhAlSahihUlBukhariVol9.pdf
1524,نصر الباری اردو شرح صحیح البخاری (جلد دہم),درجہ ثامنہ,حدیث,اردو شرح,مولانا محمد عثمان عثمانیؒ,https://archive.org/download/DarsENizamiDoraEHadees8thYear/NasrUlBariUrduSharhAlSahihUlBukhariVol10.pdf
1525,نصر الباری اردو شرح صحیح البخاری (جلد یازدہم),درجہ ثامنہ,حدیث,اردو شرح,مولانا محمد عثمان عثمانیؒ,https://archive.org/download/DarsENizamiDoraEHadees8thYear/NasrUlBariUrduSharhAlSahihUlBukhariVol11.pdf
1526,نصر الباری اردو شرح صحیح البخاری (جلد دوازدہم),درجہ ثامنہ,حدیث,اردو شرح,مولانا محمد عثمان عثمانیؒ,https://archive.org/download/DarsENizamiDoraEHadees8thYear/NasrUlBariUrduSharhAlSahihUlBukhariVol12.pdf
1527,نصر الباری اردو شرح صحیح البخاری (جلد سیزدہم),درجہ ثامنہ,حدیث,اردو شرح,مولانا محمد عثمان عثمانیؒ,https://archive.org/download/DarsENizamiDoraEHadees8thYear/NasrUlBariUrduSharhAlSahihUlBukhariVol13.pdf
1528,انعام الباری دروسِ صحیح البخاری (جلد اول),درجہ ثامنہ,حدیث,اردو دروس و افادات,مولانا مفتی محمد تقی عثمانی مدظلہم,https://archive.org/download/DarsENizamiDoraEHadees8thYear03/INAM_UL_BARI_VOL_01.pdf
1529,انعام الباری دروسِ صحیح البخاری (جلد دوم),درجہ ثامنہ,حدیث,اردو دروس و افادات,مولانا مفتی محمد تقی عثمانی مدظلہم,https://archive.org/download/DarsENizamiDoraEHadees8thYear03/INAM_UL_BARI_VOL_02.pdf
1530,انعام الباری دروسِ صحیح البخاری (جلد سوم),درجہ ثامنہ,حدیث,اردو دروس و افادات,مولانا مفتی محمد تقی عثمانی مدظلہم,https://archive.org/download/DarsENizamiDoraEHadees8thYear03/INAM_UL_BARI_VOL_03.pdf
1531,انعام الباری دروسِ صحیح البخاری (جلد چہارم),درجہ ثامنہ,حدیث,اردو دروس و افادات,مولانا مفتی محمد تقی عثمانی مدظلہم,https://archive.org/download/DarsENizamiDoraEHadees8thYear03/INAM_UL_BARI_VOL_04.pdf
1532,انعام الباری دروسِ صحیح البخاری (جلد پنجم),درجہ ثامنہ,حدیث,اردو دروس و افادات,مولانا مفتی محمد تقی عثمانی مدظلہم,https://archive.org/download/DarsENizamiDoraEHadees8thYear03/INAM_UL_BARI_VOL_05.pdf
1533,انعام الباری دروسِ صحیح البخاری (جلد ششم),درجہ ثامنہ,حدیث,اردو دروس و افادات,مولانا مفتی محمد تقی عثمانی مدظلہم,https://archive.org/download/DarsENizamiDoraEHadees8thYear03/INAM_UL_BARI_VOL_06.pdf
1534,انعام الباری دروسِ صحیح البخاری (جلد ہفتم),درجہ ثامنہ,حدیث,اردو دروس و افادات,مولانا مفتی محمد تقی عثمانی مدظلہم,https://archive.org/download/DarsENizamiDoraEHadees8thYear03/INAM_UL_BARI_VOL_07.pdf
1535,انعام الباری دروسِ صحیح البخاری (جلد ہشتم),درجہ ثامنہ,حدیث,اردو دروس و افادات,مولانا مفتی محمد تقی عثمانی مدظلہم,https://archive.org/download/DarsENizamiDoraEHadees8thYear03/INAM_UL_BARI_VOL_08.pdf
1536,انعام الباری دروسِ صحیح البخاری (جلد نہم),درجہ ثامنہ,حدیث,اردو دروس و افادات,مولانا مفتی محمد تقی عثمانی مدظلہم,https://archive.org/download/DarsENizamiDoraEHadees8thYear03/INAM_UL_BARI_VOL_09.pdf
1537,انعام الباری دروسِ صحیح البخاری (جلد دہم),درجہ ثامنہ,حدیث,اردو دروس و افادات,مولانا مفتی محمد تقی عثمانی مدظلہم,https://archive.org/download/DarsENizamiDoraEHadees8thYear03/INAM_UL_BARI_VOL_10.pdf
1538,انعام الباری دروسِ صحیح البخاری (جلد یازدہم),درجہ ثامنہ,حدیث,اردو دروس و افادات,مولانا مفتی محمد تقی عثمانی مدظلہم,https://archive.org/download/DarsENizamiDoraEHadees8thYear03/INAM_UL_BARI_VOL_11.pdf
1539,انعام الباری دروسِ صحیح البخاری (جلد دوازدہم),درجہ ثامنہ,حدیث,اردو دروس و افادات,مولانا مفتی محمد تقی عثمانی مدظلہم,https://archive.org/download/DarsENizamiDoraEHadees8thYear03/INAM_UL_BARI_VOL_12.pdf
1540,انوار الباری اردو شرح صحیح البخاری (جلد اول و دوم),درجہ ثامنہ,حدیث,اردو شرح,مولانا سید احمد رضا بجنوریؒ,https://archive.org/download/AnwaarUlBari-19Volumes-ByShaykhSyedAhmadRazaBijnori/ANWAAR_UL_BARI_VOL_01_02.pdf
1541,انوار الباری اردو شرح صحیح البخاری (جلد سوم و چہارم),درجہ ثامنہ,حدیث,اردو شرح,مولانا سید احمد رضا بجنوریؒ,https://archive.org/download/AnwaarUlBari-19Volumes-ByShaykhSyedAhmadRazaBijnori/ANWAAR_UL_BARI_VOL_03_04.pdf
1542,انوار الباری اردو شرح صحیح البخاری (جلد پنجم تا ہفتم),درجہ ثامنہ,حدیث,اردو شرح,مولانا سید احمد رضا بجنوریؒ,https://archive.org/download/AnwaarUlBari-19Volumes-ByShaykhSyedAhmadRazaBijnori/ANWAAR_UL_BARI_VOL_05_06_07.pdf
1543,انوار الباری اردو شرح صحیح البخاری (جلد ہشتم تا دہم),درجہ ثامنہ,حدیث,اردو شرح,مولانا سید احمد رضا بجنوریؒ,https://archive.org/download/AnwaarUlBari-19Volumes-ByShaykhSyedAhmadRazaBijnori/ANWAAR_UL_BARI_VOL_08_09_10.pdf
1544,انوار الباری اردو شرح صحیح البخاری (جلد یازدہم تا سیزدہم),درجہ ثامنہ,حدیث,اردو شرح,مولانا سید احمد رضا بجنوریؒ,https://archive.org/download/AnwaarUlBari-19Volumes-ByShaykhSyedAhmadRazaBijnori/ANWAAR_UL_BARI_VOL_11_12_13.pdf
1545,انوار الباری اردو شرح صحیح البخاری (جلد چہاردہم تا شانزدہم),درجہ ثامنہ,حدیث,اردو شرح,مولانا سید احمد رضا بجنوریؒ,https://archive.org/download/AnwaarUlBari-19Volumes-ByShaykhSyedAhmadRazaBijnori/ANWAAR_UL_BARI_VOL_14_15_16_SYED_AHMED_RAZA_BANJORI.pdf
1546,انوار الباری اردو شرح صحیح البخاری (جلد ہفدہم تا نوزدہم),درجہ ثامنہ,حدیث,اردو شرح,مولانا سید احمد رضا بجنوریؒ,https://archive.org/download/AnwaarUlBari-19Volumes-ByShaykhSyedAhmadRazaBijnori/ANWAAR_UL_BARI_VOL_17_18_19.pdf
1547,تحفۃ القاری اردو شرح صحیح البخاری (جلد اول),درجہ ثامنہ,حدیث,اردو درسی شرح,حضرت مولانا مفتی سعید احمد پالن پوریؒ,https://archive.org/download/DarsENizamiDoraEHadees8thYear/TohfatUlQariUrduSharhSahihUlBukhariVol1.pdf
1548,تحفۃ القاری اردو شرح صحیح البخاری (جلد دوم),درجہ ثامنہ,حدیث,اردو درسی شرح,حضرت مولانا مفتی سعید احمد پالن پوریؒ,https://archive.org/download/DarsENizamiDoraEHadees8thYear/TohfatUlQariUrduSharhSahihUlBukhariVol2.pdf
1549,تحفۃ القاری اردو شرح صحیح البخاری (جلد سوم),درجہ ثامنہ,حدیث,اردو درسی شرح,حضرت مولانا مفتی سعید احمد پالن پوریؒ,https://archive.org/download/DarsENizamiDoraEHadees8thYear/TohfatUlQariUrduSharhSahihUlBukhariVol3.pdf
1550,تحفۃ القاری اردو شرح صحیح البخاری (جلد چہارم),درجہ ثامنہ,حدیث,اردو درسی شرح,حضرت مولانا مفتی سعید احمد پالن پوریؒ,https://archive.org/download/DarsENizamiDoraEHadees8thYear/TohfatUlQariUrduSharhSahihUlBukhariVol4.pdf
1551,تحفۃ القاری اردو شرح صحیح البخاری (جلد پنجم),درجہ ثامنہ,حدیث,اردو درسی شرح,حضرت مولانا مفتی سعید احمد پالن پوریؒ,https://archive.org/download/sharah-bukhari-urdu/Sharah%20bukhari%20jild%205.pdf
1552,تحفۃ القاری اردو شرح صحیح البخاری (جلد ششم),درجہ ثامنہ,حدیث,اردو درسی شرح,حضرت مولانا مفتی سعید احمد پالن پوریؒ,https://archive.org/download/sharah-bukhari-urdu/Sharah%20bukhari%20jild%206.pdf
1553,تحفۃ القاری اردو شرح صحیح البخاری (جلد ہفتم),درجہ ثامنہ,حدیث,اردو درسی شرح,حضرت مولانا مفتی سعید احمد پالن پوریؒ,https://archive.org/download/sharah-bukhari-urdu/Sharah%20bukhari%20jild%207.pdf
1554,تحفۃ القاری اردو شرح صحیح البخاری (جلد ہشتم),درجہ ثامنہ,حدیث,اردو درسی شرح,حضرت مولانا مفتی سعید احمد پالن پوریؒ,https://archive.org/download/sharah-bukhari-urdu/Sharah%20bukhari%20jild%208.pdf
1555,تحفۃ القاری اردو شرح صحیح البخاری (جلد نہم),درجہ ثامنہ,حدیث,اردو درسی شرح,حضرت مولانا مفتی سعید احمد پالن پوریؒ,https://archive.org/download/sharah-bukhari-urdu/Sharah%20bukhari%20jild%209.pdf
1556,تحفۃ القاری اردو شرح صحیح البخاری (جلد دہم),درجہ ثامنہ,حدیث,اردو درسی شرح,حضرت مولانا مفتی سعید احمد پالن پوریؒ,https://archive.org/download/sharah-bukhari-urdu/Sharah%20bukhari%20jild%2010.pdf
1557,تحفۃ القاری اردو شرح صحیح البخاری (جلد یازدہم (۱۱)),درجہ ثامنہ,حدیث,اردو درسی شرح,حضرت مولانا مفتی سعید احمد پالن پوریؒ,https://archive.org/download/sharah-bukhari-urdu/Sharah%20bukhari%20jild%2011.pdf
1558,تحفۃ القاری اردو شرح صحیح البخاری (جلد دوازدہم (۱۲)),درجہ ثامنہ,حدیث,اردو درسی شرح,حضرت مولانا مفتی سعید احمد پالن پوریؒ,https://archive.org/download/sharah-bukhari-urdu/Sharah%20bukhari%20jild%2012.pdf
1559,حسن الباری اردو تقریر صحیح البخاری,درجہ ثامنہ,حدیث,اردو تقریر,مولانا حسن جان مدنی شہیدؒ,https://archive.org/download/DarsENizamiDoraeHadees8thYear01/HUSNUL_BARI_URDU_TAQRIR_E_BUKHARI.pdf
1560,ایضاح البخاری اردو شرح صحیح البخاری (جلد اول),درجہ ثامنہ,حدیث,اردو شرح,مولانا فخر الدین احمد مراد آبادیؒ,https://archive.org/download/DarsENizamiDoraEHadees8thYear/EzahUlBukhariUrduSharhAlSahihUlBukhariVol1.pdf
1561,ایضاح البخاری اردو شرح صحیح البخاری (جلد دوم),درجہ ثامنہ,حدیث,اردو شرح,مولانا فخر الدین احمد مراد آبادیؒ,https://archive.org/download/DarsENizamiDoraEHadees8thYear/EzahUlBukhariUrduSharhAlSahihUlBukhariVol2.pdf
1562,ایضاح البخاری اردو شرح صحیح البخاری (جلد سوم),درجہ ثامنہ,حدیث,اردو شرح,مولانا فخر الدین احمد مراد آبادیؒ,https://archive.org/download/DarsENizamiDoraEHadees8thYear/EzahUlBukhariUrduSharhAlSahihUlBukhariVol3.pdf
1563,تیسیر الباری اردو ترجمہ و تفہیم صحیح البخاری (جلد اول),درجہ ثامنہ,حدیث,اردو ترجمہ و فوائد,مولانا وحید الزمانؒ,https://archive.org/download/DarsENizamiDoraEHadees8thYear/TaiseerUlBariUrduTarjamaAlSahihUlBukhariVol1.pdf
1564,تیسیر الباری اردو ترجمہ و تفہیم صحیح البخاری (جلد دوم),درجہ ثامنہ,حدیث,اردو ترجمہ و فوائد,مولانا وحید الزمانؒ,https://archive.org/download/DarsENizamiDoraEHadees8thYear/TaiseerUlBariUrduTarjamaAlSahihUlBukhariVol2.pdf
1565,تیسیر الباری اردو ترجمہ و تفہیم صحیح البخاری (جلد سوم),درجہ ثامنہ,حدیث,اردو ترجمہ و فوائد,مولانا وحید الزمانؒ,https://archive.org/download/DarsENizamiDoraEHadees8thYear/TaiseerUlBariUrduTarjamaAlSahihUlBukhariVol3.pdf
1566,تیسیر الباری اردو ترجمہ و تفہیم صحیح البخاری (جلد چہارم),درجہ ثامنہ,حدیث,اردو ترجمہ و فوائد,مولانا وحید الزمانؒ,https://archive.org/download/DarsENizamiDoraEHadees8thYear/TaiseerUlBariUrduTarjamaAlSahihUlBukhariVol4.pdf
1567,تیسیر الباری اردو ترجمہ و تفہیم صحیح البخاری (جلد پنجم),درجہ ثامنہ,حدیث,اردو ترجمہ و فوائد,مولانا وحید الزمانؒ,https://archive.org/download/DarsENizamiDoraEHadees8thYear/TaiseerUlBariUrduTarjamaAlSahihUlBukhariVol5.pdf
1568,تیسیر الباری اردو ترجمہ و تفہیم صحیح البخاری (جلد ششم),درجہ ثامنہ,حدیث,اردو ترجمہ و فوائد,مولانا وحید الزمانؒ,https://archive.org/download/DarsENizamiDoraEHadees8thYear/TaiseerUlBariUrduTarjamaAlSahihUlBukhariVol6.pdf
1569,تفہیم البخاری اردو شرح صحیح البخاری (جلد اول),درجہ ثامنہ,حدیث,اردو شرح,مولانا غلام رسول رضویؒ,https://archive.org/download/DarsENizamiDoraEHadees8thYear/TafheemUlBukhariUrduSharhAlSahihUlBukhariVol1.pdf
1570,تفہیم البخاری اردو شرح صحیح البخاری (جلد دوم),درجہ ثامنہ,حدیث,اردو شرح,مولانا غلام رسول رضویؒ,https://archive.org/download/DarsENizamiDoraEHadees8thYear/TafheemUlBukhariUrduSharhAlSahihUlBukhariVol2.pdf
1571,تفہیم البخاری اردو شرح صحیح البخاری (جلد سوم),درجہ ثامنہ,حدیث,اردو شرح,مولانا غلام رسول رضویؒ,https://archive.org/download/DarsENizamiDoraEHadees8thYear/TafheemUlBukhariUrduSharhAlSahihUlBukhariVol3.pdf
1572,تبشیر الناس فی شرح ثلاثیات البخاری,درجہ ثامنہ,حدیث,ثلاثیات الحدیث,مولانا مفتی عبد الرؤف سکھرویؒ,https://archive.org/download/DarsENizamiDoraEHadees8thYear/Tabsheer_Un_Naas.pdf
1573,ثمین الدراری اردو شرح مقدمہ صحیح البخاری,درجہ ثامنہ,حدیث,اردو شرح مقدمہ,مولانا مفتی عبد الرؤف سکھرویؒ,https://archive.org/download/DarsENizamiDoraEHadees8thYear/SaminUdDarariUrduSharhMuqaddimaBukhari.pdf
1574,التقریر الجلیل فی حل مشکلات بخاری شریف,درجہ ثامنہ,حدیث,اردو تقریر,مولانا مفتی عبد الرؤف سکھرویؒ,https://archive.org/download/DarsENizamiDoraeHadees8thYear01/AL_TAQRIR_UL_JALIL_BUKHARI_SHARIF.pdf
1575,اکرام الباری فی حل صحیح البخاری,درجہ ثامنہ,حدیث,اردو شرح,مولانا اکرام الحق قاسمیؒ,https://archive.org/download/DarsENizamiDoraeHadees8thYear01/IKRAM_UL_BARI.pdf
1576,انعام الباری اردو شرح اشعار صحیح البخاری,درجہ ثامنہ,حدیث,اشعار الحدیث,مولانا مفتی عبد الرؤف سکھرویؒ,https://archive.org/download/DarsENizamiDoraeHadees8thYear01/INAMUL_BARI_URDU_SHARH_ASHAAR_UL_BUKHARI.pdf
1577,آسان ترجمہ صحیح البخاری (جلد اول),درجہ ثامنہ,حدیث,آسان اردو ترجمہ,مولانا مفتی محمد تقی عثمانی مدظلہم,https://archive.org/download/DarsENizamiDoraEHadees8thYear03/ASAN_TARJAMA_SAHIH_BUKHARI_VOL_01.pdf
1578,آسان ترجمہ صحیح البخاری (جلد دوم),درجہ ثامنہ,حدیث,آسان اردو ترجمہ,مولانا مفتی محمد تقی عثمانی مدظلہم,https://archive.org/download/DarsENizamiDoraEHadees8thYear03/ASAN_TARJAMA_SAHIH_BUKHARI_VOL_02.pdf
1579,عطاء الباری اردو شرح صحیح البخاری للبنات (جلد اول),درجہ ثامنہ,حدیث,درسی شرح للبنات,مولانا عطا الرحمن قاسمیؒ,https://archive.org/download/ata-ul-bari-urdu-sharah-bukhari/%D8%B9%D8%B7%D8%A7%D8%A1%20%D8%A7%D9%84%D8%A8%D8%A7%D8%B1%DB%8C%20%D8%A7%D8%B1%D8%AF%D9%88%20%D8%B4%D8%B1%D8%AD%20%D8%A8%D8%AE%D8%A7%D8%B1%DB%8C.pdf
1580,عطاء الباری اردو شرح صحیح البخاری للبنات (جلد دوم),درجہ ثامنہ,حدیث,درسی شرح للبنات,مولانا مفتی عطا الرحمن قاسمیؒ,https://archive.org/download/ata-ul-bari-urdu-sharah-bukhari/%D8%B9%D8%B7%D8%A7%D8%A1%20%D8%A7%D9%84%D8%A8%D8%A7%D8%B1%DB%8C%20%D8%A7%D8%B1%D8%AF%D9%88%20%D8%B4%D8%B1%D8%AD%20%D8%A8%D8%AE%D8%A7%D8%B1%DB%8C-2.pdf
1581,الخیر الساری اردو شرح صحیح البخاری (جلد اول),درجہ ثامنہ,حدیث,اردو درسی شرح,مولانا مفتی خیر محمد جالندھریؒ,https://archive.org/download/DarsENizamiDoraEHadees8thYear/AlKhairUsSariUrduSharhAlSahihUlBukhariVol1.pdf
1582,الخیر الساری اردو شرح صحیح البخاری (جلد دوم),درجہ ثامنہ,حدیث,اردو درسی شرح,مولانا مفتی خیر محمد جالندھریؒ,https://archive.org/download/DarsENizamiDoraEHadees8thYear/AlKhairUsSariUrduSharhAlSahihUlBukhariVol2.pdf
1583,الخیر الساری اردو شرح صحیح البخاری (جلد سوم),درجہ ثامنہ,حدیث,اردو درسی شرح,مولانا مفتی خیر محمد جالندھریؒ,https://archive.org/download/DarsENizamiDoraEHadees8thYear/AlKhairUsSariUrduSharhAlSahihUlBukhariVol3.pdf
1584,الخیر الساری اردو شرح صحیح البخاری (جلد چہارم),درجہ ثامنہ,حدیث,اردو درسی شرح,مولانا مفتی خیر محمد جالندھریؒ,https://archive.org/download/DarsENizamiDoraEHadees8thYear/AlKhairUsSariUrduSharhAlSahihUlBukhariVol4.pdf
1585,الخیر الساری اردو شرح صحیح البخاری (جلد پنجم),درجہ ثامنہ,حدیث,اردو درسی شرح,مولانا مفتی خیر محمد جالندھریؒ,https://archive.org/download/DarsENizamiDoraEHadees8thYear/AlKhairUsSariUrduSharhAlSahihUlBukhariVol5.pdf
1586,لامع الدراری علی جامع البخاری (جلد اول),درجہ ثامنہ,حدیث,عربی شرح و افادات,مولانا رشید احمد گنگوہیؒ / مولانا زکریا کاندھلویؒ,https://archive.org/download/DarsENizamiDoraeHadees8thYear01/LAME_AL_DARARI_VOL_01.pdf
1587,لامع الدراری علی جامع البخاری (جلد دوم),درجہ ثامنہ,حدیث,عربی شرح و افادات,مولانا رشید احمد گنگوہیؒ / مولانا زکریا کاندھلویؒ,https://archive.org/download/DarsENizamiDoraeHadees8thYear01/LAME_AL_DARARI_VOL_02.pdf
1588,لامع الدراری علی جامع البخاری (جلد سوم),درجہ ثامنہ,حدیث,عربی شرح و افادات,مولانا رشید احمد گنگوہیؒ / مولانا زکریا کاندھلویؒ,https://archive.org/download/DarsENizamiDoraeHadees8thYear01/LAME_AL_DARARI_VOL_03.pdf
1589,لامع الدراری علی جامع البخاری (جلد چہارم),درجہ ثامنہ,حدیث,عربی شرح و افادات,مولانا رشید احمد گنگوہیؒ / مولانا زکریا کاندھلویؒ,https://archive.org/download/DarsENizamiDoraeHadees8thYear01/LAME_AL_DARARI_VOL_04.pdf
1590,لامع الدراری علی جامع البخاری (جلد پنجم),درجہ ثامنہ,حدیث,عربی شرح و افادات,مولانا رشید احمد گنگوہیؒ / مولانا زکریا کاندھلویؒ,https://archive.org/download/DarsENizamiDoraeHadees8thYear01/LAME_AL_DARARI_VOL_05.pdf
1591,لامع الدراری علی جامع البخاری (جلد ششم),درجہ ثامنہ,حدیث,عربی شرح و افادات,مولانا رشید احمد گنگوہیؒ / مولانا زکریا کاندھلویؒ,https://archive.org/download/DarsENizamiDoraeHadees8thYear01/LAME_AL_DARARI_VOL_06.pdf
1592,لامع الدراری علی جامع البخاری (جلد ہفتم),درجہ ثامنہ,حدیث,عربی شرح و افادات,مولانا رشید احمد گنگوہیؒ / مولانا زکریا کاندھلویؒ,https://archive.org/download/DarsENizamiDoraeHadees8thYear01/LAME_AL_DARARI_VOL_07.pdf
1593,لامع الدراری علی جامع البخاری (جلد ہشتم),درجہ ثامنہ,حدیث,عربی شرح و افادات,مولانا رشید احمد گنگوہیؒ / مولانا زکریا کاندھلویؒ,https://archive.org/download/DarsENizamiDoraeHadees8thYear01/LAME_AL_DARARI_VOL_08.pdf
1594,لامع الدراری علی جامع البخاری (جلد نہم),درجہ ثامنہ,حدیث,عربی شرح و افادات,مولانا رشید احمد گنگوہیؒ / مولانا زکریا کاندھلویؒ,https://archive.org/download/DarsENizamiDoraeHadees8thYear01/LAME_AL_DARARI_VOL_09.pdf
1595,لامع الدراری علی جامع البخاری (جلد دہم),درجہ ثامنہ,حدیث,عربی شرح و افادات,مولانا رشید احمد گنگوہیؒ / مولانا زکریا کاندھلویؒ,https://archive.org/download/DarsENizamiDoraeHadees8thYear01/LAME_AL_DARARI_VOL_10.pdf
1596,تحفۃ المنعم شرح صحیح مسلم (جلد اول),درجہ ثامنہ,حدیث,اردو درسی شرح,مولانا فضل محمد یوسف زئی,https://archive.org/download/DarsENizamiDoraEHadees8thYear03/TOHFATUL_MUNIM_SHARH_SAHIH_MUSLIM_01.pdf
1597,تحفۃ المنعم شرح صحیح مسلم (جلد دوم),درجہ ثامنہ,حدیث,اردو درسی شرح,مولانا فضل محمد یوسف زئی,https://archive.org/download/DarsENizamiDoraEHadees8thYear03/TOHFATUL_MUNIM_SHARH_SAHIH_MUSLIM_02.pdf
1598,تحفۃ المنعم شرح صحیح مسلم (جلد سوم),درجہ ثامنہ,حدیث,اردو درسی شرح,مولانا فضل محمد یوسف زئی,https://archive.org/download/DarsENizamiDoraEHadees8thYear03/TOHFATUL_MUNIM_SHARH_SAHIH_MUSLIM_03.pdf
1599,تحفۃ المنعم شرح صحیح مسلم (جلد چہارم),درجہ ثامنہ,حدیث,اردو درسی شرح,مولانا فضل محمد یوسف زئی,https://archive.org/download/DarsENizamiDoraEHadees8thYear03/TOHFATUL_MUNIM_SHARH_SAHIH_MUSLIM_04.pdf
1600,تحفۃ المنعم شرح صحیح مسلم (جلد پنجم),درجہ ثامنہ,حدیث,اردو درسی شرح,مولانا فضل محمد یوسف زئی,https://archive.org/download/DarsENizamiDoraEHadees8thYear03/TOHFATUL_MUNIM_SHARH_SAHIH_MUSLIM_05.pdf
1601,تحفۃ المنعم شرح صحیح مسلم (جلد ششم),درجہ ثامنہ,حدیث,اردو درسی شرح,مولانا فضل محمد یوسف زئی,https://archive.org/download/DarsENizamiDoraEHadees8thYear03/TOHFATUL_MUNIM_SHARH_SAHIH_MUSLIM_06.pdf
1602,تحفۃ المنعم شرح صحیح مسلم (جلد ہفتم),درجہ ثامنہ,حدیث,اردو درسی شرح,مولانا فضل محمد یوسف زئی,https://archive.org/download/DarsENizamiDoraEHadees8thYear03/TOHFATUL_MUNIM_SHARH_SAHIH_MUSLIM_07.pdf
1603,تحفۃ المنعم شرح صحیح مسلم (جلد ہشتم),درجہ ثامنہ,حدیث,اردو درسی شرح,مولانا فضل محمد یوسف زئی,https://archive.org/download/DarsENizamiDoraEHadees8thYear03/TOHFATUL_MUNIM_SHARH_SAHIH_MUSLIM_08.pdf
1604,فتح الملہم بشرح صحیح مسلم (جلد اول),درجہ ثامنہ,حدیث,عربی شرح,علامہ شبیر احمد عثمانیؒ / مولانا مفتی محمد تقی عثمانی مدظلہم,https://archive.org/download/FathUlMulhim./Fath_Ul_Mulhim_Vol_01.pdf
1605,فتح الملہم بشرح صحیح مسلم (جلد دوم),درجہ ثامنہ,حدیث,عربی شرح,علامہ شبیر احمد عثمانیؒ / مولانا مفتی محمد تقی عثمانی مدظلہم,https://archive.org/download/FathUlMulhim./Fath_Ul_Mulhim_Vol_02.pdf
1606,فتح الملہم بشرح صحیح مسلم (جلد سوم),درجہ ثامنہ,حدیث,عربی شرح,علامہ شبیر احمد عثمانیؒ / مولانا مفتی محمد تقی عثمانی مدظلہم,https://archive.org/download/FathUlMulhim./Fath_Ul_Mulhim_Vol_03.pdf
1607,فتح الملہم بشرح صحیح مسلم (جلد چہارم),درجہ ثامنہ,حدیث,عربی شرح,علامہ شبیر احمد عثمانیؒ / مولانا مفتی محمد تقی عثمانی مدظلہم,https://archive.org/download/FathUlMulhim./Fath_Ul_Mulhim_Vol_04.pdf
1608,فتح الملہم بشرح صحیح مسلم (جلد پنجم),درجہ ثامنہ,حدیث,عربی شرح,علامہ شبیر احمد عثمانیؒ / مولانا مفتی محمد تقی عثمانی مدظلہم,https://archive.org/download/FathUlMulhim./Fath_Ul_Mulhim_Vol_05.pdf
1609,فتح الملہم بشرح صحیح مسلم (جلد ششم),درجہ ثامنہ,حدیث,عربی شرح,علامہ شبیر احمد عثمانیؒ / مولانا مفتی محمد تقی عثمانی مدظلہم,https://archive.org/download/FathUlMulhim./Fath_Ul_Mulhim_Vol_06.pdf
1610,فتح الملہم بشرح صحیح مسلم (جلد ہفتم),درجہ ثامنہ,حدیث,عربی شرح,علامہ شبیر احمد عثمانیؒ / مولانا مفتی محمد تقی عثمانی مدظلہم,https://archive.org/download/FathUlMulhim./Fath_Ul_Mulhim_Vol_07.pdf
1611,فتح الملہم بشرح صحیح مسلم (جلد ہشتم),درجہ ثامنہ,حدیث,عربی شرح,علامہ شبیر احمد عثمانیؒ / مولانا مفتی محمد تقی عثمانی مدظلہم,https://archive.org/download/FathUlMulhim./Fath_Ul_Mulhim_Vol_08.pdf
1612,فتح الملہم بشرح صحیح مسلم (جلد نہم),درجہ ثامنہ,حدیث,عربی شرح,علامہ شبیر احمد عثمانیؒ / مولانا مفتی محمد تقی عثمانی مدظلہم,https://archive.org/download/FathUlMulhim./Fath_Ul_Mulhim_Vol_09.pdf
1613,فتح الملہم بشرح صحیح مسلم (جلد دہم),درجہ ثامنہ,حدیث,عربی شرح,علامہ شبیر احمد عثمانیؒ / مولانا مفتی محمد تقی عثمانی مدظلہم,https://archive.org/download/FathUlMulhim./Fath_Ul_Mulhim_Vol_10.pdf
1614,فتح الملہم بشرح صحیح مسلم (جلد یازدہم),درجہ ثامنہ,حدیث,عربی شرح,علامہ شبیر احمد عثمانیؒ / مولانا مفتی محمد تقی عثمانی مدظلہم,https://archive.org/download/FathUlMulhim./Fath_Ul_Mulhim_Vol_11.pdf
1615,فتح الملہم بشرح صحیح مسلم (جلد دوازدہم),درجہ ثامنہ,حدیث,عربی شرح,علامہ شبیر احمد عثمانیؒ / مولانا مفتی محمد تقی عثمانی مدظلہم,https://archive.org/download/FathUlMulhim./Fath_Ul_Mulhim_Vol_12.pdf
